robustness_seed,scenario_group_id,candidate_id,action_type,simulated_rescue_outcome,hgb_e_score,b1_score
42,SG-00004,SYN-CAND-00004-01,EXTERNAL_PARTNER,1,0.7974384143184933,0.7985865724381626
42,SG-00004,SYN-CAND-00004-02,INTERNAL_REPURPOSE,1,0.8311637109886337,0.8389021479713604
42,SG-00004,SYN-CAND-00004-03,INTERNAL_USE,1,0.6471468965721674,0.7246022031823746
42,SG-00004,SYN-CAND-00004-04,RETURN_TO_SUPPLIER,0,0.8603506428501405,0.8174123337363967
42,SG-00004,SYN-CAND-00004-05,BUNDLE,1,0.8101335019300216,0.8563151796060255
42,SG-00004,SYN-CAND-00004-06,LOCAL_DISCOUNT,1,0.8466497467561503,0.8536866359447005
42,SG-00004,SYN-CAND-00004-07,DONATION,1,0.6929220417459411,0.6914893617021277
42,SG-00019,SYN-CAND-00019-01,WHOLESALE,0,0.8491290868373454,0.7997658079625293
42,SG-00019,SYN-CAND-00019-02,INTERNAL_REPURPOSE,1,0.8958398671086946,0.8389021479713604
42,SG-00023,SYN-CAND-00023-01,INTERNAL_USE,1,0.6824477619257456,0.7246022031823746
42,SG-00023,SYN-CAND-00023-02,PROMOTIONAL_BONUS,1,0.8734510309919225,0.8234597156398105
42,SG-00023,SYN-CAND-00023-03,EXTERNAL_PARTNER,0,0.8424874432104031,0.7985865724381626
42,SG-00023,SYN-CAND-00023-04,BUNDLE,1,0.879928724881212,0.8563151796060255
42,SG-00033,SYN-CAND-00033-01,DONATION,1,0.6572907251617518,0.6914893617021277
42,SG-00033,SYN-CAND-00033-02,RETURN_TO_SUPPLIER,1,0.8701963627646799,0.8174123337363967
42,SG-00033,SYN-CAND-00033-03,INTERNAL_REPURPOSE,1,0.843114854506819,0.8389021479713604
42,SG-00033,SYN-CAND-00033-04,PROMOTIONAL_BONUS,1,0.7674160408072707,0.8234597156398105
42,SG-00033,SYN-CAND-00033-05,EXTERNAL_PARTNER,1,0.8502245176905749,0.7985865724381626
42,SG-00033,SYN-CAND-00033-06,LOCAL_DISCOUNT,1,0.893289763511209,0.8536866359447005
42,SG-00033,SYN-CAND-00033-07,BRANCH_TRANSFER,1,0.7792328939001156,0.8057901085645356
42,SG-00033,SYN-CAND-00033-08,BUNDLE,1,0.8941753371304582,0.8563151796060255
42,SG-00035,SYN-CAND-00035-01,EXTERNAL_PARTNER,1,0.8183946122447073,0.7985865724381626
42,SG-00035,SYN-CAND-00035-02,BRANCH_TRANSFER,0,0.8697947557452748,0.8057901085645356
42,SG-00035,SYN-CAND-00035-03,DONATION,0,0.8574804486169088,0.6914893617021277
42,SG-00035,SYN-CAND-00035-04,RETURN_TO_SUPPLIER,1,0.802078193150096,0.8174123337363967
42,SG-00035,SYN-CAND-00035-05,BUNDLE,1,0.8934886599423949,0.8563151796060255
42,SG-00038,SYN-CAND-00038-01,BRANCH_TRANSFER,1,0.7102506922226529,0.8057901085645356
42,SG-00038,SYN-CAND-00038-02,DONATION,1,0.7881674090117409,0.6914893617021277
42,SG-00038,SYN-CAND-00038-03,PROMOTIONAL_BONUS,0,0.698109906154182,0.8234597156398105
42,SG-00038,SYN-CAND-00038-04,LOCAL_DISCOUNT,1,0.8128489136544943,0.8536866359447005
42,SG-00038,SYN-CAND-00038-05,INTERNAL_USE,0,0.694339317334888,0.7246022031823746
42,SG-00038,SYN-CAND-00038-06,RETURN_TO_SUPPLIER,1,0.8395416936896744,0.8174123337363967
42,SG-00047,SYN-CAND-00047-01,PROMOTIONAL_BONUS,1,0.8848744405455283,0.8234597156398105
42,SG-00047,SYN-CAND-00047-02,LOCAL_DISCOUNT,0,0.6172239205024713,0.8536866359447005
42,SG-00057,SYN-CAND-00057-01,BUNDLE,1,0.8849765959691356,0.8563151796060255
42,SG-00057,SYN-CAND-00057-02,INTERNAL_USE,0,0.6923470678053142,0.7246022031823746
42,SG-00057,SYN-CAND-00057-03,DONATION,1,0.7423820059875679,0.6914893617021277
42,SG-00057,SYN-CAND-00057-04,EXTERNAL_PARTNER,1,0.7292183455696525,0.7985865724381626
42,SG-00057,SYN-CAND-00057-05,LOCAL_DISCOUNT,1,0.7888124341526108,0.8536866359447005
42,SG-00057,SYN-CAND-00057-06,RETURN_TO_SUPPLIER,1,0.7048555195974604,0.8174123337363967
42,SG-00057,SYN-CAND-00057-07,PROMOTIONAL_BONUS,1,0.8967570274432031,0.8234597156398105
42,SG-00057,SYN-CAND-00057-08,WHOLESALE,0,0.7320579499403065,0.7997658079625293
42,SG-00060,SYN-CAND-00060-01,WHOLESALE,1,0.8637916611628107,0.7997658079625293
42,SG-00060,SYN-CAND-00060-02,EXTERNAL_PARTNER,1,0.8720128596690129,0.7985865724381626
42,SG-00060,SYN-CAND-00060-03,PROMOTIONAL_BONUS,0,0.9205286026513306,0.8234597156398105
42,SG-00060,SYN-CAND-00060-04,INTERNAL_REPURPOSE,1,0.8721961013177559,0.8389021479713604
42,SG-00073,SYN-CAND-00073-01,LOCAL_DISCOUNT,1,0.807890329155479,0.8536866359447005
42,SG-00073,SYN-CAND-00073-02,EXTERNAL_PARTNER,1,0.8417957286265687,0.7985865724381626
42,SG-00075,SYN-CAND-00075-01,EXTERNAL_PARTNER,0,0.8821687019458425,0.7985865724381626
42,SG-00075,SYN-CAND-00075-02,RETURN_TO_SUPPLIER,1,0.8665326922487047,0.8174123337363967
42,SG-00075,SYN-CAND-00075-03,INTERNAL_REPURPOSE,1,0.7999023434689997,0.8389021479713604
42,SG-00075,SYN-CAND-00075-04,BUNDLE,1,0.9056019047854423,0.8563151796060255
42,SG-00075,SYN-CAND-00075-05,WHOLESALE,1,0.7925644272278918,0.7997658079625293
42,SG-00075,SYN-CAND-00075-06,INTERNAL_USE,0,0.7286238096983436,0.7246022031823746
42,SG-00075,SYN-CAND-00075-07,LOCAL_DISCOUNT,1,0.827040602336198,0.8536866359447005
42,SG-00075,SYN-CAND-00075-08,DONATION,1,0.7227494650847276,0.6914893617021277
42,SG-00086,SYN-CAND-00086-01,PROMOTIONAL_BONUS,1,0.7529260600345374,0.8234597156398105
42,SG-00086,SYN-CAND-00086-02,INTERNAL_REPURPOSE,1,0.8717398384595977,0.8389021479713604
42,SG-00086,SYN-CAND-00086-03,LOCAL_DISCOUNT,0,0.8688996166802014,0.8536866359447005
42,SG-00086,SYN-CAND-00086-04,INTERNAL_USE,1,0.7902752717644488,0.7246022031823746
42,SG-00086,SYN-CAND-00086-05,BUNDLE,1,0.8581404498636414,0.8563151796060255
42,SG-00086,SYN-CAND-00086-06,BRANCH_TRANSFER,0,0.8345237308937395,0.8057901085645356
42,SG-00093,SYN-CAND-00093-01,DONATION,1,0.5439312611279482,0.6914893617021277
42,SG-00093,SYN-CAND-00093-02,WHOLESALE,1,0.8609188867191586,0.7997658079625293
42,SG-00105,SYN-CAND-00105-01,BUNDLE,1,0.9297757155651806,0.8563151796060255
42,SG-00105,SYN-CAND-00105-02,LOCAL_DISCOUNT,1,0.8839001481816852,0.8536866359447005
42,SG-00105,SYN-CAND-00105-03,BRANCH_TRANSFER,1,0.8330525871071215,0.8057901085645356
42,SG-00115,SYN-CAND-00115-01,INTERNAL_REPURPOSE,1,0.9032116319467278,0.8389021479713604
42,SG-00115,SYN-CAND-00115-02,LOCAL_DISCOUNT,1,0.7591222827970673,0.8536866359447005
42,SG-00115,SYN-CAND-00115-03,BUNDLE,1,0.9102129064904859,0.8563151796060255
42,SG-00115,SYN-CAND-00115-04,RETURN_TO_SUPPLIER,1,0.7909617111441503,0.8174123337363967
42,SG-00115,SYN-CAND-00115-05,WHOLESALE,0,0.615786312597096,0.7997658079625293
42,SG-00115,SYN-CAND-00115-06,INTERNAL_USE,1,0.7496078297753664,0.7246022031823746
42,SG-00115,SYN-CAND-00115-07,DONATION,0,0.7900048715849889,0.6914893617021277
42,SG-00115,SYN-CAND-00115-08,EXTERNAL_PARTNER,0,0.8630715945984809,0.7985865724381626
42,SG-00116,SYN-CAND-00116-01,BRANCH_TRANSFER,1,0.8538779023103417,0.8057901085645356
42,SG-00116,SYN-CAND-00116-02,DONATION,1,0.7871941392039732,0.6914893617021277
42,SG-00116,SYN-CAND-00116-03,PROMOTIONAL_BONUS,1,0.7726832188900212,0.8234597156398105
42,SG-00121,SYN-CAND-00121-01,RETURN_TO_SUPPLIER,0,0.6802451835539257,0.8174123337363967
42,SG-00121,SYN-CAND-00121-02,LOCAL_DISCOUNT,1,0.8047543254787395,0.8536866359447005
42,SG-00121,SYN-CAND-00121-03,BUNDLE,1,0.7675542688438836,0.8563151796060255
42,SG-00121,SYN-CAND-00121-04,EXTERNAL_PARTNER,1,0.6008444909536552,0.7985865724381626
42,SG-00121,SYN-CAND-00121-05,DONATION,1,0.8147066134422447,0.6914893617021277
42,SG-00121,SYN-CAND-00121-06,INTERNAL_REPURPOSE,0,0.7062616880812734,0.8389021479713604
42,SG-00121,SYN-CAND-00121-07,INTERNAL_USE,1,0.6552060886895081,0.7246022031823746
42,SG-00121,SYN-CAND-00121-08,WHOLESALE,1,0.8573816453499996,0.7997658079625293
42,SG-00122,SYN-CAND-00122-01,LOCAL_DISCOUNT,1,0.8841540986229226,0.8536866359447005
42,SG-00122,SYN-CAND-00122-02,BUNDLE,1,0.8519105326014221,0.8563151796060255
42,SG-00122,SYN-CAND-00122-03,DONATION,1,0.5332368681468462,0.6914893617021277
42,SG-00122,SYN-CAND-00122-04,PROMOTIONAL_BONUS,1,0.9154987256990079,0.8234597156398105
42,SG-00122,SYN-CAND-00122-05,EXTERNAL_PARTNER,1,0.8393688055758547,0.7985865724381626
42,SG-00122,SYN-CAND-00122-06,INTERNAL_USE,1,0.801889120580982,0.7246022031823746
42,SG-00122,SYN-CAND-00122-07,BRANCH_TRANSFER,1,0.8317689538434473,0.8057901085645356
42,SG-00122,SYN-CAND-00122-08,WHOLESALE,1,0.8417911324212417,0.7997658079625293
42,SG-00125,SYN-CAND-00125-01,LOCAL_DISCOUNT,1,0.9165220196873874,0.8536866359447005
42,SG-00125,SYN-CAND-00125-02,WHOLESALE,1,0.8476116535781911,0.7997658079625293
42,SG-00125,SYN-CAND-00125-03,RETURN_TO_SUPPLIER,0,0.8243155568895159,0.8174123337363967
42,SG-00125,SYN-CAND-00125-04,BRANCH_TRANSFER,1,0.8276944289565237,0.8057901085645356
42,SG-00125,SYN-CAND-00125-05,BUNDLE,1,0.9239939510689031,0.8563151796060255
42,SG-00138,SYN-CAND-00138-01,INTERNAL_USE,1,0.8311988191588375,0.7246022031823746
42,SG-00138,SYN-CAND-00138-02,WHOLESALE,0,0.7445795579593737,0.7997658079625293
42,SG-00138,SYN-CAND-00138-03,PROMOTIONAL_BONUS,1,0.8685097816504596,0.8234597156398105
42,SG-00154,SYN-CAND-00154-01,WHOLESALE,1,0.7738516939399285,0.7997658079625293
42,SG-00154,SYN-CAND-00154-02,DONATION,1,0.7286304778420842,0.6914893617021277
42,SG-00154,SYN-CAND-00154-03,PROMOTIONAL_BONUS,1,0.7947944073750473,0.8234597156398105
42,SG-00154,SYN-CAND-00154-04,INTERNAL_USE,1,0.8124114942986584,0.7246022031823746
42,SG-00154,SYN-CAND-00154-05,INTERNAL_REPURPOSE,1,0.8379408591044092,0.8389021479713604
42,SG-00154,SYN-CAND-00154-06,BUNDLE,1,0.8451296121283036,0.8563151796060255
42,SG-00154,SYN-CAND-00154-07,LOCAL_DISCOUNT,1,0.8968724871062084,0.8536866359447005
42,SG-00154,SYN-CAND-00154-08,RETURN_TO_SUPPLIER,1,0.8437914940040266,0.8174123337363967
42,SG-00155,SYN-CAND-00155-01,DONATION,1,0.6883361293221187,0.6914893617021277
42,SG-00155,SYN-CAND-00155-02,BRANCH_TRANSFER,1,0.7909493330081357,0.8057901085645356
42,SG-00155,SYN-CAND-00155-03,INTERNAL_REPURPOSE,1,0.8862360074857619,0.8389021479713604
42,SG-00155,SYN-CAND-00155-04,RETURN_TO_SUPPLIER,1,0.7667533883139791,0.8174123337363967
42,SG-00156,SYN-CAND-00156-01,EXTERNAL_PARTNER,1,0.816762948225049,0.7985865724381626
42,SG-00156,SYN-CAND-00156-02,LOCAL_DISCOUNT,1,0.9186411178029241,0.8536866359447005
42,SG-00156,SYN-CAND-00156-03,BRANCH_TRANSFER,1,0.7476335354060952,0.8057901085645356
42,SG-00160,SYN-CAND-00160-01,RETURN_TO_SUPPLIER,1,0.8378580053887512,0.8174123337363967
42,SG-00160,SYN-CAND-00160-02,DONATION,1,0.7041054368164585,0.6914893617021277
42,SG-00160,SYN-CAND-00160-03,LOCAL_DISCOUNT,1,0.8235088844200615,0.8536866359447005
42,SG-00160,SYN-CAND-00160-04,PROMOTIONAL_BONUS,1,0.8155655731853748,0.8234597156398105
42,SG-00160,SYN-CAND-00160-05,INTERNAL_USE,1,0.790602532628086,0.7246022031823746
42,SG-00160,SYN-CAND-00160-06,INTERNAL_REPURPOSE,1,0.8149499270015459,0.8389021479713604
42,SG-00160,SYN-CAND-00160-07,WHOLESALE,1,0.8496143824828242,0.7997658079625293
42,SG-00160,SYN-CAND-00160-08,EXTERNAL_PARTNER,1,0.8757300837848903,0.7985865724381626
42,SG-00164,SYN-CAND-00164-01,PROMOTIONAL_BONUS,1,0.8829308109612548,0.8234597156398105
42,SG-00164,SYN-CAND-00164-02,RETURN_TO_SUPPLIER,1,0.5831511065101633,0.8174123337363967
42,SG-00164,SYN-CAND-00164-03,INTERNAL_REPURPOSE,1,0.9044648053178106,0.8389021479713604
42,SG-00165,SYN-CAND-00165-01,LOCAL_DISCOUNT,1,0.8488713796821332,0.8536866359447005
42,SG-00165,SYN-CAND-00165-02,BUNDLE,1,0.6510364816716224,0.8563151796060255
42,SG-00165,SYN-CAND-00165-03,INTERNAL_USE,0,0.67726093146545,0.7246022031823746
42,SG-00184,SYN-CAND-00184-01,BUNDLE,0,0.8240015984133794,0.8563151796060255
42,SG-00184,SYN-CAND-00184-02,BRANCH_TRANSFER,1,0.6350970545343952,0.8057901085645356
42,SG-00184,SYN-CAND-00184-03,EXTERNAL_PARTNER,0,0.5238017249910795,0.7985865724381626
42,SG-00184,SYN-CAND-00184-04,INTERNAL_REPURPOSE,1,0.8520670979003194,0.8389021479713604
42,SG-00184,SYN-CAND-00184-05,DONATION,1,0.7751441647350266,0.6914893617021277
42,SG-00184,SYN-CAND-00184-06,LOCAL_DISCOUNT,1,0.9175789693498073,0.8536866359447005
42,SG-00184,SYN-CAND-00184-07,RETURN_TO_SUPPLIER,1,0.8328886389580742,0.8174123337363967
42,SG-00184,SYN-CAND-00184-08,WHOLESALE,1,0.6321637992252155,0.7997658079625293
42,SG-00189,SYN-CAND-00189-01,WHOLESALE,1,0.8619663704852268,0.7997658079625293
42,SG-00189,SYN-CAND-00189-02,INTERNAL_REPURPOSE,1,0.8545893782807578,0.8389021479713604
42,SG-00189,SYN-CAND-00189-03,EXTERNAL_PARTNER,1,0.9288439754982265,0.7985865724381626
42,SG-00189,SYN-CAND-00189-04,DONATION,1,0.8493814027786054,0.6914893617021277
42,SG-00189,SYN-CAND-00189-05,RETURN_TO_SUPPLIER,0,0.8531344674950473,0.8174123337363967
42,SG-00189,SYN-CAND-00189-06,BUNDLE,1,0.6262623856403312,0.8563151796060255
42,SG-00189,SYN-CAND-00189-07,BRANCH_TRANSFER,1,0.824334206782228,0.8057901085645356
42,SG-00195,SYN-CAND-00195-01,WHOLESALE,1,0.6546491313230804,0.7997658079625293
42,SG-00195,SYN-CAND-00195-02,BUNDLE,1,0.9242504107764885,0.8563151796060255
42,SG-00195,SYN-CAND-00195-03,DONATION,1,0.8350317939137939,0.6914893617021277
42,SG-00195,SYN-CAND-00195-04,LOCAL_DISCOUNT,1,0.8873594495846492,0.8536866359447005
42,SG-00195,SYN-CAND-00195-05,PROMOTIONAL_BONUS,1,0.9086478691215077,0.8234597156398105
42,SG-00195,SYN-CAND-00195-06,EXTERNAL_PARTNER,0,0.9000551079526854,0.7985865724381626
42,SG-00195,SYN-CAND-00195-07,INTERNAL_REPURPOSE,1,0.90147477497863,0.8389021479713604
42,SG-00195,SYN-CAND-00195-08,INTERNAL_USE,1,0.7841466469864179,0.7246022031823746
42,SG-00197,SYN-CAND-00197-01,DONATION,0,0.5923749934937548,0.6914893617021277
42,SG-00197,SYN-CAND-00197-02,BRANCH_TRANSFER,1,0.7956739830401603,0.8057901085645356
42,SG-00197,SYN-CAND-00197-03,PROMOTIONAL_BONUS,0,0.7409621071182482,0.8234597156398105
42,SG-00197,SYN-CAND-00197-04,RETURN_TO_SUPPLIER,1,0.7762170297635791,0.8174123337363967
42,SG-00197,SYN-CAND-00197-05,LOCAL_DISCOUNT,1,0.8574058497861182,0.8536866359447005
42,SG-00205,SYN-CAND-00205-01,WHOLESALE,1,0.7608482820612571,0.7997658079625293
42,SG-00205,SYN-CAND-00205-02,BUNDLE,1,0.8859250791896975,0.8563151796060255
42,SG-00205,SYN-CAND-00205-03,EXTERNAL_PARTNER,0,0.7769285830910575,0.7985865724381626
42,SG-00205,SYN-CAND-00205-04,DONATION,0,0.6653318444694969,0.6914893617021277
42,SG-00205,SYN-CAND-00205-05,BRANCH_TRANSFER,1,0.7390009659814044,0.8057901085645356
42,SG-00205,SYN-CAND-00205-06,PROMOTIONAL_BONUS,1,0.8009529499467269,0.8234597156398105
42,SG-00205,SYN-CAND-00205-07,LOCAL_DISCOUNT,1,0.8578489341984556,0.8536866359447005
42,SG-00205,SYN-CAND-00205-08,INTERNAL_USE,0,0.7202188820834824,0.7246022031823746
42,SG-00206,SYN-CAND-00206-01,BRANCH_TRANSFER,0,0.7139777892942352,0.8057901085645356
42,SG-00206,SYN-CAND-00206-02,BUNDLE,1,0.8009086672272201,0.8563151796060255
42,SG-00206,SYN-CAND-00206-03,INTERNAL_REPURPOSE,0,0.8820090722407643,0.8389021479713604
42,SG-00206,SYN-CAND-00206-04,WHOLESALE,1,0.8508408101568209,0.7997658079625293
42,SG-00206,SYN-CAND-00206-05,DONATION,1,0.7861190452280715,0.6914893617021277
42,SG-00206,SYN-CAND-00206-06,LOCAL_DISCOUNT,1,0.9121123554296893,0.8536866359447005
42,SG-00207,SYN-CAND-00207-01,RETURN_TO_SUPPLIER,1,0.5948528414692139,0.8174123337363967
42,SG-00207,SYN-CAND-00207-02,PROMOTIONAL_BONUS,0,0.7814885980142923,0.8234597156398105
42,SG-00207,SYN-CAND-00207-03,BUNDLE,1,0.7842074044233407,0.8563151796060255
42,SG-00208,SYN-CAND-00208-01,DONATION,0,0.7699751044669079,0.6914893617021277
42,SG-00208,SYN-CAND-00208-02,INTERNAL_USE,1,0.8307707397595128,0.7246022031823746
42,SG-00208,SYN-CAND-00208-03,WHOLESALE,1,0.6815534703987361,0.7997658079625293
42,SG-00208,SYN-CAND-00208-04,EXTERNAL_PARTNER,1,0.6861156458954536,0.7985865724381626
42,SG-00208,SYN-CAND-00208-05,BUNDLE,1,0.806642827254854,0.8563151796060255
42,SG-00208,SYN-CAND-00208-06,LOCAL_DISCOUNT,1,0.844317174872868,0.8536866359447005
42,SG-00208,SYN-CAND-00208-07,INTERNAL_REPURPOSE,1,0.6568887235133838,0.8389021479713604
42,SG-00211,SYN-CAND-00211-01,EXTERNAL_PARTNER,0,0.8504325242562913,0.7985865724381626
42,SG-00211,SYN-CAND-00211-02,INTERNAL_REPURPOSE,1,0.8795005848416553,0.8389021479713604
42,SG-00211,SYN-CAND-00211-03,INTERNAL_USE,1,0.7820316676138892,0.7246022031823746
42,SG-00211,SYN-CAND-00211-04,LOCAL_DISCOUNT,1,0.8740079492899351,0.8536866359447005
42,SG-00211,SYN-CAND-00211-05,PROMOTIONAL_BONUS,1,0.9285934319283766,0.8234597156398105
42,SG-00211,SYN-CAND-00211-06,BRANCH_TRANSFER,1,0.8089389893112863,0.8057901085645356
42,SG-00212,SYN-CAND-00212-01,PROMOTIONAL_BONUS,1,0.6975123900600548,0.8234597156398105
42,SG-00212,SYN-CAND-00212-02,BUNDLE,1,0.8683188481247454,0.8563151796060255
42,SG-00212,SYN-CAND-00212-03,EXTERNAL_PARTNER,1,0.8141486411422777,0.7985865724381626
42,SG-00212,SYN-CAND-00212-04,LOCAL_DISCOUNT,1,0.8163332520621216,0.8536866359447005
42,SG-00212,SYN-CAND-00212-05,INTERNAL_USE,1,0.6577924678123215,0.7246022031823746
42,SG-00212,SYN-CAND-00212-06,DONATION,0,0.583103022893836,0.6914893617021277
42,SG-00212,SYN-CAND-00212-07,RETURN_TO_SUPPLIER,0,0.6136235226276114,0.8174123337363967
42,SG-00212,SYN-CAND-00212-08,WHOLESALE,1,0.7032379839801459,0.7997658079625293
42,SG-00222,SYN-CAND-00222-01,BRANCH_TRANSFER,1,0.8365711939305328,0.8057901085645356
42,SG-00222,SYN-CAND-00222-02,DONATION,1,0.7175840790034536,0.6914893617021277
42,SG-00222,SYN-CAND-00222-03,PROMOTIONAL_BONUS,0,0.8928573683064471,0.8234597156398105
42,SG-00222,SYN-CAND-00222-04,INTERNAL_USE,1,0.814542548888783,0.7246022031823746
42,SG-00222,SYN-CAND-00222-05,EXTERNAL_PARTNER,1,0.8765293640165394,0.7985865724381626
42,SG-00227,SYN-CAND-00227-01,LOCAL_DISCOUNT,1,0.763542117970217,0.8536866359447005
42,SG-00227,SYN-CAND-00227-02,DONATION,1,0.6456145889652082,0.6914893617021277
42,SG-00229,SYN-CAND-00229-01,PROMOTIONAL_BONUS,1,0.9123041337333805,0.8234597156398105
42,SG-00229,SYN-CAND-00229-02,INTERNAL_USE,1,0.8270412287327356,0.7246022031823746
42,SG-00229,SYN-CAND-00229-03,RETURN_TO_SUPPLIER,0,0.7896360710844096,0.8174123337363967
42,SG-00229,SYN-CAND-00229-04,EXTERNAL_PARTNER,0,0.8907193321761857,0.7985865724381626
42,SG-00229,SYN-CAND-00229-05,BUNDLE,1,0.8913073056438936,0.8563151796060255
42,SG-00229,SYN-CAND-00229-06,WHOLESALE,1,0.8089365176571154,0.7997658079625293
42,SG-00229,SYN-CAND-00229-07,DONATION,1,0.580040488304116,0.6914893617021277
42,SG-00241,SYN-CAND-00241-01,BUNDLE,1,0.8235677548911289,0.8563151796060255
42,SG-00241,SYN-CAND-00241-02,RETURN_TO_SUPPLIER,1,0.8634572838328575,0.8174123337363967
42,SG-00241,SYN-CAND-00241-03,INTERNAL_REPURPOSE,1,0.798536501455196,0.8389021479713604
42,SG-00241,SYN-CAND-00241-04,INTERNAL_USE,0,0.6707855136492509,0.7246022031823746
42,SG-00256,SYN-CAND-00256-01,RETURN_TO_SUPPLIER,0,0.8406122696632178,0.8174123337363967
42,SG-00256,SYN-CAND-00256-02,BRANCH_TRANSFER,1,0.8680148084357338,0.8057901085645356
42,SG-00256,SYN-CAND-00256-03,BUNDLE,1,0.8929478553011699,0.8563151796060255
42,SG-00256,SYN-CAND-00256-04,LOCAL_DISCOUNT,1,0.8781031576115084,0.8536866359447005
42,SG-00256,SYN-CAND-00256-05,INTERNAL_REPURPOSE,0,0.8804997917438289,0.8389021479713604
42,SG-00256,SYN-CAND-00256-06,WHOLESALE,1,0.8563665010115428,0.7997658079625293
42,SG-00256,SYN-CAND-00256-07,DONATION,0,0.7923390313169025,0.6914893617021277
42,SG-00256,SYN-CAND-00256-08,PROMOTIONAL_BONUS,0,0.8070319169750642,0.8234597156398105
42,SG-00263,SYN-CAND-00263-01,PROMOTIONAL_BONUS,1,0.8023655399019214,0.8234597156398105
42,SG-00263,SYN-CAND-00263-02,INTERNAL_USE,1,0.7799921200599463,0.7246022031823746
42,SG-00263,SYN-CAND-00263-03,LOCAL_DISCOUNT,1,0.8693740292050901,0.8536866359447005
42,SG-00263,SYN-CAND-00263-04,RETURN_TO_SUPPLIER,1,0.925080452874017,0.8174123337363967
42,SG-00266,SYN-CAND-00266-01,EXTERNAL_PARTNER,1,0.7574940412522537,0.7985865724381626
42,SG-00266,SYN-CAND-00266-02,RETURN_TO_SUPPLIER,0,0.8582762540819131,0.8174123337363967
42,SG-00266,SYN-CAND-00266-03,DONATION,1,0.6906280083193095,0.6914893617021277
42,SG-00266,SYN-CAND-00266-04,INTERNAL_REPURPOSE,1,0.9219548811684865,0.8389021479713604
42,SG-00266,SYN-CAND-00266-05,BRANCH_TRANSFER,1,0.7903813589138684,0.8057901085645356
42,SG-00267,SYN-CAND-00267-01,PROMOTIONAL_BONUS,0,0.9142161632465251,0.8234597156398105
42,SG-00267,SYN-CAND-00267-02,DONATION,0,0.6687070031252111,0.6914893617021277
42,SG-00267,SYN-CAND-00267-03,BRANCH_TRANSFER,1,0.8329787343411922,0.8057901085645356
42,SG-00267,SYN-CAND-00267-04,BUNDLE,1,0.8530013951986576,0.8563151796060255
42,SG-00272,SYN-CAND-00272-01,INTERNAL_USE,1,0.7635526417746394,0.7246022031823746
42,SG-00272,SYN-CAND-00272-02,RETURN_TO_SUPPLIER,0,0.8568478338753179,0.8174123337363967
42,SG-00272,SYN-CAND-00272-03,PROMOTIONAL_BONUS,1,0.7952602547713298,0.8234597156398105
42,SG-00272,SYN-CAND-00272-04,BUNDLE,1,0.8401383677614144,0.8563151796060255
42,SG-00272,SYN-CAND-00272-05,LOCAL_DISCOUNT,1,0.8989103729542921,0.8536866359447005
42,SG-00272,SYN-CAND-00272-06,WHOLESALE,1,0.7909894489082032,0.7997658079625293
42,SG-00272,SYN-CAND-00272-07,BRANCH_TRANSFER,1,0.7416148748129847,0.8057901085645356
42,SG-00273,SYN-CAND-00273-01,WHOLESALE,1,0.6702113191580931,0.7997658079625293
42,SG-00273,SYN-CAND-00273-02,BRANCH_TRANSFER,1,0.8813639864002808,0.8057901085645356
42,SG-00273,SYN-CAND-00273-03,INTERNAL_USE,1,0.567956866654757,0.7246022031823746
42,SG-00273,SYN-CAND-00273-04,DONATION,1,0.745029626803831,0.6914893617021277
42,SG-00273,SYN-CAND-00273-05,INTERNAL_REPURPOSE,1,0.9095471888001909,0.8389021479713604
42,SG-00273,SYN-CAND-00273-06,EXTERNAL_PARTNER,1,0.7708740296194395,0.7985865724381626
42,SG-00289,SYN-CAND-00289-01,RETURN_TO_SUPPLIER,1,0.8479081965176797,0.8174123337363967
42,SG-00289,SYN-CAND-00289-02,WHOLESALE,1,0.8980422230407425,0.7997658079625293
42,SG-00289,SYN-CAND-00289-03,BRANCH_TRANSFER,1,0.8503533005463474,0.8057901085645356
42,SG-00289,SYN-CAND-00289-04,EXTERNAL_PARTNER,1,0.6665072419403014,0.7985865724381626
42,SG-00292,SYN-CAND-00292-01,EXTERNAL_PARTNER,1,0.8653292214379007,0.7985865724381626
42,SG-00292,SYN-CAND-00292-02,INTERNAL_REPURPOSE,1,0.9353974642600552,0.8389021479713604
42,SG-00292,SYN-CAND-00292-03,RETURN_TO_SUPPLIER,1,0.9187728413643595,0.8174123337363967
42,SG-00292,SYN-CAND-00292-04,BRANCH_TRANSFER,1,0.7872409642003879,0.8057901085645356
42,SG-00304,SYN-CAND-00304-01,INTERNAL_USE,1,0.8155187894695817,0.7246022031823746
42,SG-00304,SYN-CAND-00304-02,EXTERNAL_PARTNER,0,0.8264305050364404,0.7985865724381626
42,SG-00304,SYN-CAND-00304-03,BRANCH_TRANSFER,1,0.7454450560865898,0.8057901085645356
42,SG-00304,SYN-CAND-00304-04,WHOLESALE,1,0.827329713181522,0.7997658079625293
42,SG-00304,SYN-CAND-00304-05,INTERNAL_REPURPOSE,1,0.8921964535800055,0.8389021479713604
42,SG-00304,SYN-CAND-00304-06,PROMOTIONAL_BONUS,1,0.8174220090049469,0.8234597156398105
42,SG-00304,SYN-CAND-00304-07,BUNDLE,1,0.8479739625388555,0.8563151796060255
42,SG-00304,SYN-CAND-00304-08,LOCAL_DISCOUNT,0,0.8457068053019695,0.8536866359447005
42,SG-00317,SYN-CAND-00317-01,BUNDLE,1,0.8449982102871013,0.8563151796060255
42,SG-00317,SYN-CAND-00317-02,LOCAL_DISCOUNT,1,0.7251871763361775,0.8536866359447005
42,SG-00317,SYN-CAND-00317-03,WHOLESALE,1,0.8482604251034465,0.7997658079625293
42,SG-00317,SYN-CAND-00317-04,DONATION,0,0.6892298670104192,0.6914893617021277
42,SG-00317,SYN-CAND-00317-05,EXTERNAL_PARTNER,0,0.7719858373958933,0.7985865724381626
42,SG-00317,SYN-CAND-00317-06,RETURN_TO_SUPPLIER,1,0.8247926501374196,0.8174123337363967
42,SG-00317,SYN-CAND-00317-07,PROMOTIONAL_BONUS,1,0.8912396974022989,0.8234597156398105
42,SG-00317,SYN-CAND-00317-08,BRANCH_TRANSFER,1,0.8720992056348852,0.8057901085645356
42,SG-00331,SYN-CAND-00331-01,BRANCH_TRANSFER,1,0.8801414921670475,0.8057901085645356
42,SG-00331,SYN-CAND-00331-02,RETURN_TO_SUPPLIER,1,0.7881686171837625,0.8174123337363967
42,SG-00331,SYN-CAND-00331-03,DONATION,1,0.7625521991349342,0.6914893617021277
42,SG-00331,SYN-CAND-00331-04,INTERNAL_USE,1,0.5925579796190974,0.7246022031823746
42,SG-00342,SYN-CAND-00342-01,PROMOTIONAL_BONUS,1,0.876000241110252,0.8234597156398105
42,SG-00342,SYN-CAND-00342-02,BUNDLE,1,0.8586912055304066,0.8563151796060255
42,SG-00352,SYN-CAND-00352-01,RETURN_TO_SUPPLIER,1,0.8969540858209717,0.8174123337363967
42,SG-00352,SYN-CAND-00352-02,EXTERNAL_PARTNER,1,0.7732176432172091,0.7985865724381626
42,SG-00359,SYN-CAND-00359-01,DONATION,1,0.5427914833316758,0.6914893617021277
42,SG-00359,SYN-CAND-00359-02,BRANCH_TRANSFER,1,0.8372278874293934,0.8057901085645356
42,SG-00359,SYN-CAND-00359-03,RETURN_TO_SUPPLIER,0,0.7114963538499429,0.8174123337363967
42,SG-00359,SYN-CAND-00359-04,BUNDLE,0,0.7507737137979665,0.8563151796060255
42,SG-00359,SYN-CAND-00359-05,LOCAL_DISCOUNT,1,0.8109806659825513,0.8536866359447005
42,SG-00359,SYN-CAND-00359-06,PROMOTIONAL_BONUS,1,0.8070629879653777,0.8234597156398105
42,SG-00374,SYN-CAND-00374-01,WHOLESALE,1,0.8239513042215277,0.7997658079625293
42,SG-00374,SYN-CAND-00374-02,RETURN_TO_SUPPLIER,1,0.7615939983723184,0.8174123337363967
42,SG-00374,SYN-CAND-00374-03,INTERNAL_USE,0,0.8098495112312545,0.7246022031823746
42,SG-00374,SYN-CAND-00374-04,DONATION,1,0.8241171805591144,0.6914893617021277
42,SG-00374,SYN-CAND-00374-05,PROMOTIONAL_BONUS,1,0.8708251192777327,0.8234597156398105
42,SG-00376,SYN-CAND-00376-01,WHOLESALE,1,0.8643990729813313,0.7997658079625293
42,SG-00376,SYN-CAND-00376-02,INTERNAL_REPURPOSE,1,0.7933446079277379,0.8389021479713604
42,SG-00376,SYN-CAND-00376-03,RETURN_TO_SUPPLIER,1,0.8395139667138282,0.8174123337363967
42,SG-00376,SYN-CAND-00376-04,INTERNAL_USE,1,0.8011555010889705,0.7246022031823746
42,SG-00378,SYN-CAND-00378-01,LOCAL_DISCOUNT,1,0.846988719056043,0.8536866359447005
42,SG-00378,SYN-CAND-00378-02,PROMOTIONAL_BONUS,1,0.8759851565266337,0.8234597156398105
42,SG-00378,SYN-CAND-00378-03,INTERNAL_USE,1,0.7766556121886892,0.7246022031823746
42,SG-00385,SYN-CAND-00385-01,DONATION,1,0.6776368962163439,0.6914893617021277
42,SG-00385,SYN-CAND-00385-02,INTERNAL_USE,0,0.7938713097031512,0.7246022031823746
42,SG-00385,SYN-CAND-00385-03,EXTERNAL_PARTNER,1,0.7355822606867168,0.7985865724381626
42,SG-00385,SYN-CAND-00385-04,LOCAL_DISCOUNT,1,0.8718542740425526,0.8536866359447005
42,SG-00385,SYN-CAND-00385-05,INTERNAL_REPURPOSE,1,0.8348765518457153,0.8389021479713604
42,SG-00385,SYN-CAND-00385-06,RETURN_TO_SUPPLIER,1,0.84198576776763,0.8174123337363967
42,SG-00387,SYN-CAND-00387-01,BRANCH_TRANSFER,1,0.6385559589882344,0.8057901085645356
42,SG-00387,SYN-CAND-00387-02,RETURN_TO_SUPPLIER,1,0.882809297416818,0.8174123337363967
42,SG-00387,SYN-CAND-00387-03,LOCAL_DISCOUNT,1,0.9363049263126108,0.8536866359447005
42,SG-00400,SYN-CAND-00400-01,INTERNAL_REPURPOSE,1,0.8361990708003896,0.8389021479713604
42,SG-00400,SYN-CAND-00400-02,WHOLESALE,1,0.8692420243881313,0.7997658079625293
42,SG-00400,SYN-CAND-00400-03,EXTERNAL_PARTNER,0,0.8439992027324781,0.7985865724381626
42,SG-00400,SYN-CAND-00400-04,BUNDLE,1,0.8119114131677589,0.8563151796060255
42,SG-00400,SYN-CAND-00400-05,DONATION,0,0.6436134141677861,0.6914893617021277
42,SG-00400,SYN-CAND-00400-06,LOCAL_DISCOUNT,1,0.8632398842400268,0.8536866359447005
42,SG-00403,SYN-CAND-00403-01,BUNDLE,1,0.8307281688796027,0.8563151796060255
42,SG-00403,SYN-CAND-00403-02,RETURN_TO_SUPPLIER,1,0.8295276874671481,0.8174123337363967
42,SG-00403,SYN-CAND-00403-03,LOCAL_DISCOUNT,1,0.8788762791796518,0.8536866359447005
42,SG-00403,SYN-CAND-00403-04,PROMOTIONAL_BONUS,0,0.856984424397915,0.8234597156398105
42,SG-00403,SYN-CAND-00403-05,INTERNAL_USE,1,0.7413842261833151,0.7246022031823746
42,SG-00403,SYN-CAND-00403-06,WHOLESALE,1,0.7289393169868535,0.7997658079625293
42,SG-00406,SYN-CAND-00406-01,INTERNAL_REPURPOSE,0,0.6680464115995896,0.8389021479713604
42,SG-00406,SYN-CAND-00406-02,INTERNAL_USE,1,0.6233636229647475,0.7246022031823746
42,SG-00410,SYN-CAND-00410-01,EXTERNAL_PARTNER,0,0.9068679484460265,0.7985865724381626
42,SG-00410,SYN-CAND-00410-02,LOCAL_DISCOUNT,0,0.8407572419707975,0.8536866359447005
42,SG-00410,SYN-CAND-00410-03,BUNDLE,1,0.9204183319096336,0.8563151796060255
42,SG-00410,SYN-CAND-00410-04,WHOLESALE,0,0.8157403223113965,0.7997658079625293
42,SG-00410,SYN-CAND-00410-05,INTERNAL_USE,0,0.7823406864210443,0.7246022031823746
42,SG-00413,SYN-CAND-00413-01,BRANCH_TRANSFER,0,0.9065899187675679,0.8057901085645356
42,SG-00413,SYN-CAND-00413-02,DONATION,1,0.7189134986003827,0.6914893617021277
42,SG-00413,SYN-CAND-00413-03,PROMOTIONAL_BONUS,1,0.8816830083119283,0.8234597156398105
42,SG-00414,SYN-CAND-00414-01,INTERNAL_USE,1,0.7235114569536749,0.7246022031823746
42,SG-00414,SYN-CAND-00414-02,INTERNAL_REPURPOSE,1,0.832042886031779,0.8389021479713604
42,SG-00418,SYN-CAND-00418-01,EXTERNAL_PARTNER,1,0.8289080460083004,0.7985865724381626
42,SG-00418,SYN-CAND-00418-02,RETURN_TO_SUPPLIER,1,0.8433505129504494,0.8174123337363967
42,SG-00418,SYN-CAND-00418-03,BUNDLE,1,0.8763818557406787,0.8563151796060255
42,SG-00418,SYN-CAND-00418-04,INTERNAL_REPURPOSE,0,0.8516435802048423,0.8389021479713604
42,SG-00440,SYN-CAND-00440-01,WHOLESALE,1,0.6216696493271984,0.7997658079625293
42,SG-00440,SYN-CAND-00440-02,BUNDLE,1,0.8820294819173219,0.8563151796060255
42,SG-00440,SYN-CAND-00440-03,INTERNAL_USE,0,0.8007591510520008,0.7246022031823746
42,SG-00442,SYN-CAND-00442-01,BRANCH_TRANSFER,1,0.8074070217673738,0.8057901085645356
42,SG-00442,SYN-CAND-00442-02,EXTERNAL_PARTNER,1,0.7638428350603184,0.7985865724381626
42,SG-00442,SYN-CAND-00442-03,RETURN_TO_SUPPLIER,1,0.8550813109896037,0.8174123337363967
42,SG-00442,SYN-CAND-00442-04,INTERNAL_REPURPOSE,0,0.8572638373328493,0.8389021479713604
42,SG-00442,SYN-CAND-00442-05,INTERNAL_USE,0,0.7684926549122741,0.7246022031823746
42,SG-00442,SYN-CAND-00442-06,DONATION,1,0.8215234872439443,0.6914893617021277
42,SG-00442,SYN-CAND-00442-07,BUNDLE,1,0.8821797450972869,0.8563151796060255
42,SG-00442,SYN-CAND-00442-08,WHOLESALE,1,0.8209530105218088,0.7997658079625293
42,SG-00446,SYN-CAND-00446-01,PROMOTIONAL_BONUS,1,0.831706361453079,0.8234597156398105
42,SG-00446,SYN-CAND-00446-02,RETURN_TO_SUPPLIER,1,0.8754308411805611,0.8174123337363967
42,SG-00446,SYN-CAND-00446-03,BRANCH_TRANSFER,1,0.8359281721174849,0.8057901085645356
42,SG-00446,SYN-CAND-00446-04,BUNDLE,1,0.8005804134936687,0.8563151796060255
42,SG-00446,SYN-CAND-00446-05,DONATION,1,0.8217086164852565,0.6914893617021277
42,SG-00446,SYN-CAND-00446-06,INTERNAL_USE,0,0.6967824775092707,0.7246022031823746
42,SG-00446,SYN-CAND-00446-07,LOCAL_DISCOUNT,1,0.7537195686459085,0.8536866359447005
42,SG-00446,SYN-CAND-00446-08,EXTERNAL_PARTNER,0,0.8131996479522511,0.7985865724381626
42,SG-00465,SYN-CAND-00465-01,DONATION,1,0.8477535674953115,0.6914893617021277
42,SG-00465,SYN-CAND-00465-02,WHOLESALE,1,0.8415811167208124,0.7997658079625293
42,SG-00465,SYN-CAND-00465-03,INTERNAL_USE,1,0.802053974178853,0.7246022031823746
42,SG-00465,SYN-CAND-00465-04,BUNDLE,1,0.9172782965353778,0.8563151796060255
42,SG-00465,SYN-CAND-00465-05,RETURN_TO_SUPPLIER,1,0.8320603472771146,0.8174123337363967
42,SG-00465,SYN-CAND-00465-06,PROMOTIONAL_BONUS,1,0.8844366563084685,0.8234597156398105
42,SG-00465,SYN-CAND-00465-07,EXTERNAL_PARTNER,1,0.8669206365509978,0.7985865724381626
42,SG-00479,SYN-CAND-00479-01,EXTERNAL_PARTNER,1,0.718144957035326,0.7985865724381626
42,SG-00479,SYN-CAND-00479-02,PROMOTIONAL_BONUS,1,0.7539508082974308,0.8234597156398105
42,SG-00479,SYN-CAND-00479-03,BRANCH_TRANSFER,1,0.6082321138926727,0.8057901085645356
42,SG-00479,SYN-CAND-00479-04,WHOLESALE,1,0.6943266971793123,0.7997658079625293
42,SG-00479,SYN-CAND-00479-05,INTERNAL_REPURPOSE,1,0.8833562308295316,0.8389021479713604
42,SG-00479,SYN-CAND-00479-06,INTERNAL_USE,1,0.7121778967839555,0.7246022031823746
42,SG-00479,SYN-CAND-00479-07,RETURN_TO_SUPPLIER,1,0.8648115550301815,0.8174123337363967
42,SG-00482,SYN-CAND-00482-01,BRANCH_TRANSFER,1,0.6109239379931255,0.8057901085645356
42,SG-00482,SYN-CAND-00482-02,INTERNAL_USE,1,0.7768256912713903,0.7246022031823746
42,SG-00483,SYN-CAND-00483-01,INTERNAL_REPURPOSE,1,0.9260777868038347,0.8389021479713604
42,SG-00483,SYN-CAND-00483-02,RETURN_TO_SUPPLIER,0,0.8762535387383018,0.8174123337363967
42,SG-00483,SYN-CAND-00483-03,LOCAL_DISCOUNT,0,0.873028408215707,0.8536866359447005
42,SG-00483,SYN-CAND-00483-04,BRANCH_TRANSFER,1,0.6622379336189977,0.8057901085645356
42,SG-00483,SYN-CAND-00483-05,DONATION,1,0.5731096708253884,0.6914893617021277
42,SG-00483,SYN-CAND-00483-06,INTERNAL_USE,1,0.7708979896693444,0.7246022031823746
42,SG-00483,SYN-CAND-00483-07,WHOLESALE,1,0.8644439834452888,0.7997658079625293
42,SG-00487,SYN-CAND-00487-01,BRANCH_TRANSFER,1,0.8791476293528326,0.8057901085645356
42,SG-00487,SYN-CAND-00487-02,LOCAL_DISCOUNT,1,0.8861992248360524,0.8536866359447005
42,SG-00487,SYN-CAND-00487-03,INTERNAL_REPURPOSE,1,0.8836284041074749,0.8389021479713604
42,SG-00497,SYN-CAND-00497-01,INTERNAL_REPURPOSE,1,0.8433448685012036,0.8389021479713604
42,SG-00497,SYN-CAND-00497-02,RETURN_TO_SUPPLIER,0,0.7730513346575529,0.8174123337363967
42,SG-00497,SYN-CAND-00497-03,INTERNAL_USE,1,0.789165623519355,0.7246022031823746
42,SG-00497,SYN-CAND-00497-04,EXTERNAL_PARTNER,1,0.895511134688624,0.7985865724381626
42,SG-00497,SYN-CAND-00497-05,BUNDLE,1,0.837911741756943,0.8563151796060255
42,SG-00497,SYN-CAND-00497-06,LOCAL_DISCOUNT,0,0.7303620135738119,0.8536866359447005
42,SG-00497,SYN-CAND-00497-07,WHOLESALE,0,0.5212991182345783,0.7997658079625293
42,SG-00497,SYN-CAND-00497-08,PROMOTIONAL_BONUS,1,0.8193549085433042,0.8234597156398105
42,SG-00513,SYN-CAND-00513-01,RETURN_TO_SUPPLIER,1,0.8179412616419068,0.8174123337363967
42,SG-00513,SYN-CAND-00513-02,DONATION,1,0.6790669237922783,0.6914893617021277
42,SG-00513,SYN-CAND-00513-03,INTERNAL_USE,1,0.743930862842732,0.7246022031823746
42,SG-00522,SYN-CAND-00522-01,INTERNAL_REPURPOSE,1,0.904611558866349,0.8389021479713604
42,SG-00522,SYN-CAND-00522-02,BRANCH_TRANSFER,1,0.8442398300857773,0.8057901085645356
42,SG-00522,SYN-CAND-00522-03,WHOLESALE,1,0.8227929395516127,0.7997658079625293
42,SG-00522,SYN-CAND-00522-04,DONATION,1,0.7873403376704775,0.6914893617021277
42,SG-00527,SYN-CAND-00527-01,DONATION,0,0.7041409745931118,0.6914893617021277
42,SG-00527,SYN-CAND-00527-02,BUNDLE,1,0.782923460822731,0.8563151796060255
42,SG-00527,SYN-CAND-00527-03,EXTERNAL_PARTNER,1,0.9108234443594082,0.7985865724381626
42,SG-00528,SYN-CAND-00528-01,BRANCH_TRANSFER,1,0.8491647708132521,0.8057901085645356
42,SG-00528,SYN-CAND-00528-02,BUNDLE,1,0.8830700332454974,0.8563151796060255
42,SG-00528,SYN-CAND-00528-03,PROMOTIONAL_BONUS,1,0.8736568934833044,0.8234597156398105
42,SG-00528,SYN-CAND-00528-04,RETURN_TO_SUPPLIER,1,0.7978514884473352,0.8174123337363967
42,SG-00528,SYN-CAND-00528-05,EXTERNAL_PARTNER,1,0.8355122431631459,0.7985865724381626
42,SG-00528,SYN-CAND-00528-06,INTERNAL_REPURPOSE,1,0.8675723725770841,0.8389021479713604
42,SG-00528,SYN-CAND-00528-07,DONATION,0,0.7527650741975128,0.6914893617021277
42,SG-00528,SYN-CAND-00528-08,WHOLESALE,1,0.717454532027807,0.7997658079625293
42,SG-00541,SYN-CAND-00541-01,INTERNAL_USE,1,0.6318730397188522,0.7246022031823746
42,SG-00541,SYN-CAND-00541-02,INTERNAL_REPURPOSE,1,0.7241880603440276,0.8389021479713604
42,SG-00541,SYN-CAND-00541-03,LOCAL_DISCOUNT,1,0.6384899944479686,0.8536866359447005
42,SG-00541,SYN-CAND-00541-04,WHOLESALE,1,0.8358627877516868,0.7997658079625293
42,SG-00541,SYN-CAND-00541-05,RETURN_TO_SUPPLIER,0,0.7078036720324541,0.8174123337363967
42,SG-00541,SYN-CAND-00541-06,BUNDLE,1,0.8446048613572711,0.8563151796060255
42,SG-00560,SYN-CAND-00560-01,INTERNAL_USE,1,0.7767243302961616,0.7246022031823746
42,SG-00560,SYN-CAND-00560-02,BRANCH_TRANSFER,0,0.8178636870804379,0.8057901085645356
42,SG-00560,SYN-CAND-00560-03,INTERNAL_REPURPOSE,1,0.7339053868744835,0.8389021479713604
42,SG-00560,SYN-CAND-00560-04,BUNDLE,1,0.9143024358885914,0.8563151796060255
42,SG-00560,SYN-CAND-00560-05,RETURN_TO_SUPPLIER,1,0.8991146570204324,0.8174123337363967
42,SG-00561,SYN-CAND-00561-01,INTERNAL_USE,0,0.6489282951427519,0.7246022031823746
42,SG-00561,SYN-CAND-00561-02,BUNDLE,1,0.8752740970612268,0.8563151796060255
42,SG-00561,SYN-CAND-00561-03,INTERNAL_REPURPOSE,1,0.8415048647540063,0.8389021479713604
42,SG-00561,SYN-CAND-00561-04,BRANCH_TRANSFER,1,0.8143517716552752,0.8057901085645356
42,SG-00561,SYN-CAND-00561-05,PROMOTIONAL_BONUS,1,0.8698396489259745,0.8234597156398105
42,SG-00566,SYN-CAND-00566-01,BUNDLE,0,0.8256828962588652,0.8563151796060255
42,SG-00566,SYN-CAND-00566-02,WHOLESALE,1,0.803690769103804,0.7997658079625293
42,SG-00566,SYN-CAND-00566-03,RETURN_TO_SUPPLIER,1,0.6126883654179962,0.8174123337363967
42,SG-00566,SYN-CAND-00566-04,INTERNAL_USE,1,0.7228102383070906,0.7246022031823746
42,SG-00566,SYN-CAND-00566-05,LOCAL_DISCOUNT,1,0.8309523815358342,0.8536866359447005
42,SG-00566,SYN-CAND-00566-06,EXTERNAL_PARTNER,0,0.8469201866874262,0.7985865724381626
42,SG-00570,SYN-CAND-00570-01,LOCAL_DISCOUNT,1,0.9196563673599941,0.8536866359447005
42,SG-00570,SYN-CAND-00570-02,WHOLESALE,0,0.811394118324885,0.7997658079625293
42,SG-00571,SYN-CAND-00571-01,INTERNAL_USE,1,0.8306245382271317,0.7246022031823746
42,SG-00571,SYN-CAND-00571-02,INTERNAL_REPURPOSE,1,0.75056731639411,0.8389021479713604
42,SG-00571,SYN-CAND-00571-03,LOCAL_DISCOUNT,1,0.7799738669997386,0.8536866359447005
42,SG-00577,SYN-CAND-00577-01,EXTERNAL_PARTNER,1,0.8509746741192961,0.7985865724381626
42,SG-00577,SYN-CAND-00577-02,RETURN_TO_SUPPLIER,1,0.6971997736143428,0.8174123337363967
42,SG-00577,SYN-CAND-00577-03,INTERNAL_USE,1,0.7794489621202949,0.7246022031823746
42,SG-00577,SYN-CAND-00577-04,BUNDLE,1,0.8900755868577739,0.8563151796060255
42,SG-00578,SYN-CAND-00578-01,EXTERNAL_PARTNER,1,0.5711739159804052,0.7985865724381626
42,SG-00578,SYN-CAND-00578-02,DONATION,1,0.7892126557730317,0.6914893617021277
42,SG-00578,SYN-CAND-00578-03,INTERNAL_REPURPOSE,1,0.8401225304493654,0.8389021479713604
42,SG-00578,SYN-CAND-00578-04,PROMOTIONAL_BONUS,1,0.5141492112510927,0.8234597156398105
42,SG-00578,SYN-CAND-00578-05,BRANCH_TRANSFER,1,0.8561639123595168,0.8057901085645356
42,SG-00578,SYN-CAND-00578-06,INTERNAL_USE,1,0.6491559979890121,0.7246022031823746
42,SG-00578,SYN-CAND-00578-07,RETURN_TO_SUPPLIER,1,0.8258687187127385,0.8174123337363967
42,SG-00585,SYN-CAND-00585-01,EXTERNAL_PARTNER,1,0.7552469847240211,0.7985865724381626
42,SG-00585,SYN-CAND-00585-02,RETURN_TO_SUPPLIER,1,0.8372104588386587,0.8174123337363967
42,SG-00585,SYN-CAND-00585-03,BRANCH_TRANSFER,1,0.8802353289992658,0.8057901085645356
42,SG-00585,SYN-CAND-00585-04,WHOLESALE,1,0.7575749127834908,0.7997658079625293
42,SG-00585,SYN-CAND-00585-05,INTERNAL_USE,1,0.7744057634501398,0.7246022031823746
42,SG-00585,SYN-CAND-00585-06,INTERNAL_REPURPOSE,1,0.8101135306135938,0.8389021479713604
42,SG-00590,SYN-CAND-00590-01,PROMOTIONAL_BONUS,1,0.5712574917883294,0.8234597156398105
42,SG-00590,SYN-CAND-00590-02,DONATION,0,0.4757742655435585,0.6914893617021277
42,SG-00590,SYN-CAND-00590-03,LOCAL_DISCOUNT,0,0.830262138146749,0.8536866359447005
42,SG-00590,SYN-CAND-00590-04,RETURN_TO_SUPPLIER,0,0.6349207535148772,0.8174123337363967
42,SG-00591,SYN-CAND-00591-01,PROMOTIONAL_BONUS,1,0.7783013386658596,0.8234597156398105
42,SG-00591,SYN-CAND-00591-02,BUNDLE,1,0.9098988237308964,0.8563151796060255
42,SG-00591,SYN-CAND-00591-03,BRANCH_TRANSFER,1,0.845105790088494,0.8057901085645356
42,SG-00591,SYN-CAND-00591-04,EXTERNAL_PARTNER,1,0.8845813153996039,0.7985865724381626
42,SG-00591,SYN-CAND-00591-05,DONATION,0,0.8268857627076963,0.6914893617021277
42,SG-00591,SYN-CAND-00591-06,LOCAL_DISCOUNT,1,0.9220878434971096,0.8536866359447005
42,SG-00591,SYN-CAND-00591-07,WHOLESALE,0,0.5986761995452804,0.7997658079625293
42,SG-00593,SYN-CAND-00593-01,BUNDLE,0,0.9008532812740474,0.8563151796060255
42,SG-00593,SYN-CAND-00593-02,WHOLESALE,1,0.8754850339597685,0.7997658079625293
42,SG-00593,SYN-CAND-00593-03,INTERNAL_REPURPOSE,1,0.8932430012598414,0.8389021479713604
42,SG-00593,SYN-CAND-00593-04,INTERNAL_USE,1,0.7756371175183568,0.7246022031823746
42,SG-00593,SYN-CAND-00593-05,EXTERNAL_PARTNER,0,0.795714003161446,0.7985865724381626
42,SG-00598,SYN-CAND-00598-01,BUNDLE,1,0.8270275100969943,0.8563151796060255
42,SG-00598,SYN-CAND-00598-02,LOCAL_DISCOUNT,1,0.8354614522190739,0.8536866359447005
42,SG-00598,SYN-CAND-00598-03,INTERNAL_USE,1,0.5097374008289713,0.7246022031823746
42,SG-00598,SYN-CAND-00598-04,BRANCH_TRANSFER,0,0.7874672247583772,0.8057901085645356
42,SG-00598,SYN-CAND-00598-05,INTERNAL_REPURPOSE,1,0.8545026422482233,0.8389021479713604
42,SG-00598,SYN-CAND-00598-06,EXTERNAL_PARTNER,0,0.5810248032889889,0.7985865724381626
42,SG-00598,SYN-CAND-00598-07,DONATION,0,0.8496610695756381,0.6914893617021277
42,SG-00598,SYN-CAND-00598-08,PROMOTIONAL_BONUS,1,0.668848501160493,0.8234597156398105
42,SG-00606,SYN-CAND-00606-01,LOCAL_DISCOUNT,1,0.8316189007203388,0.8536866359447005
42,SG-00606,SYN-CAND-00606-02,BUNDLE,1,0.8908807112387055,0.8563151796060255
42,SG-00606,SYN-CAND-00606-03,RETURN_TO_SUPPLIER,1,0.8899208656316702,0.8174123337363967
42,SG-00606,SYN-CAND-00606-04,WHOLESALE,0,0.8441032722345385,0.7997658079625293
42,SG-00606,SYN-CAND-00606-05,BRANCH_TRANSFER,1,0.8032065688897252,0.8057901085645356
42,SG-00606,SYN-CAND-00606-06,EXTERNAL_PARTNER,1,0.815698206863485,0.7985865724381626
42,SG-00614,SYN-CAND-00614-01,PROMOTIONAL_BONUS,1,0.8580295133377994,0.8234597156398105
42,SG-00614,SYN-CAND-00614-02,DONATION,0,0.7347171415917805,0.6914893617021277
42,SG-00617,SYN-CAND-00617-01,EXTERNAL_PARTNER,1,0.8960050113596464,0.7985865724381626
42,SG-00617,SYN-CAND-00617-02,INTERNAL_USE,0,0.7633813158214662,0.7246022031823746
42,SG-00617,SYN-CAND-00617-03,WHOLESALE,0,0.7657902420728581,0.7997658079625293
42,SG-00617,SYN-CAND-00617-04,DONATION,1,0.7123961565450497,0.6914893617021277
42,SG-00621,SYN-CAND-00621-01,EXTERNAL_PARTNER,1,0.8525132759265659,0.7985865724381626
42,SG-00621,SYN-CAND-00621-02,BUNDLE,0,0.8580921294392808,0.8563151796060255
42,SG-00621,SYN-CAND-00621-03,INTERNAL_REPURPOSE,0,0.8020229046257222,0.8389021479713604
42,SG-00621,SYN-CAND-00621-04,BRANCH_TRANSFER,0,0.7835260659161848,0.8057901085645356
42,SG-00621,SYN-CAND-00621-05,PROMOTIONAL_BONUS,1,0.8187390221179588,0.8234597156398105
42,SG-00621,SYN-CAND-00621-06,LOCAL_DISCOUNT,1,0.8320483193590427,0.8536866359447005
42,SG-00623,SYN-CAND-00623-01,DONATION,0,0.6071865387838573,0.6914893617021277
42,SG-00623,SYN-CAND-00623-02,WHOLESALE,0,0.7298830906004432,0.7997658079625293
42,SG-00623,SYN-CAND-00623-03,PROMOTIONAL_BONUS,1,0.8449014373501791,0.8234597156398105
42,SG-00624,SYN-CAND-00624-01,INTERNAL_REPURPOSE,0,0.8134444124665418,0.8389021479713604
42,SG-00624,SYN-CAND-00624-02,EXTERNAL_PARTNER,0,0.7982477768406872,0.7985865724381626
42,SG-00624,SYN-CAND-00624-03,BUNDLE,1,0.8470835962639266,0.8563151796060255
42,SG-00624,SYN-CAND-00624-04,PROMOTIONAL_BONUS,1,0.8786759048554075,0.8234597156398105
42,SG-00624,SYN-CAND-00624-05,BRANCH_TRANSFER,1,0.7794457003349519,0.8057901085645356
42,SG-00624,SYN-CAND-00624-06,LOCAL_DISCOUNT,0,0.821663209251233,0.8536866359447005
42,SG-00625,SYN-CAND-00625-01,DONATION,0,0.5362979423372433,0.6914893617021277
42,SG-00625,SYN-CAND-00625-02,LOCAL_DISCOUNT,1,0.7870319017851463,0.8536866359447005
42,SG-00625,SYN-CAND-00625-03,RETURN_TO_SUPPLIER,1,0.8507034088309929,0.8174123337363967
42,SG-00635,SYN-CAND-00635-01,WHOLESALE,0,0.7511626464636366,0.7997658079625293
42,SG-00635,SYN-CAND-00635-02,LOCAL_DISCOUNT,1,0.8862815359072068,0.8536866359447005
42,SG-00636,SYN-CAND-00636-01,EXTERNAL_PARTNER,1,0.8417906369584947,0.7985865724381626
42,SG-00636,SYN-CAND-00636-02,WHOLESALE,0,0.8308747662412749,0.7997658079625293
42,SG-00636,SYN-CAND-00636-03,BUNDLE,0,0.8092396408230665,0.8563151796060255
42,SG-00636,SYN-CAND-00636-04,DONATION,1,0.8122046349648802,0.6914893617021277
42,SG-00636,SYN-CAND-00636-05,INTERNAL_REPURPOSE,1,0.8875220646882324,0.8389021479713604
42,SG-00636,SYN-CAND-00636-06,INTERNAL_USE,1,0.6969351170968934,0.7246022031823746
42,SG-00645,SYN-CAND-00645-01,INTERNAL_REPURPOSE,1,0.8477133459346966,0.8389021479713604
42,SG-00645,SYN-CAND-00645-02,LOCAL_DISCOUNT,1,0.8211750674218445,0.8536866359447005
42,SG-00646,SYN-CAND-00646-01,PROMOTIONAL_BONUS,1,0.7746016257149245,0.8234597156398105
42,SG-00646,SYN-CAND-00646-02,INTERNAL_REPURPOSE,1,0.8816406968965327,0.8389021479713604
42,SG-00646,SYN-CAND-00646-03,EXTERNAL_PARTNER,1,0.5890033947688624,0.7985865724381626
42,SG-00646,SYN-CAND-00646-04,DONATION,1,0.6976044998388111,0.6914893617021277
42,SG-00646,SYN-CAND-00646-05,WHOLESALE,0,0.8174504878545963,0.7997658079625293
42,SG-00647,SYN-CAND-00647-01,PROMOTIONAL_BONUS,1,0.814456564565031,0.8234597156398105
42,SG-00647,SYN-CAND-00647-02,BUNDLE,0,0.8445060929783154,0.8563151796060255
42,SG-00647,SYN-CAND-00647-03,WHOLESALE,1,0.838870072014977,0.7997658079625293
42,SG-00647,SYN-CAND-00647-04,RETURN_TO_SUPPLIER,1,0.7330024682882498,0.8174123337363967
42,SG-00647,SYN-CAND-00647-05,EXTERNAL_PARTNER,0,0.8216551527420488,0.7985865724381626
42,SG-00647,SYN-CAND-00647-06,INTERNAL_REPURPOSE,1,0.8425079505960953,0.8389021479713604
42,SG-00650,SYN-CAND-00650-01,BUNDLE,1,0.8583230483400968,0.8563151796060255
42,SG-00650,SYN-CAND-00650-02,RETURN_TO_SUPPLIER,1,0.8566965617200331,0.8174123337363967
42,SG-00651,SYN-CAND-00651-01,WHOLESALE,1,0.8367831881221577,0.7997658079625293
42,SG-00651,SYN-CAND-00651-02,INTERNAL_REPURPOSE,0,0.7517439827144391,0.8389021479713604
42,SG-00651,SYN-CAND-00651-03,BRANCH_TRANSFER,1,0.791325435899571,0.8057901085645356
42,SG-00651,SYN-CAND-00651-04,EXTERNAL_PARTNER,1,0.8432345841008517,0.7985865724381626
42,SG-00651,SYN-CAND-00651-05,LOCAL_DISCOUNT,1,0.8740104036331523,0.8536866359447005
42,SG-00653,SYN-CAND-00653-01,RETURN_TO_SUPPLIER,1,0.8009408533651096,0.8174123337363967
42,SG-00653,SYN-CAND-00653-02,PROMOTIONAL_BONUS,1,0.9008651056711496,0.8234597156398105
42,SG-00653,SYN-CAND-00653-03,INTERNAL_REPURPOSE,1,0.826103810676647,0.8389021479713604
42,SG-00669,SYN-CAND-00669-01,LOCAL_DISCOUNT,0,0.837330758626343,0.8536866359447005
42,SG-00669,SYN-CAND-00669-02,WHOLESALE,0,0.8768725617755946,0.7997658079625293
42,SG-00669,SYN-CAND-00669-03,INTERNAL_REPURPOSE,1,0.8707369276455809,0.8389021479713604
42,SG-00671,SYN-CAND-00671-01,PROMOTIONAL_BONUS,0,0.7839565053077705,0.8234597156398105
42,SG-00671,SYN-CAND-00671-02,INTERNAL_REPURPOSE,0,0.7633357172015595,0.8389021479713604
42,SG-00671,SYN-CAND-00671-03,RETURN_TO_SUPPLIER,0,0.8505989699313858,0.8174123337363967
42,SG-00671,SYN-CAND-00671-04,DONATION,1,0.7208109005607276,0.6914893617021277
42,SG-00671,SYN-CAND-00671-05,INTERNAL_USE,1,0.6304689193007252,0.7246022031823746
42,SG-00671,SYN-CAND-00671-06,BRANCH_TRANSFER,1,0.7963072556751448,0.8057901085645356
42,SG-00671,SYN-CAND-00671-07,BUNDLE,1,0.9038972132748632,0.8563151796060255
42,SG-00709,SYN-CAND-00709-01,EXTERNAL_PARTNER,0,0.8938233412252964,0.7985865724381626
42,SG-00709,SYN-CAND-00709-02,INTERNAL_USE,1,0.7801074669891921,0.7246022031823746
42,SG-00713,SYN-CAND-00713-01,PROMOTIONAL_BONUS,1,0.8819836125153354,0.8234597156398105
42,SG-00713,SYN-CAND-00713-02,BUNDLE,1,0.7478225517675424,0.8563151796060255
42,SG-00713,SYN-CAND-00713-03,LOCAL_DISCOUNT,1,0.8554626714577171,0.8536866359447005
42,SG-00713,SYN-CAND-00713-04,EXTERNAL_PARTNER,1,0.7233775793063963,0.7985865724381626
42,SG-00713,SYN-CAND-00713-05,RETURN_TO_SUPPLIER,1,0.8000046703472153,0.8174123337363967
42,SG-00713,SYN-CAND-00713-06,WHOLESALE,0,0.6649143948113624,0.7997658079625293
42,SG-00713,SYN-CAND-00713-07,INTERNAL_REPURPOSE,0,0.8707033993382918,0.8389021479713604
42,SG-00715,SYN-CAND-00715-01,INTERNAL_USE,1,0.7017563500078179,0.7246022031823746
42,SG-00715,SYN-CAND-00715-02,LOCAL_DISCOUNT,1,0.8695863543376658,0.8536866359447005
42,SG-00715,SYN-CAND-00715-03,BRANCH_TRANSFER,1,0.854732927778085,0.8057901085645356
42,SG-00715,SYN-CAND-00715-04,DONATION,0,0.7167152884872685,0.6914893617021277
42,SG-00715,SYN-CAND-00715-05,INTERNAL_REPURPOSE,1,0.8944544366238891,0.8389021479713604
42,SG-00715,SYN-CAND-00715-06,PROMOTIONAL_BONUS,1,0.7941342155092893,0.8234597156398105
42,SG-00715,SYN-CAND-00715-07,EXTERNAL_PARTNER,1,0.769912352691289,0.7985865724381626
42,SG-00715,SYN-CAND-00715-08,RETURN_TO_SUPPLIER,1,0.7943697325304384,0.8174123337363967
42,SG-00726,SYN-CAND-00726-01,PROMOTIONAL_BONUS,1,0.8676812514015071,0.8234597156398105
42,SG-00726,SYN-CAND-00726-02,INTERNAL_USE,1,0.7511812956948936,0.7246022031823746
42,SG-00726,SYN-CAND-00726-03,RETURN_TO_SUPPLIER,1,0.8822037222779076,0.8174123337363967
42,SG-00726,SYN-CAND-00726-04,INTERNAL_REPURPOSE,1,0.7948672640692248,0.8389021479713604
42,SG-00726,SYN-CAND-00726-05,WHOLESALE,0,0.7440807573875329,0.7997658079625293
42,SG-00726,SYN-CAND-00726-06,LOCAL_DISCOUNT,1,0.9112805429957065,0.8536866359447005
42,SG-00726,SYN-CAND-00726-07,BRANCH_TRANSFER,1,0.8999220121450806,0.8057901085645356
42,SG-00726,SYN-CAND-00726-08,BUNDLE,0,0.9016113426505334,0.8563151796060255
42,SG-00737,SYN-CAND-00737-01,WHOLESALE,1,0.9006440804848087,0.7997658079625293
42,SG-00737,SYN-CAND-00737-02,INTERNAL_USE,0,0.743525650600183,0.7246022031823746
42,SG-00737,SYN-CAND-00737-03,PROMOTIONAL_BONUS,1,0.5826844076878632,0.8234597156398105
42,SG-00737,SYN-CAND-00737-04,LOCAL_DISCOUNT,1,0.8852861753506949,0.8536866359447005
42,SG-00741,SYN-CAND-00741-01,INTERNAL_REPURPOSE,1,0.8900198486077981,0.8389021479713604
42,SG-00741,SYN-CAND-00741-02,DONATION,1,0.8259394043808125,0.6914893617021277
42,SG-00741,SYN-CAND-00741-03,EXTERNAL_PARTNER,1,0.8641660151830968,0.7985865724381626
42,SG-00741,SYN-CAND-00741-04,RETURN_TO_SUPPLIER,0,0.8792401808774067,0.8174123337363967
42,SG-00741,SYN-CAND-00741-05,BRANCH_TRANSFER,1,0.687688751269397,0.8057901085645356
42,SG-00741,SYN-CAND-00741-06,PROMOTIONAL_BONUS,0,0.9006704959315516,0.8234597156398105
42,SG-00754,SYN-CAND-00754-01,RETURN_TO_SUPPLIER,1,0.7297581754390658,0.8174123337363967
42,SG-00754,SYN-CAND-00754-02,INTERNAL_USE,0,0.8382576922124424,0.7246022031823746
42,SG-00754,SYN-CAND-00754-03,BRANCH_TRANSFER,1,0.782354466349878,0.8057901085645356
42,SG-00754,SYN-CAND-00754-04,BUNDLE,1,0.9148302257342904,0.8563151796060255
42,SG-00754,SYN-CAND-00754-05,DONATION,1,0.790292024507777,0.6914893617021277
42,SG-00754,SYN-CAND-00754-06,PROMOTIONAL_BONUS,1,0.8996568097116177,0.8234597156398105
42,SG-00754,SYN-CAND-00754-07,WHOLESALE,1,0.8482772671548969,0.7997658079625293
42,SG-00755,SYN-CAND-00755-01,RETURN_TO_SUPPLIER,1,0.8609550608131561,0.8174123337363967
42,SG-00755,SYN-CAND-00755-02,WHOLESALE,1,0.9007015818852911,0.7997658079625293
42,SG-00755,SYN-CAND-00755-03,LOCAL_DISCOUNT,1,0.8467862078445773,0.8536866359447005
42,SG-00759,SYN-CAND-00759-01,PROMOTIONAL_BONUS,1,0.8629966223012958,0.8234597156398105
42,SG-00759,SYN-CAND-00759-02,RETURN_TO_SUPPLIER,1,0.7972896887751866,0.8174123337363967
42,SG-00759,SYN-CAND-00759-03,LOCAL_DISCOUNT,1,0.8314546146376073,0.8536866359447005
42,SG-00759,SYN-CAND-00759-04,INTERNAL_USE,1,0.8127681466555766,0.7246022031823746
42,SG-00759,SYN-CAND-00759-05,INTERNAL_REPURPOSE,1,0.8438376581692046,0.8389021479713604
42,SG-00763,SYN-CAND-00763-01,INTERNAL_REPURPOSE,1,0.8211018811455257,0.8389021479713604
42,SG-00763,SYN-CAND-00763-02,WHOLESALE,1,0.6516479505517339,0.7997658079625293
42,SG-00763,SYN-CAND-00763-03,BRANCH_TRANSFER,1,0.8848184682617983,0.8057901085645356
42,SG-00763,SYN-CAND-00763-04,RETURN_TO_SUPPLIER,1,0.7879154620568257,0.8174123337363967
42,SG-00763,SYN-CAND-00763-05,PROMOTIONAL_BONUS,1,0.8584796039241033,0.8234597156398105
42,SG-00769,SYN-CAND-00769-01,BRANCH_TRANSFER,0,0.8282747081926953,0.8057901085645356
42,SG-00769,SYN-CAND-00769-02,DONATION,1,0.7507112699201733,0.6914893617021277
42,SG-00769,SYN-CAND-00769-03,EXTERNAL_PARTNER,1,0.8415468781579782,0.7985865724381626
42,SG-00769,SYN-CAND-00769-04,INTERNAL_REPURPOSE,1,0.8834478106405959,0.8389021479713604
42,SG-00769,SYN-CAND-00769-05,LOCAL_DISCOUNT,0,0.874559956639835,0.8536866359447005
42,SG-00769,SYN-CAND-00769-06,PROMOTIONAL_BONUS,1,0.8149577296615228,0.8234597156398105
42,SG-00769,SYN-CAND-00769-07,RETURN_TO_SUPPLIER,1,0.7398327500339003,0.8174123337363967
42,SG-00769,SYN-CAND-00769-08,WHOLESALE,1,0.8242655310739113,0.7997658079625293
42,SG-00770,SYN-CAND-00770-01,INTERNAL_USE,1,0.8068047643560482,0.7246022031823746
42,SG-00770,SYN-CAND-00770-02,WHOLESALE,0,0.8047458956188724,0.7997658079625293
42,SG-00775,SYN-CAND-00775-01,INTERNAL_USE,0,0.7816556281544801,0.7246022031823746
42,SG-00775,SYN-CAND-00775-02,PROMOTIONAL_BONUS,1,0.8388280203206558,0.8234597156398105
42,SG-00775,SYN-CAND-00775-03,RETURN_TO_SUPPLIER,1,0.7634872702534315,0.8174123337363967
42,SG-00775,SYN-CAND-00775-04,BUNDLE,1,0.7225453630762809,0.8563151796060255
42,SG-00775,SYN-CAND-00775-05,EXTERNAL_PARTNER,1,0.754505516636722,0.7985865724381626
42,SG-00783,SYN-CAND-00783-01,PROMOTIONAL_BONUS,1,0.9092021425202711,0.8234597156398105
42,SG-00783,SYN-CAND-00783-02,WHOLESALE,1,0.8748959728694683,0.7997658079625293
42,SG-00783,SYN-CAND-00783-03,BRANCH_TRANSFER,1,0.7645387047694562,0.8057901085645356
42,SG-00783,SYN-CAND-00783-04,BUNDLE,1,0.8351438029310686,0.8563151796060255
42,SG-00783,SYN-CAND-00783-05,INTERNAL_REPURPOSE,1,0.8887557056399703,0.8389021479713604
42,SG-00792,SYN-CAND-00792-01,INTERNAL_USE,1,0.6966821279253381,0.7246022031823746
42,SG-00792,SYN-CAND-00792-02,BRANCH_TRANSFER,1,0.7644120490093621,0.8057901085645356
42,SG-00795,SYN-CAND-00795-01,WHOLESALE,1,0.7711979125143232,0.7997658079625293
42,SG-00795,SYN-CAND-00795-02,PROMOTIONAL_BONUS,0,0.6314280603049932,0.8234597156398105
42,SG-00795,SYN-CAND-00795-03,BUNDLE,1,0.8985035215183903,0.8563151796060255
42,SG-00802,SYN-CAND-00802-01,RETURN_TO_SUPPLIER,1,0.8511226925854645,0.8174123337363967
42,SG-00802,SYN-CAND-00802-02,INTERNAL_REPURPOSE,0,0.8628713466752402,0.8389021479713604
42,SG-00802,SYN-CAND-00802-03,EXTERNAL_PARTNER,1,0.8345245881787486,0.7985865724381626
42,SG-00802,SYN-CAND-00802-04,WHOLESALE,1,0.837862589452298,0.7997658079625293
42,SG-00802,SYN-CAND-00802-05,BRANCH_TRANSFER,1,0.8468898077056707,0.8057901085645356
42,SG-00802,SYN-CAND-00802-06,BUNDLE,1,0.8536652400074755,0.8563151796060255
42,SG-00814,SYN-CAND-00814-01,BUNDLE,1,0.8037058643897977,0.8563151796060255
42,SG-00814,SYN-CAND-00814-02,PROMOTIONAL_BONUS,1,0.8938668087948487,0.8234597156398105
42,SG-00814,SYN-CAND-00814-03,INTERNAL_USE,1,0.766079216281062,0.7246022031823746
42,SG-00815,SYN-CAND-00815-01,WHOLESALE,1,0.6534779532927548,0.7997658079625293
42,SG-00815,SYN-CAND-00815-02,BRANCH_TRANSFER,1,0.5890802655912653,0.8057901085645356
42,SG-00815,SYN-CAND-00815-03,RETURN_TO_SUPPLIER,1,0.752005097714784,0.8174123337363967
42,SG-00816,SYN-CAND-00816-01,INTERNAL_REPURPOSE,1,0.8267523897657456,0.8389021479713604
42,SG-00816,SYN-CAND-00816-02,WHOLESALE,0,0.8937801459276717,0.7997658079625293
42,SG-00816,SYN-CAND-00816-03,INTERNAL_USE,1,0.7129861418907861,0.7246022031823746
42,SG-00816,SYN-CAND-00816-04,BUNDLE,1,0.8301063046300882,0.8563151796060255
42,SG-00816,SYN-CAND-00816-05,DONATION,0,0.7789691554038174,0.6914893617021277
42,SG-00816,SYN-CAND-00816-06,LOCAL_DISCOUNT,1,0.9073169874927308,0.8536866359447005
42,SG-00816,SYN-CAND-00816-07,RETURN_TO_SUPPLIER,1,0.8673414019715243,0.8174123337363967
42,SG-00816,SYN-CAND-00816-08,PROMOTIONAL_BONUS,1,0.8364467627909566,0.8234597156398105
42,SG-00823,SYN-CAND-00823-01,EXTERNAL_PARTNER,0,0.7353511690500145,0.7985865724381626
42,SG-00823,SYN-CAND-00823-02,DONATION,0,0.777641057592306,0.6914893617021277
42,SG-00823,SYN-CAND-00823-03,WHOLESALE,0,0.829194624542419,0.7997658079625293
42,SG-00823,SYN-CAND-00823-04,BRANCH_TRANSFER,1,0.7780631201860685,0.8057901085645356
42,SG-00825,SYN-CAND-00825-01,LOCAL_DISCOUNT,1,0.8002757510961191,0.8536866359447005
42,SG-00825,SYN-CAND-00825-02,BRANCH_TRANSFER,1,0.9057077166928988,0.8057901085645356
42,SG-00825,SYN-CAND-00825-03,WHOLESALE,1,0.8262222422698737,0.7997658079625293
42,SG-00825,SYN-CAND-00825-04,INTERNAL_REPURPOSE,0,0.8439532674492123,0.8389021479713604
42,SG-00825,SYN-CAND-00825-05,DONATION,0,0.7941915658646274,0.6914893617021277
42,SG-00827,SYN-CAND-00827-01,BRANCH_TRANSFER,0,0.8892470249745403,0.8057901085645356
42,SG-00827,SYN-CAND-00827-02,EXTERNAL_PARTNER,1,0.8062293329724859,0.7985865724381626
42,SG-00833,SYN-CAND-00833-01,INTERNAL_REPURPOSE,0,0.6668633563499354,0.8389021479713604
42,SG-00833,SYN-CAND-00833-02,BRANCH_TRANSFER,1,0.8104810611645904,0.8057901085645356
42,SG-00833,SYN-CAND-00833-03,LOCAL_DISCOUNT,1,0.8608129488198566,0.8536866359447005
42,SG-00833,SYN-CAND-00833-04,WHOLESALE,1,0.5364492381206888,0.7997658079625293
42,SG-00833,SYN-CAND-00833-05,INTERNAL_USE,1,0.671922526229281,0.7246022031823746
42,SG-00833,SYN-CAND-00833-06,DONATION,0,0.7576597132924312,0.6914893617021277
42,SG-00833,SYN-CAND-00833-07,RETURN_TO_SUPPLIER,1,0.8548316241913637,0.8174123337363967
42,SG-00833,SYN-CAND-00833-08,BUNDLE,1,0.8220876375806084,0.8563151796060255
42,SG-00840,SYN-CAND-00840-01,BRANCH_TRANSFER,0,0.8272180524385415,0.8057901085645356
42,SG-00840,SYN-CAND-00840-02,RETURN_TO_SUPPLIER,1,0.687924220909475,0.8174123337363967
42,SG-00840,SYN-CAND-00840-03,INTERNAL_USE,1,0.7624562059280481,0.7246022031823746
42,SG-00840,SYN-CAND-00840-04,BUNDLE,1,0.8740259095308487,0.8563151796060255
42,SG-00850,SYN-CAND-00850-01,BRANCH_TRANSFER,0,0.74859468246648,0.8057901085645356
42,SG-00850,SYN-CAND-00850-02,DONATION,1,0.6334259153296835,0.6914893617021277
42,SG-00850,SYN-CAND-00850-03,BUNDLE,1,0.9026491763093815,0.8563151796060255
42,SG-00858,SYN-CAND-00858-01,EXTERNAL_PARTNER,0,0.8872094075723231,0.7985865724381626
42,SG-00858,SYN-CAND-00858-02,INTERNAL_REPURPOSE,1,0.8114618828766581,0.8389021479713604
42,SG-00858,SYN-CAND-00858-03,PROMOTIONAL_BONUS,1,0.9130795321310009,0.8234597156398105
42,SG-00858,SYN-CAND-00858-04,BUNDLE,1,0.905192734759914,0.8563151796060255
42,SG-00858,SYN-CAND-00858-05,DONATION,1,0.7022840170168417,0.6914893617021277
42,SG-00858,SYN-CAND-00858-06,WHOLESALE,1,0.8577453419432187,0.7997658079625293
42,SG-00858,SYN-CAND-00858-07,BRANCH_TRANSFER,1,0.819191461087313,0.8057901085645356
42,SG-00871,SYN-CAND-00871-01,EXTERNAL_PARTNER,1,0.8848007880199599,0.7985865724381626
42,SG-00871,SYN-CAND-00871-02,INTERNAL_USE,1,0.8364489255347449,0.7246022031823746
42,SG-00871,SYN-CAND-00871-03,INTERNAL_REPURPOSE,1,0.8555418404037899,0.8389021479713604
42,SG-00871,SYN-CAND-00871-04,WHOLESALE,1,0.81586318365532,0.7997658079625293
42,SG-00871,SYN-CAND-00871-05,PROMOTIONAL_BONUS,0,0.8913496861135108,0.8234597156398105
42,SG-00871,SYN-CAND-00871-06,DONATION,0,0.4788060842586333,0.6914893617021277
42,SG-00888,SYN-CAND-00888-01,DONATION,1,0.6842024160015063,0.6914893617021277
42,SG-00888,SYN-CAND-00888-02,PROMOTIONAL_BONUS,0,0.662119225891305,0.8234597156398105
42,SG-00888,SYN-CAND-00888-03,EXTERNAL_PARTNER,1,0.6024626239678847,0.7985865724381626
42,SG-00888,SYN-CAND-00888-04,RETURN_TO_SUPPLIER,0,0.8304500603045563,0.8174123337363967
42,SG-00888,SYN-CAND-00888-05,BUNDLE,1,0.7866938354377732,0.8563151796060255
42,SG-00888,SYN-CAND-00888-06,LOCAL_DISCOUNT,1,0.8702809582946092,0.8536866359447005
42,SG-00888,SYN-CAND-00888-07,INTERNAL_REPURPOSE,1,0.8382431861465041,0.8389021479713604
42,SG-00888,SYN-CAND-00888-08,INTERNAL_USE,1,0.7988764878076338,0.7246022031823746
42,SG-00889,SYN-CAND-00889-01,INTERNAL_REPURPOSE,1,0.873813955392507,0.8389021479713604
42,SG-00889,SYN-CAND-00889-02,EXTERNAL_PARTNER,1,0.7448325354434538,0.7985865724381626
42,SG-00889,SYN-CAND-00889-03,RETURN_TO_SUPPLIER,0,0.6985176251048306,0.8174123337363967
42,SG-00889,SYN-CAND-00889-04,LOCAL_DISCOUNT,1,0.8312604561662754,0.8536866359447005
42,SG-00889,SYN-CAND-00889-05,BUNDLE,0,0.8872984905320254,0.8563151796060255
42,SG-00902,SYN-CAND-00902-01,DONATION,1,0.7647254632266179,0.6914893617021277
42,SG-00902,SYN-CAND-00902-02,LOCAL_DISCOUNT,1,0.8162790926171928,0.8536866359447005
42,SG-00902,SYN-CAND-00902-03,BUNDLE,1,0.7663681271997631,0.8563151796060255
42,SG-00902,SYN-CAND-00902-04,EXTERNAL_PARTNER,1,0.8465009603645579,0.7985865724381626
42,SG-00902,SYN-CAND-00902-05,RETURN_TO_SUPPLIER,0,0.8711632835074603,0.8174123337363967
42,SG-00902,SYN-CAND-00902-06,INTERNAL_USE,1,0.6790406930854971,0.7246022031823746
42,SG-00902,SYN-CAND-00902-07,PROMOTIONAL_BONUS,1,0.8210845382932797,0.8234597156398105
42,SG-00902,SYN-CAND-00902-08,INTERNAL_REPURPOSE,1,0.7615568144929988,0.8389021479713604
42,SG-00904,SYN-CAND-00904-01,RETURN_TO_SUPPLIER,1,0.8701790428068433,0.8174123337363967
42,SG-00904,SYN-CAND-00904-02,LOCAL_DISCOUNT,1,0.8764809641019428,0.8536866359447005
42,SG-00904,SYN-CAND-00904-03,PROMOTIONAL_BONUS,1,0.8759667158863128,0.8234597156398105
42,SG-00904,SYN-CAND-00904-04,BRANCH_TRANSFER,1,0.7846750168867013,0.8057901085645356
42,SG-00905,SYN-CAND-00905-01,INTERNAL_REPURPOSE,1,0.8482014683106441,0.8389021479713604
42,SG-00905,SYN-CAND-00905-02,WHOLESALE,1,0.8110650143825977,0.7997658079625293
42,SG-00905,SYN-CAND-00905-03,INTERNAL_USE,1,0.7626324302479817,0.7246022031823746
42,SG-00905,SYN-CAND-00905-04,BUNDLE,1,0.9245429952186109,0.8563151796060255
42,SG-00911,SYN-CAND-00911-01,INTERNAL_USE,0,0.6587010131942885,0.7246022031823746
42,SG-00911,SYN-CAND-00911-02,PROMOTIONAL_BONUS,1,0.8950282432475607,0.8234597156398105
42,SG-00911,SYN-CAND-00911-03,WHOLESALE,1,0.8187808575501774,0.7997658079625293
42,SG-00911,SYN-CAND-00911-04,RETURN_TO_SUPPLIER,1,0.8431600412123499,0.8174123337363967
42,SG-00917,SYN-CAND-00917-01,RETURN_TO_SUPPLIER,1,0.8125376178317877,0.8174123337363967
42,SG-00917,SYN-CAND-00917-02,EXTERNAL_PARTNER,1,0.7903828524546919,0.7985865724381626
42,SG-00917,SYN-CAND-00917-03,PROMOTIONAL_BONUS,1,0.882795606483004,0.8234597156398105
42,SG-00917,SYN-CAND-00917-04,BRANCH_TRANSFER,1,0.8705791091754924,0.8057901085645356
42,SG-00917,SYN-CAND-00917-05,INTERNAL_REPURPOSE,1,0.8779553665906541,0.8389021479713604
42,SG-00919,SYN-CAND-00919-01,WHOLESALE,1,0.8683609132096827,0.7997658079625293
42,SG-00919,SYN-CAND-00919-02,BUNDLE,1,0.8194800064807798,0.8563151796060255
42,SG-00919,SYN-CAND-00919-03,DONATION,1,0.7118915990791838,0.6914893617021277
42,SG-00919,SYN-CAND-00919-04,LOCAL_DISCOUNT,1,0.7577171596197801,0.8536866359447005
42,SG-00919,SYN-CAND-00919-05,PROMOTIONAL_BONUS,1,0.8514457303915055,0.8234597156398105
42,SG-00926,SYN-CAND-00926-01,WHOLESALE,1,0.7700746440765927,0.7997658079625293
42,SG-00926,SYN-CAND-00926-02,BUNDLE,1,0.8229337026547918,0.8563151796060255
42,SG-00926,SYN-CAND-00926-03,RETURN_TO_SUPPLIER,0,0.7744652851678856,0.8174123337363967
42,SG-00929,SYN-CAND-00929-01,RETURN_TO_SUPPLIER,1,0.7776375872407745,0.8174123337363967
42,SG-00929,SYN-CAND-00929-02,INTERNAL_USE,1,0.8463904449166013,0.7246022031823746
42,SG-00929,SYN-CAND-00929-03,BRANCH_TRANSFER,1,0.8319363915483249,0.8057901085645356
42,SG-00929,SYN-CAND-00929-04,BUNDLE,1,0.9027048063543516,0.8563151796060255
42,SG-00929,SYN-CAND-00929-05,DONATION,1,0.751631641479307,0.6914893617021277
42,SG-00929,SYN-CAND-00929-06,LOCAL_DISCOUNT,1,0.7556390962880513,0.8536866359447005
42,SG-00930,SYN-CAND-00930-01,BRANCH_TRANSFER,1,0.858290106305792,0.8057901085645356
42,SG-00930,SYN-CAND-00930-02,LOCAL_DISCOUNT,1,0.9028528279806051,0.8536866359447005
42,SG-00930,SYN-CAND-00930-03,PROMOTIONAL_BONUS,1,0.9227206935038552,0.8234597156398105
42,SG-00930,SYN-CAND-00930-04,RETURN_TO_SUPPLIER,0,0.9124884494560582,0.8174123337363967
42,SG-00930,SYN-CAND-00930-05,INTERNAL_REPURPOSE,1,0.8574345152404425,0.8389021479713604
42,SG-00933,SYN-CAND-00933-01,PROMOTIONAL_BONUS,0,0.8848314569930208,0.8234597156398105
42,SG-00933,SYN-CAND-00933-02,BRANCH_TRANSFER,1,0.7943674014317679,0.8057901085645356
42,SG-00933,SYN-CAND-00933-03,DONATION,1,0.7265667893216675,0.6914893617021277
42,SG-00944,SYN-CAND-00944-01,WHOLESALE,1,0.7292755782074327,0.7997658079625293
42,SG-00944,SYN-CAND-00944-02,BUNDLE,1,0.8476348209267253,0.8563151796060255
42,SG-00944,SYN-CAND-00944-03,INTERNAL_USE,1,0.7573117267169828,0.7246022031823746
42,SG-00944,SYN-CAND-00944-04,RETURN_TO_SUPPLIER,1,0.8135268517498262,0.8174123337363967
42,SG-00944,SYN-CAND-00944-05,EXTERNAL_PARTNER,1,0.8037337327311873,0.7985865724381626
42,SG-00944,SYN-CAND-00944-06,INTERNAL_REPURPOSE,1,0.8628965229225924,0.8389021479713604
42,SG-00944,SYN-CAND-00944-07,LOCAL_DISCOUNT,1,0.8527667567543902,0.8536866359447005
42,SG-00953,SYN-CAND-00953-01,PROMOTIONAL_BONUS,1,0.8116599727974759,0.8234597156398105
42,SG-00953,SYN-CAND-00953-02,INTERNAL_REPURPOSE,0,0.9056646889883239,0.8389021479713604
42,SG-00953,SYN-CAND-00953-03,EXTERNAL_PARTNER,1,0.7784125507241321,0.7985865724381626
42,SG-00953,SYN-CAND-00953-04,LOCAL_DISCOUNT,0,0.8495411791427029,0.8536866359447005
42,SG-00953,SYN-CAND-00953-05,WHOLESALE,0,0.7042542139887511,0.7997658079625293
42,SG-00953,SYN-CAND-00953-06,RETURN_TO_SUPPLIER,1,0.8536378168889951,0.8174123337363967
42,SG-00964,SYN-CAND-00964-01,EXTERNAL_PARTNER,1,0.7936741104145768,0.7985865724381626
42,SG-00964,SYN-CAND-00964-02,DONATION,0,0.7693059778473629,0.6914893617021277
42,SG-00989,SYN-CAND-00989-01,INTERNAL_USE,1,0.7673760537282448,0.7246022031823746
42,SG-00989,SYN-CAND-00989-02,BRANCH_TRANSFER,1,0.7344396653659617,0.8057901085645356
42,SG-00989,SYN-CAND-00989-03,BUNDLE,0,0.9245151361066194,0.8563151796060255
42,SG-00989,SYN-CAND-00989-04,EXTERNAL_PARTNER,1,0.8640766206102914,0.7985865724381626
42,SG-00989,SYN-CAND-00989-05,DONATION,1,0.6776412934893932,0.6914893617021277
42,SG-00989,SYN-CAND-00989-06,INTERNAL_REPURPOSE,1,0.8397374505873939,0.8389021479713604
42,SG-00990,SYN-CAND-00990-01,LOCAL_DISCOUNT,1,0.8980872421828456,0.8536866359447005
42,SG-00990,SYN-CAND-00990-02,RETURN_TO_SUPPLIER,1,0.8727781899654666,0.8174123337363967
42,SG-00991,SYN-CAND-00991-01,INTERNAL_REPURPOSE,1,0.9253241158611789,0.8389021479713604
42,SG-00991,SYN-CAND-00991-02,BRANCH_TRANSFER,1,0.7979207648916811,0.8057901085645356
42,SG-00995,SYN-CAND-00995-01,INTERNAL_USE,1,0.8393840058577966,0.7246022031823746
42,SG-00995,SYN-CAND-00995-02,INTERNAL_REPURPOSE,1,0.8640724789883163,0.8389021479713604
42,SG-00995,SYN-CAND-00995-03,BRANCH_TRANSFER,1,0.9026718899721691,0.8057901085645356
42,SG-00995,SYN-CAND-00995-04,LOCAL_DISCOUNT,1,0.7841633908168136,0.8536866359447005
42,SG-00995,SYN-CAND-00995-05,PROMOTIONAL_BONUS,0,0.8678514863677632,0.8234597156398105
42,SG-00995,SYN-CAND-00995-06,RETURN_TO_SUPPLIER,1,0.8329415788821943,0.8174123337363967
42,SG-00995,SYN-CAND-00995-07,DONATION,1,0.8288131499582617,0.6914893617021277
42,SG-00995,SYN-CAND-00995-08,EXTERNAL_PARTNER,1,0.8339590866113882,0.7985865724381626
42,SG-00997,SYN-CAND-00997-01,INTERNAL_REPURPOSE,1,0.8420533724788228,0.8389021479713604
42,SG-00997,SYN-CAND-00997-02,DONATION,1,0.7476080834562516,0.6914893617021277
42,SG-00997,SYN-CAND-00997-03,INTERNAL_USE,1,0.6561539762861428,0.7246022031823746
42,SG-00997,SYN-CAND-00997-04,PROMOTIONAL_BONUS,1,0.864021134273935,0.8234597156398105
42,SG-00997,SYN-CAND-00997-05,EXTERNAL_PARTNER,0,0.8164331546534143,0.7985865724381626
42,SG-01001,SYN-CAND-01001-01,INTERNAL_REPURPOSE,1,0.8311106154612904,0.8389021479713604
42,SG-01001,SYN-CAND-01001-02,LOCAL_DISCOUNT,1,0.8250258714464249,0.8536866359447005
42,SG-01001,SYN-CAND-01001-03,EXTERNAL_PARTNER,0,0.8571715633460486,0.7985865724381626
42,SG-01003,SYN-CAND-01003-01,INTERNAL_USE,1,0.6468094500248761,0.7246022031823746
42,SG-01003,SYN-CAND-01003-02,INTERNAL_REPURPOSE,1,0.7266604774985763,0.8389021479713604
42,SG-01003,SYN-CAND-01003-03,PROMOTIONAL_BONUS,0,0.8309604456200477,0.8234597156398105
42,SG-01003,SYN-CAND-01003-04,BRANCH_TRANSFER,1,0.8143078879187071,0.8057901085645356
42,SG-01003,SYN-CAND-01003-05,DONATION,1,0.7923914105378661,0.6914893617021277
42,SG-01007,SYN-CAND-01007-01,PROMOTIONAL_BONUS,1,0.8783457136823444,0.8234597156398105
42,SG-01007,SYN-CAND-01007-02,LOCAL_DISCOUNT,1,0.8912707030567605,0.8536866359447005
42,SG-01007,SYN-CAND-01007-03,DONATION,0,0.6452861651992634,0.6914893617021277
42,SG-01007,SYN-CAND-01007-04,WHOLESALE,1,0.8035348959401758,0.7997658079625293
42,SG-01007,SYN-CAND-01007-05,BRANCH_TRANSFER,1,0.6519938326705581,0.8057901085645356
42,SG-01009,SYN-CAND-01009-01,EXTERNAL_PARTNER,1,0.6532341440424119,0.7985865724381626
42,SG-01009,SYN-CAND-01009-02,WHOLESALE,1,0.8943966318583586,0.7997658079625293
42,SG-01009,SYN-CAND-01009-03,BRANCH_TRANSFER,1,0.8355811622865876,0.8057901085645356
42,SG-01009,SYN-CAND-01009-04,BUNDLE,1,0.8960810680727277,0.8563151796060255
42,SG-01016,SYN-CAND-01016-01,DONATION,1,0.4203364953312389,0.6914893617021277
42,SG-01016,SYN-CAND-01016-02,LOCAL_DISCOUNT,1,0.6054324465349085,0.8536866359447005
42,SG-01016,SYN-CAND-01016-03,PROMOTIONAL_BONUS,1,0.8752646717212158,0.8234597156398105
42,SG-01016,SYN-CAND-01016-04,INTERNAL_USE,1,0.7286354341120331,0.7246022031823746
42,SG-01016,SYN-CAND-01016-05,WHOLESALE,1,0.9303372122518859,0.7997658079625293
42,SG-01016,SYN-CAND-01016-06,BRANCH_TRANSFER,1,0.9056395863627728,0.8057901085645356
42,SG-01016,SYN-CAND-01016-07,INTERNAL_REPURPOSE,0,0.7639081961295461,0.8389021479713604
42,SG-01016,SYN-CAND-01016-08,RETURN_TO_SUPPLIER,1,0.7803740870342692,0.8174123337363967
42,SG-01020,SYN-CAND-01020-01,DONATION,0,0.7866802022677435,0.6914893617021277
42,SG-01020,SYN-CAND-01020-02,WHOLESALE,1,0.7992191865684894,0.7997658079625293
42,SG-01020,SYN-CAND-01020-03,INTERNAL_REPURPOSE,1,0.8495067175668702,0.8389021479713604
42,SG-01033,SYN-CAND-01033-01,DONATION,1,0.791924171906276,0.6914893617021277
42,SG-01033,SYN-CAND-01033-02,WHOLESALE,1,0.7501223171590198,0.7997658079625293
42,SG-01033,SYN-CAND-01033-03,RETURN_TO_SUPPLIER,1,0.8468724637998631,0.8174123337363967
42,SG-01033,SYN-CAND-01033-04,INTERNAL_REPURPOSE,1,0.8680771438326098,0.8389021479713604
42,SG-01033,SYN-CAND-01033-05,EXTERNAL_PARTNER,1,0.87799084822862,0.7985865724381626
42,SG-01033,SYN-CAND-01033-06,BRANCH_TRANSFER,1,0.8494095074254564,0.8057901085645356
42,SG-01051,SYN-CAND-01051-01,BRANCH_TRANSFER,0,0.8113373441051418,0.8057901085645356
42,SG-01051,SYN-CAND-01051-02,BUNDLE,1,0.925976071365585,0.8563151796060255
42,SG-01051,SYN-CAND-01051-03,WHOLESALE,0,0.7818201615641677,0.7997658079625293
42,SG-01051,SYN-CAND-01051-04,INTERNAL_USE,1,0.6329945742958021,0.7246022031823746
42,SG-01051,SYN-CAND-01051-05,PROMOTIONAL_BONUS,1,0.7928376472836767,0.8234597156398105
42,SG-01051,SYN-CAND-01051-06,INTERNAL_REPURPOSE,1,0.8364658774497058,0.8389021479713604
42,SG-01056,SYN-CAND-01056-01,DONATION,1,0.7140278286475654,0.6914893617021277
42,SG-01056,SYN-CAND-01056-02,INTERNAL_REPURPOSE,1,0.8821999897284125,0.8389021479713604
42,SG-01056,SYN-CAND-01056-03,EXTERNAL_PARTNER,1,0.7981229807099942,0.7985865724381626
42,SG-01056,SYN-CAND-01056-04,RETURN_TO_SUPPLIER,1,0.8107320180369978,0.8174123337363967
42,SG-01056,SYN-CAND-01056-05,PROMOTIONAL_BONUS,1,0.8320210371345943,0.8234597156398105
42,SG-01058,SYN-CAND-01058-01,BUNDLE,1,0.8279741668455278,0.8563151796060255
42,SG-01058,SYN-CAND-01058-02,PROMOTIONAL_BONUS,1,0.8255078635820865,0.8234597156398105
42,SG-01058,SYN-CAND-01058-03,INTERNAL_USE,1,0.8098380114108333,0.7246022031823746
42,SG-01058,SYN-CAND-01058-04,BRANCH_TRANSFER,1,0.7816732151253288,0.8057901085645356
42,SG-01058,SYN-CAND-01058-05,RETURN_TO_SUPPLIER,1,0.8981023301144638,0.8174123337363967
42,SG-01058,SYN-CAND-01058-06,WHOLESALE,1,0.8739057671295093,0.7997658079625293
42,SG-01058,SYN-CAND-01058-07,LOCAL_DISCOUNT,1,0.6307632398878297,0.8536866359447005
42,SG-01058,SYN-CAND-01058-08,EXTERNAL_PARTNER,1,0.8859499454397431,0.7985865724381626
42,SG-01065,SYN-CAND-01065-01,EXTERNAL_PARTNER,1,0.6948081692973891,0.7985865724381626
42,SG-01065,SYN-CAND-01065-02,DONATION,0,0.7902254441495092,0.6914893617021277
42,SG-01065,SYN-CAND-01065-03,BUNDLE,1,0.849590729837496,0.8563151796060255
42,SG-01069,SYN-CAND-01069-01,BUNDLE,1,0.8063167413357231,0.8563151796060255
42,SG-01069,SYN-CAND-01069-02,LOCAL_DISCOUNT,1,0.7499213077496181,0.8536866359447005
42,SG-01069,SYN-CAND-01069-03,PROMOTIONAL_BONUS,1,0.7579540423253125,0.8234597156398105
42,SG-01069,SYN-CAND-01069-04,WHOLESALE,0,0.84363243822605,0.7997658079625293
42,SG-01069,SYN-CAND-01069-05,EXTERNAL_PARTNER,1,0.6335885451305914,0.7985865724381626
42,SG-01069,SYN-CAND-01069-06,RETURN_TO_SUPPLIER,1,0.8327333461878155,0.8174123337363967
42,SG-01069,SYN-CAND-01069-07,BRANCH_TRANSFER,1,0.8475784869592028,0.8057901085645356
42,SG-01075,SYN-CAND-01075-01,WHOLESALE,1,0.7884783166620766,0.7997658079625293
42,SG-01075,SYN-CAND-01075-02,BUNDLE,1,0.8851420900940915,0.8563151796060255
42,SG-01075,SYN-CAND-01075-03,DONATION,1,0.8219422381459993,0.6914893617021277
42,SG-01083,SYN-CAND-01083-01,WHOLESALE,1,0.8782479298386565,0.7997658079625293
42,SG-01083,SYN-CAND-01083-02,DONATION,1,0.71603545133924,0.6914893617021277
42,SG-01083,SYN-CAND-01083-03,INTERNAL_USE,0,0.7843509039748301,0.7246022031823746
42,SG-01083,SYN-CAND-01083-04,RETURN_TO_SUPPLIER,1,0.751684995935511,0.8174123337363967
42,SG-01083,SYN-CAND-01083-05,LOCAL_DISCOUNT,1,0.7821653043021466,0.8536866359447005
42,SG-01083,SYN-CAND-01083-06,BUNDLE,1,0.8823477328123837,0.8563151796060255
42,SG-01083,SYN-CAND-01083-07,INTERNAL_REPURPOSE,0,0.8824274712989438,0.8389021479713604
42,SG-01087,SYN-CAND-01087-01,INTERNAL_USE,1,0.792541405544764,0.7246022031823746
42,SG-01087,SYN-CAND-01087-02,DONATION,1,0.6765081716069462,0.6914893617021277
42,SG-01087,SYN-CAND-01087-03,RETURN_TO_SUPPLIER,0,0.863109749714862,0.8174123337363967
42,SG-01087,SYN-CAND-01087-04,EXTERNAL_PARTNER,1,0.7146773526716502,0.7985865724381626
42,SG-01088,SYN-CAND-01088-01,INTERNAL_USE,0,0.6612071023182616,0.7246022031823746
42,SG-01088,SYN-CAND-01088-02,RETURN_TO_SUPPLIER,1,0.8916498511682868,0.8174123337363967
42,SG-01095,SYN-CAND-01095-01,BUNDLE,1,0.8516448127478669,0.8563151796060255
42,SG-01095,SYN-CAND-01095-02,INTERNAL_USE,0,0.7179804310687234,0.7246022031823746
42,SG-01095,SYN-CAND-01095-03,PROMOTIONAL_BONUS,1,0.8665790315754907,0.8234597156398105
42,SG-01095,SYN-CAND-01095-04,INTERNAL_REPURPOSE,0,0.695247264094837,0.8389021479713604
42,SG-01095,SYN-CAND-01095-05,LOCAL_DISCOUNT,1,0.7927955414824059,0.8536866359447005
42,SG-01096,SYN-CAND-01096-01,RETURN_TO_SUPPLIER,1,0.8814347299074515,0.8174123337363967
42,SG-01096,SYN-CAND-01096-02,PROMOTIONAL_BONUS,1,0.8868562835651951,0.8234597156398105
42,SG-01096,SYN-CAND-01096-03,BUNDLE,1,0.8698137201127051,0.8563151796060255
42,SG-01106,SYN-CAND-01106-01,INTERNAL_REPURPOSE,1,0.9302824554280815,0.8389021479713604
42,SG-01106,SYN-CAND-01106-02,INTERNAL_USE,1,0.8176251171413831,0.7246022031823746
42,SG-01106,SYN-CAND-01106-03,PROMOTIONAL_BONUS,1,0.8528977328083446,0.8234597156398105
42,SG-01106,SYN-CAND-01106-04,LOCAL_DISCOUNT,1,0.9301724658337079,0.8536866359447005
42,SG-01106,SYN-CAND-01106-05,BUNDLE,1,0.9252077662261524,0.8563151796060255
42,SG-01132,SYN-CAND-01132-01,BRANCH_TRANSFER,1,0.8418977515110869,0.8057901085645356
42,SG-01132,SYN-CAND-01132-02,EXTERNAL_PARTNER,1,0.8345217009008239,0.7985865724381626
42,SG-01137,SYN-CAND-01137-01,RETURN_TO_SUPPLIER,1,0.8419024915096203,0.8174123337363967
42,SG-01137,SYN-CAND-01137-02,LOCAL_DISCOUNT,1,0.7523408182172219,0.8536866359447005
42,SG-01137,SYN-CAND-01137-03,INTERNAL_USE,1,0.8042213942000292,0.7246022031823746
42,SG-01137,SYN-CAND-01137-04,BUNDLE,1,0.8338607818713111,0.8563151796060255
42,SG-01144,SYN-CAND-01144-01,BRANCH_TRANSFER,1,0.8060803943730869,0.8057901085645356
42,SG-01144,SYN-CAND-01144-02,EXTERNAL_PARTNER,1,0.7102794954330328,0.7985865724381626
42,SG-01144,SYN-CAND-01144-03,RETURN_TO_SUPPLIER,1,0.7471159455957037,0.8174123337363967
42,SG-01169,SYN-CAND-01169-01,INTERNAL_USE,1,0.7722102843818397,0.7246022031823746
42,SG-01169,SYN-CAND-01169-02,LOCAL_DISCOUNT,1,0.842367029770932,0.8536866359447005
42,SG-01169,SYN-CAND-01169-03,WHOLESALE,1,0.8555918676632595,0.7997658079625293
42,SG-01169,SYN-CAND-01169-04,BUNDLE,1,0.9042979852077102,0.8563151796060255
42,SG-01169,SYN-CAND-01169-05,RETURN_TO_SUPPLIER,1,0.886688729837241,0.8174123337363967
42,SG-01169,SYN-CAND-01169-06,EXTERNAL_PARTNER,1,0.8872928911158678,0.7985865724381626
42,SG-01169,SYN-CAND-01169-07,BRANCH_TRANSFER,1,0.7853357009005103,0.8057901085645356
42,SG-01169,SYN-CAND-01169-08,INTERNAL_REPURPOSE,1,0.8934729789174248,0.8389021479713604
42,SG-01180,SYN-CAND-01180-01,EXTERNAL_PARTNER,1,0.8190337139739258,0.7985865724381626
42,SG-01180,SYN-CAND-01180-02,BUNDLE,0,0.8994126977252779,0.8563151796060255
42,SG-01193,SYN-CAND-01193-01,EXTERNAL_PARTNER,1,0.8249126545260783,0.7985865724381626
42,SG-01193,SYN-CAND-01193-02,RETURN_TO_SUPPLIER,1,0.8438622948735174,0.8174123337363967
42,SG-01193,SYN-CAND-01193-03,INTERNAL_USE,1,0.7365292497233695,0.7246022031823746
42,SG-01193,SYN-CAND-01193-04,BUNDLE,1,0.9051369520650974,0.8563151796060255
42,SG-01193,SYN-CAND-01193-05,INTERNAL_REPURPOSE,1,0.8997422166207123,0.8389021479713604
42,SG-01193,SYN-CAND-01193-06,DONATION,1,0.7946227521316771,0.6914893617021277
42,SG-01193,SYN-CAND-01193-07,WHOLESALE,1,0.86598380726877,0.7997658079625293
42,SG-01194,SYN-CAND-01194-01,EXTERNAL_PARTNER,1,0.9182918417894413,0.7985865724381626
42,SG-01194,SYN-CAND-01194-02,DONATION,1,0.6283726714858152,0.6914893617021277
42,SG-01194,SYN-CAND-01194-03,INTERNAL_REPURPOSE,1,0.8662236305732705,0.8389021479713604
42,SG-01197,SYN-CAND-01197-01,BUNDLE,0,0.8804733474943461,0.8563151796060255
42,SG-01197,SYN-CAND-01197-02,WHOLESALE,1,0.9043228272953059,0.7997658079625293
42,SG-01197,SYN-CAND-01197-03,LOCAL_DISCOUNT,1,0.7844797859860171,0.8536866359447005
42,SG-01199,SYN-CAND-01199-01,EXTERNAL_PARTNER,1,0.6134330443803997,0.7985865724381626
42,SG-01199,SYN-CAND-01199-02,BRANCH_TRANSFER,1,0.8053280682679153,0.8057901085645356
42,SG-01199,SYN-CAND-01199-03,BUNDLE,1,0.8793665394509287,0.8563151796060255
42,SG-01201,SYN-CAND-01201-01,EXTERNAL_PARTNER,1,0.8535546738733277,0.7985865724381626
42,SG-01201,SYN-CAND-01201-02,LOCAL_DISCOUNT,1,0.915492861015762,0.8536866359447005
42,SG-01201,SYN-CAND-01201-03,PROMOTIONAL_BONUS,1,0.856936966350893,0.8234597156398105
42,SG-01202,SYN-CAND-01202-01,LOCAL_DISCOUNT,0,0.7590814531282637,0.8536866359447005
42,SG-01202,SYN-CAND-01202-02,EXTERNAL_PARTNER,1,0.8949108192205034,0.7985865724381626
42,SG-01202,SYN-CAND-01202-03,INTERNAL_USE,1,0.8386823141267495,0.7246022031823746
42,SG-01202,SYN-CAND-01202-04,PROMOTIONAL_BONUS,1,0.8919344278551015,0.8234597156398105
42,SG-01207,SYN-CAND-01207-01,PROMOTIONAL_BONUS,1,0.8251847251244854,0.8234597156398105
42,SG-01207,SYN-CAND-01207-02,RETURN_TO_SUPPLIER,1,0.8631345947093834,0.8174123337363967
42,SG-01207,SYN-CAND-01207-03,BRANCH_TRANSFER,0,0.8276924232938148,0.8057901085645356
42,SG-01207,SYN-CAND-01207-04,WHOLESALE,0,0.8463628648215156,0.7997658079625293
42,SG-01207,SYN-CAND-01207-05,DONATION,0,0.6034671399172098,0.6914893617021277
42,SG-01226,SYN-CAND-01226-01,LOCAL_DISCOUNT,0,0.8296433633224654,0.8536866359447005
42,SG-01226,SYN-CAND-01226-02,DONATION,1,0.6502634606587866,0.6914893617021277
42,SG-01226,SYN-CAND-01226-03,BUNDLE,1,0.9166223717160333,0.8563151796060255
42,SG-01226,SYN-CAND-01226-04,INTERNAL_REPURPOSE,1,0.8323379594743141,0.8389021479713604
42,SG-01226,SYN-CAND-01226-05,PROMOTIONAL_BONUS,0,0.8534880536840919,0.8234597156398105
42,SG-01226,SYN-CAND-01226-06,INTERNAL_USE,1,0.7047006289775747,0.7246022031823746
42,SG-01226,SYN-CAND-01226-07,BRANCH_TRANSFER,1,0.8458380373330073,0.8057901085645356
42,SG-01226,SYN-CAND-01226-08,EXTERNAL_PARTNER,1,0.850482649552656,0.7985865724381626
42,SG-01229,SYN-CAND-01229-01,EXTERNAL_PARTNER,1,0.8784225469757044,0.7985865724381626
42,SG-01229,SYN-CAND-01229-02,DONATION,0,0.76865989467688,0.6914893617021277
42,SG-01229,SYN-CAND-01229-03,RETURN_TO_SUPPLIER,0,0.863099414853021,0.8174123337363967
42,SG-01229,SYN-CAND-01229-04,BRANCH_TRANSFER,1,0.8183891727929471,0.8057901085645356
42,SG-01230,SYN-CAND-01230-01,BRANCH_TRANSFER,1,0.7743049334108322,0.8057901085645356
42,SG-01230,SYN-CAND-01230-02,INTERNAL_USE,1,0.6763228287954723,0.7246022031823746
42,SG-01233,SYN-CAND-01233-01,DONATION,0,0.722203501105076,0.6914893617021277
42,SG-01233,SYN-CAND-01233-02,RETURN_TO_SUPPLIER,1,0.7751264239266334,0.8174123337363967
42,SG-01233,SYN-CAND-01233-03,BUNDLE,1,0.8908324622235283,0.8563151796060255
42,SG-01233,SYN-CAND-01233-04,LOCAL_DISCOUNT,0,0.8184100877962857,0.8536866359447005
42,SG-01234,SYN-CAND-01234-01,LOCAL_DISCOUNT,1,0.8498651309877737,0.8536866359447005
42,SG-01234,SYN-CAND-01234-02,BUNDLE,1,0.8964653900026939,0.8563151796060255
42,SG-01234,SYN-CAND-01234-03,RETURN_TO_SUPPLIER,1,0.7531306170686861,0.8174123337363967
42,SG-01234,SYN-CAND-01234-04,DONATION,1,0.6107035188748521,0.6914893617021277
42,SG-01234,SYN-CAND-01234-05,WHOLESALE,1,0.8135076484559787,0.7997658079625293
42,SG-01234,SYN-CAND-01234-06,PROMOTIONAL_BONUS,1,0.7997368544104014,0.8234597156398105
42,SG-01240,SYN-CAND-01240-01,RETURN_TO_SUPPLIER,1,0.891188407630798,0.8174123337363967
42,SG-01240,SYN-CAND-01240-02,INTERNAL_USE,0,0.7244337636473157,0.7246022031823746
42,SG-01250,SYN-CAND-01250-01,LOCAL_DISCOUNT,1,0.8951233029720929,0.8536866359447005
42,SG-01250,SYN-CAND-01250-02,INTERNAL_USE,1,0.8022990864630726,0.7246022031823746
42,SG-01250,SYN-CAND-01250-03,BUNDLE,1,0.8816303948203489,0.8563151796060255
42,SG-01250,SYN-CAND-01250-04,BRANCH_TRANSFER,0,0.8587684343735529,0.8057901085645356
42,SG-01250,SYN-CAND-01250-05,RETURN_TO_SUPPLIER,0,0.86020920869186,0.8174123337363967
42,SG-01250,SYN-CAND-01250-06,INTERNAL_REPURPOSE,1,0.8460345116641415,0.8389021479713604
42,SG-01250,SYN-CAND-01250-07,EXTERNAL_PARTNER,0,0.7856998048943521,0.7985865724381626
42,SG-01250,SYN-CAND-01250-08,DONATION,1,0.6172291066551105,0.6914893617021277
42,SG-01281,SYN-CAND-01281-01,DONATION,1,0.7856557962173467,0.6914893617021277
42,SG-01281,SYN-CAND-01281-02,RETURN_TO_SUPPLIER,1,0.8828134302245922,0.8174123337363967
42,SG-01281,SYN-CAND-01281-03,INTERNAL_USE,1,0.6652991707144796,0.7246022031823746
42,SG-01281,SYN-CAND-01281-04,BUNDLE,1,0.8164044869112383,0.8563151796060255
42,SG-01281,SYN-CAND-01281-05,EXTERNAL_PARTNER,1,0.8855957524314972,0.7985865724381626
42,SG-01281,SYN-CAND-01281-06,WHOLESALE,1,0.8591146231563407,0.7997658079625293
42,SG-01281,SYN-CAND-01281-07,INTERNAL_REPURPOSE,1,0.8686981686853991,0.8389021479713604
42,SG-01281,SYN-CAND-01281-08,LOCAL_DISCOUNT,1,0.8625671853492433,0.8536866359447005
42,SG-01283,SYN-CAND-01283-01,DONATION,1,0.7875947847809255,0.6914893617021277
42,SG-01283,SYN-CAND-01283-02,RETURN_TO_SUPPLIER,1,0.7767854031173294,0.8174123337363967
42,SG-01283,SYN-CAND-01283-03,BUNDLE,1,0.8886638587170377,0.8563151796060255
42,SG-01283,SYN-CAND-01283-04,BRANCH_TRANSFER,1,0.7882599287119922,0.8057901085645356
42,SG-01299,SYN-CAND-01299-01,DONATION,0,0.835958095599257,0.6914893617021277
42,SG-01299,SYN-CAND-01299-02,RETURN_TO_SUPPLIER,1,0.8801221714753166,0.8174123337363967
42,SG-01299,SYN-CAND-01299-03,WHOLESALE,1,0.6394435817471249,0.7997658079625293
42,SG-01300,SYN-CAND-01300-01,DONATION,0,0.6925471728272462,0.6914893617021277
42,SG-01300,SYN-CAND-01300-02,INTERNAL_USE,1,0.7146994737431069,0.7246022031823746
42,SG-01300,SYN-CAND-01300-03,EXTERNAL_PARTNER,1,0.8417184663436456,0.7985865724381626
42,SG-01300,SYN-CAND-01300-04,LOCAL_DISCOUNT,1,0.896260096465033,0.8536866359447005
42,SG-01300,SYN-CAND-01300-05,WHOLESALE,1,0.828336666503876,0.7997658079625293
42,SG-01300,SYN-CAND-01300-06,RETURN_TO_SUPPLIER,1,0.8292284157116386,0.8174123337363967
42,SG-01300,SYN-CAND-01300-07,INTERNAL_REPURPOSE,0,0.8196847140791546,0.8389021479713604
42,SG-01311,SYN-CAND-01311-01,DONATION,1,0.7762727436503467,0.6914893617021277
42,SG-01311,SYN-CAND-01311-02,RETURN_TO_SUPPLIER,1,0.8059308334858764,0.8174123337363967
42,SG-01311,SYN-CAND-01311-03,WHOLESALE,1,0.6964247450018203,0.7997658079625293
42,SG-01311,SYN-CAND-01311-04,PROMOTIONAL_BONUS,1,0.8338340341312709,0.8234597156398105
42,SG-01311,SYN-CAND-01311-05,INTERNAL_REPURPOSE,1,0.7237200404109465,0.8389021479713604
42,SG-01312,SYN-CAND-01312-01,WHOLESALE,1,0.7500219098736964,0.7997658079625293
42,SG-01312,SYN-CAND-01312-02,INTERNAL_REPURPOSE,1,0.8899350602277785,0.8389021479713604
42,SG-01312,SYN-CAND-01312-03,PROMOTIONAL_BONUS,1,0.855229977473109,0.8234597156398105
42,SG-01312,SYN-CAND-01312-04,EXTERNAL_PARTNER,1,0.8892517176788104,0.7985865724381626
42,SG-01312,SYN-CAND-01312-05,RETURN_TO_SUPPLIER,1,0.8820205413885336,0.8174123337363967
42,SG-01312,SYN-CAND-01312-06,BUNDLE,1,0.8886224070668346,0.8563151796060255
42,SG-01312,SYN-CAND-01312-07,INTERNAL_USE,1,0.8185184230471994,0.7246022031823746
42,SG-01312,SYN-CAND-01312-08,LOCAL_DISCOUNT,1,0.8992476317087993,0.8536866359447005
42,SG-01313,SYN-CAND-01313-01,BUNDLE,1,0.8877996852561026,0.8563151796060255
42,SG-01313,SYN-CAND-01313-02,PROMOTIONAL_BONUS,0,0.849298658906673,0.8234597156398105
42,SG-01313,SYN-CAND-01313-03,EXTERNAL_PARTNER,1,0.8644995410156071,0.7985865724381626
42,SG-01313,SYN-CAND-01313-04,INTERNAL_USE,1,0.7077155349478826,0.7246022031823746
42,SG-01313,SYN-CAND-01313-05,WHOLESALE,1,0.9047289542058288,0.7997658079625293
42,SG-01313,SYN-CAND-01313-06,DONATION,1,0.6770177003213496,0.6914893617021277
42,SG-01313,SYN-CAND-01313-07,BRANCH_TRANSFER,1,0.8922956659588132,0.8057901085645356
42,SG-01323,SYN-CAND-01323-01,BRANCH_TRANSFER,1,0.8249998450953541,0.8057901085645356
42,SG-01323,SYN-CAND-01323-02,WHOLESALE,0,0.9025416317610172,0.7997658079625293
42,SG-01323,SYN-CAND-01323-03,DONATION,0,0.7216989364602122,0.6914893617021277
42,SG-01323,SYN-CAND-01323-04,INTERNAL_USE,1,0.8358319755865805,0.7246022031823746
42,SG-01323,SYN-CAND-01323-05,LOCAL_DISCOUNT,1,0.9002153250879384,0.8536866359447005
42,SG-01343,SYN-CAND-01343-01,RETURN_TO_SUPPLIER,1,0.7902368731449979,0.8174123337363967
42,SG-01343,SYN-CAND-01343-02,WHOLESALE,0,0.574561322522562,0.7997658079625293
42,SG-01343,SYN-CAND-01343-03,DONATION,0,0.7467173077189739,0.6914893617021277
42,SG-01343,SYN-CAND-01343-04,LOCAL_DISCOUNT,1,0.8910598408910668,0.8536866359447005
42,SG-01343,SYN-CAND-01343-05,PROMOTIONAL_BONUS,1,0.8003186984059958,0.8234597156398105
42,SG-01344,SYN-CAND-01344-01,WHOLESALE,1,0.7447726762768433,0.7997658079625293
42,SG-01344,SYN-CAND-01344-02,PROMOTIONAL_BONUS,0,0.676856194099218,0.8234597156398105
42,SG-01344,SYN-CAND-01344-03,LOCAL_DISCOUNT,0,0.8689306973630831,0.8536866359447005
42,SG-01344,SYN-CAND-01344-04,BRANCH_TRANSFER,1,0.8143300700290658,0.8057901085645356
42,SG-01344,SYN-CAND-01344-05,DONATION,0,0.7101119057318807,0.6914893617021277
42,SG-01344,SYN-CAND-01344-06,INTERNAL_USE,0,0.7543555028806266,0.7246022031823746
42,SG-01344,SYN-CAND-01344-07,EXTERNAL_PARTNER,0,0.7798641739463505,0.7985865724381626
42,SG-01348,SYN-CAND-01348-01,LOCAL_DISCOUNT,1,0.591870483672344,0.8536866359447005
42,SG-01348,SYN-CAND-01348-02,EXTERNAL_PARTNER,1,0.7466750518101201,0.7985865724381626
42,SG-01348,SYN-CAND-01348-03,RETURN_TO_SUPPLIER,1,0.8094841667677013,0.8174123337363967
42,SG-01348,SYN-CAND-01348-04,BUNDLE,0,0.8724363293423011,0.8563151796060255
42,SG-01359,SYN-CAND-01359-01,BUNDLE,0,0.8177217578032944,0.8563151796060255
42,SG-01359,SYN-CAND-01359-02,BRANCH_TRANSFER,1,0.8289224824835099,0.8057901085645356
42,SG-01359,SYN-CAND-01359-03,PROMOTIONAL_BONUS,1,0.6776221381748498,0.8234597156398105
42,SG-01380,SYN-CAND-01380-01,DONATION,1,0.5789317849096673,0.6914893617021277
42,SG-01380,SYN-CAND-01380-02,INTERNAL_REPURPOSE,0,0.8463269173433652,0.8389021479713604
42,SG-01407,SYN-CAND-01407-01,LOCAL_DISCOUNT,1,0.7570467593652218,0.8536866359447005
42,SG-01407,SYN-CAND-01407-02,INTERNAL_USE,1,0.765370256730892,0.7246022031823746
42,SG-01407,SYN-CAND-01407-03,EXTERNAL_PARTNER,1,0.8370728501852336,0.7985865724381626
42,SG-01407,SYN-CAND-01407-04,INTERNAL_REPURPOSE,1,0.8584106414725777,0.8389021479713604
42,SG-01407,SYN-CAND-01407-05,RETURN_TO_SUPPLIER,1,0.8294106953162061,0.8174123337363967
42,SG-01407,SYN-CAND-01407-06,BRANCH_TRANSFER,0,0.8130019515618571,0.8057901085645356
42,SG-01411,SYN-CAND-01411-01,BRANCH_TRANSFER,1,0.8013085911753647,0.8057901085645356
42,SG-01411,SYN-CAND-01411-02,BUNDLE,1,0.8328629609927013,0.8563151796060255
42,SG-01411,SYN-CAND-01411-03,RETURN_TO_SUPPLIER,0,0.5039919873418178,0.8174123337363967
42,SG-01411,SYN-CAND-01411-04,LOCAL_DISCOUNT,1,0.7437568571132713,0.8536866359447005
42,SG-01411,SYN-CAND-01411-05,PROMOTIONAL_BONUS,1,0.8910097936246063,0.8234597156398105
42,SG-01418,SYN-CAND-01418-01,PROMOTIONAL_BONUS,1,0.8480099071903462,0.8234597156398105
42,SG-01418,SYN-CAND-01418-02,INTERNAL_REPURPOSE,1,0.8285577394292571,0.8389021479713604
42,SG-01418,SYN-CAND-01418-03,EXTERNAL_PARTNER,1,0.5940499088800472,0.7985865724381626
42,SG-01418,SYN-CAND-01418-04,DONATION,1,0.7555495422553279,0.6914893617021277
42,SG-01418,SYN-CAND-01418-05,BUNDLE,1,0.8797854200334922,0.8563151796060255
42,SG-01418,SYN-CAND-01418-06,BRANCH_TRANSFER,1,0.7777002051302414,0.8057901085645356
42,SG-01418,SYN-CAND-01418-07,RETURN_TO_SUPPLIER,1,0.8320286332595225,0.8174123337363967
42,SG-01425,SYN-CAND-01425-01,INTERNAL_USE,1,0.7628897187310245,0.7246022031823746
42,SG-01425,SYN-CAND-01425-02,RETURN_TO_SUPPLIER,0,0.8187561803801473,0.8174123337363967
42,SG-01435,SYN-CAND-01435-01,INTERNAL_REPURPOSE,1,0.8027955869011301,0.8389021479713604
42,SG-01435,SYN-CAND-01435-02,LOCAL_DISCOUNT,1,0.7210524392977096,0.8536866359447005
42,SG-01435,SYN-CAND-01435-03,BRANCH_TRANSFER,1,0.8566839413678423,0.8057901085645356
42,SG-01440,SYN-CAND-01440-01,LOCAL_DISCOUNT,1,0.8651633922197676,0.8536866359447005
42,SG-01440,SYN-CAND-01440-02,PROMOTIONAL_BONUS,1,0.914600457226488,0.8234597156398105
42,SG-01440,SYN-CAND-01440-03,EXTERNAL_PARTNER,1,0.8908131989649319,0.7985865724381626
42,SG-01447,SYN-CAND-01447-01,EXTERNAL_PARTNER,1,0.8633359654486022,0.7985865724381626
42,SG-01447,SYN-CAND-01447-02,PROMOTIONAL_BONUS,1,0.8745751740830376,0.8234597156398105
42,SG-01447,SYN-CAND-01447-03,INTERNAL_REPURPOSE,1,0.9014073124432141,0.8389021479713604
42,SG-01447,SYN-CAND-01447-04,RETURN_TO_SUPPLIER,0,0.8386014530235104,0.8174123337363967
42,SG-01447,SYN-CAND-01447-05,INTERNAL_USE,1,0.7233235946611399,0.7246022031823746
42,SG-01449,SYN-CAND-01449-01,BRANCH_TRANSFER,0,0.8574181691396564,0.8057901085645356
42,SG-01449,SYN-CAND-01449-02,LOCAL_DISCOUNT,1,0.8476496385926382,0.8536866359447005
42,SG-01449,SYN-CAND-01449-03,PROMOTIONAL_BONUS,1,0.8148283413295022,0.8234597156398105
42,SG-01449,SYN-CAND-01449-04,BUNDLE,1,0.7758875675071186,0.8563151796060255
42,SG-01449,SYN-CAND-01449-05,INTERNAL_REPURPOSE,0,0.8282437769184072,0.8389021479713604
42,SG-01449,SYN-CAND-01449-06,RETURN_TO_SUPPLIER,1,0.7653111552573179,0.8174123337363967
42,SG-01449,SYN-CAND-01449-07,DONATION,1,0.7266430771267061,0.6914893617021277
42,SG-01449,SYN-CAND-01449-08,WHOLESALE,1,0.790745153887929,0.7997658079625293
42,SG-01479,SYN-CAND-01479-01,WHOLESALE,0,0.749999650871553,0.7997658079625293
42,SG-01479,SYN-CAND-01479-02,BRANCH_TRANSFER,1,0.7834895342546098,0.8057901085645356
42,SG-01479,SYN-CAND-01479-03,PROMOTIONAL_BONUS,1,0.8233572572310592,0.8234597156398105
42,SG-01479,SYN-CAND-01479-04,BUNDLE,1,0.9160755109186758,0.8563151796060255
42,SG-01479,SYN-CAND-01479-05,DONATION,1,0.7397615199147062,0.6914893617021277
42,SG-01481,SYN-CAND-01481-01,EXTERNAL_PARTNER,1,0.8188287730417618,0.7985865724381626
42,SG-01481,SYN-CAND-01481-02,BRANCH_TRANSFER,1,0.7558175636821501,0.8057901085645356
42,SG-01481,SYN-CAND-01481-03,PROMOTIONAL_BONUS,1,0.8303735182158252,0.8234597156398105
42,SG-01481,SYN-CAND-01481-04,BUNDLE,1,0.8383787235301771,0.8563151796060255
42,SG-01481,SYN-CAND-01481-05,INTERNAL_USE,0,0.6731318045006325,0.7246022031823746
42,SG-01481,SYN-CAND-01481-06,LOCAL_DISCOUNT,1,0.8857426315488763,0.8536866359447005
42,SG-01485,SYN-CAND-01485-01,INTERNAL_REPURPOSE,1,0.8165199571054181,0.8389021479713604
42,SG-01485,SYN-CAND-01485-02,BRANCH_TRANSFER,1,0.7996545151199886,0.8057901085645356
42,SG-01485,SYN-CAND-01485-03,BUNDLE,1,0.8650290407623649,0.8563151796060255
42,SG-01485,SYN-CAND-01485-04,DONATION,1,0.7494780346096404,0.6914893617021277
42,SG-01487,SYN-CAND-01487-01,INTERNAL_USE,1,0.7583189567860803,0.7246022031823746
42,SG-01487,SYN-CAND-01487-02,PROMOTIONAL_BONUS,1,0.874924483033571,0.8234597156398105
42,SG-01487,SYN-CAND-01487-03,BRANCH_TRANSFER,1,0.7527829131288877,0.8057901085645356
42,SG-01516,SYN-CAND-01516-01,PROMOTIONAL_BONUS,1,0.8411537847598515,0.8234597156398105
42,SG-01516,SYN-CAND-01516-02,DONATION,0,0.6033345756510555,0.6914893617021277
42,SG-01516,SYN-CAND-01516-03,RETURN_TO_SUPPLIER,0,0.6862553503151606,0.8174123337363967
42,SG-01516,SYN-CAND-01516-04,EXTERNAL_PARTNER,0,0.7866477037487662,0.7985865724381626
42,SG-01516,SYN-CAND-01516-05,BUNDLE,1,0.7824011182110622,0.8563151796060255
42,SG-01516,SYN-CAND-01516-06,LOCAL_DISCOUNT,1,0.8580603492838073,0.8536866359447005
42,SG-01532,SYN-CAND-01532-01,RETURN_TO_SUPPLIER,1,0.5897829958622786,0.8174123337363967
42,SG-01532,SYN-CAND-01532-02,EXTERNAL_PARTNER,1,0.6989358344775591,0.7985865724381626
42,SG-01532,SYN-CAND-01532-03,LOCAL_DISCOUNT,1,0.7540059872714415,0.8536866359447005
42,SG-01532,SYN-CAND-01532-04,BUNDLE,1,0.8536375986630935,0.8563151796060255
42,SG-01532,SYN-CAND-01532-05,BRANCH_TRANSFER,1,0.8898357320232542,0.8057901085645356
42,SG-01532,SYN-CAND-01532-06,PROMOTIONAL_BONUS,1,0.8532942749362257,0.8234597156398105
42,SG-01532,SYN-CAND-01532-07,INTERNAL_REPURPOSE,1,0.8997663070251004,0.8389021479713604
42,SG-01532,SYN-CAND-01532-08,INTERNAL_USE,0,0.8252351229570349,0.7246022031823746
42,SG-01537,SYN-CAND-01537-01,DONATION,1,0.6833216247768312,0.6914893617021277
42,SG-01537,SYN-CAND-01537-02,EXTERNAL_PARTNER,1,0.6989419943947287,0.7985865724381626
42,SG-01537,SYN-CAND-01537-03,INTERNAL_REPURPOSE,0,0.8514010408161654,0.8389021479713604
42,SG-01537,SYN-CAND-01537-04,PROMOTIONAL_BONUS,1,0.9052785982943268,0.8234597156398105
42,SG-01537,SYN-CAND-01537-05,BUNDLE,1,0.8631503972897037,0.8563151796060255
42,SG-01537,SYN-CAND-01537-06,WHOLESALE,1,0.7636884394726592,0.7997658079625293
42,SG-01537,SYN-CAND-01537-07,RETURN_TO_SUPPLIER,1,0.7395498874284265,0.8174123337363967
42,SG-01537,SYN-CAND-01537-08,LOCAL_DISCOUNT,0,0.813049076270487,0.8536866359447005
42,SG-01548,SYN-CAND-01548-01,INTERNAL_USE,1,0.712781100051787,0.7246022031823746
42,SG-01548,SYN-CAND-01548-02,DONATION,1,0.7206407220518319,0.6914893617021277
42,SG-01548,SYN-CAND-01548-03,BUNDLE,1,0.8963439610577248,0.8563151796060255
42,SG-01548,SYN-CAND-01548-04,LOCAL_DISCOUNT,1,0.8374493049156777,0.8536866359447005
42,SG-01548,SYN-CAND-01548-05,WHOLESALE,1,0.7413873786410777,0.7997658079625293
42,SG-01548,SYN-CAND-01548-06,RETURN_TO_SUPPLIER,0,0.7794758627376431,0.8174123337363967
42,SG-01548,SYN-CAND-01548-07,INTERNAL_REPURPOSE,1,0.885439709650747,0.8389021479713604
42,SG-01548,SYN-CAND-01548-08,BRANCH_TRANSFER,0,0.8566472718923381,0.8057901085645356
42,SG-01549,SYN-CAND-01549-01,EXTERNAL_PARTNER,0,0.8491760424133192,0.7985865724381626
42,SG-01549,SYN-CAND-01549-02,RETURN_TO_SUPPLIER,0,0.8425032512752989,0.8174123337363967
42,SG-01550,SYN-CAND-01550-01,RETURN_TO_SUPPLIER,1,0.725511628984211,0.8174123337363967
42,SG-01550,SYN-CAND-01550-02,WHOLESALE,1,0.8136201439535002,0.7997658079625293
42,SG-01550,SYN-CAND-01550-03,BRANCH_TRANSFER,0,0.8264245901498674,0.8057901085645356
42,SG-01556,SYN-CAND-01556-01,PROMOTIONAL_BONUS,1,0.807854007087827,0.8234597156398105
42,SG-01556,SYN-CAND-01556-02,DONATION,1,0.7649625464904314,0.6914893617021277
42,SG-01557,SYN-CAND-01557-01,EXTERNAL_PARTNER,1,0.77925755788732,0.7985865724381626
42,SG-01557,SYN-CAND-01557-02,INTERNAL_USE,1,0.7508990868389867,0.7246022031823746
42,SG-01557,SYN-CAND-01557-03,WHOLESALE,1,0.884090334815623,0.7997658079625293
42,SG-01557,SYN-CAND-01557-04,PROMOTIONAL_BONUS,1,0.8755118900903951,0.8234597156398105
42,SG-01557,SYN-CAND-01557-05,DONATION,1,0.7093571289270284,0.6914893617021277
42,SG-01557,SYN-CAND-01557-06,INTERNAL_REPURPOSE,0,0.8080551489372394,0.8389021479713604
42,SG-01557,SYN-CAND-01557-07,BRANCH_TRANSFER,1,0.8174641595318654,0.8057901085645356
42,SG-01566,SYN-CAND-01566-01,DONATION,1,0.748772602809429,0.6914893617021277
42,SG-01566,SYN-CAND-01566-02,EXTERNAL_PARTNER,1,0.8136725750538681,0.7985865724381626
42,SG-01566,SYN-CAND-01566-03,INTERNAL_REPURPOSE,0,0.861714299779421,0.8389021479713604
42,SG-01566,SYN-CAND-01566-04,WHOLESALE,1,0.838219977779547,0.7997658079625293
42,SG-01566,SYN-CAND-01566-05,LOCAL_DISCOUNT,1,0.7732414198142273,0.8536866359447005
42,SG-01566,SYN-CAND-01566-06,INTERNAL_USE,1,0.830125705542287,0.7246022031823746
42,SG-01566,SYN-CAND-01566-07,BRANCH_TRANSFER,1,0.7193045140801093,0.8057901085645356
42,SG-01566,SYN-CAND-01566-08,RETURN_TO_SUPPLIER,1,0.8851130152771324,0.8174123337363967
42,SG-01570,SYN-CAND-01570-01,BUNDLE,1,0.9010647249448366,0.8563151796060255
42,SG-01570,SYN-CAND-01570-02,RETURN_TO_SUPPLIER,1,0.8885917351881372,0.8174123337363967
42,SG-01570,SYN-CAND-01570-03,DONATION,1,0.7716455857041227,0.6914893617021277
42,SG-01570,SYN-CAND-01570-04,PROMOTIONAL_BONUS,1,0.7497220407512315,0.8234597156398105
42,SG-01570,SYN-CAND-01570-05,INTERNAL_USE,1,0.7186187613899104,0.7246022031823746
42,SG-01570,SYN-CAND-01570-06,INTERNAL_REPURPOSE,1,0.8525759643215445,0.8389021479713604
42,SG-01570,SYN-CAND-01570-07,BRANCH_TRANSFER,1,0.7533247132002846,0.8057901085645356
42,SG-01577,SYN-CAND-01577-01,BRANCH_TRANSFER,1,0.8713820220253912,0.8057901085645356
42,SG-01577,SYN-CAND-01577-02,INTERNAL_REPURPOSE,0,0.8198603313817269,0.8389021479713604
42,SG-01579,SYN-CAND-01579-01,DONATION,1,0.7736861339444672,0.6914893617021277
42,SG-01579,SYN-CAND-01579-02,INTERNAL_REPURPOSE,1,0.9027511634851226,0.8389021479713604
42,SG-01579,SYN-CAND-01579-03,BUNDLE,0,0.6929033353598248,0.8563151796060255
42,SG-01579,SYN-CAND-01579-04,INTERNAL_USE,1,0.7963762435776107,0.7246022031823746
42,SG-01579,SYN-CAND-01579-05,RETURN_TO_SUPPLIER,0,0.6816112056225015,0.8174123337363967
42,SG-01579,SYN-CAND-01579-06,WHOLESALE,1,0.80744669444448,0.7997658079625293
42,SG-01579,SYN-CAND-01579-07,LOCAL_DISCOUNT,1,0.8553847432012285,0.8536866359447005
42,SG-01579,SYN-CAND-01579-08,EXTERNAL_PARTNER,1,0.8058368453819126,0.7985865724381626
42,SG-01585,SYN-CAND-01585-01,EXTERNAL_PARTNER,1,0.9199466381094109,0.7985865724381626
42,SG-01585,SYN-CAND-01585-02,DONATION,0,0.7144882095432501,0.6914893617021277
42,SG-01585,SYN-CAND-01585-03,INTERNAL_USE,1,0.805576905146076,0.7246022031823746
42,SG-01585,SYN-CAND-01585-04,LOCAL_DISCOUNT,1,0.8445191029439189,0.8536866359447005
42,SG-01585,SYN-CAND-01585-05,RETURN_TO_SUPPLIER,1,0.8804848599458865,0.8174123337363967
42,SG-01585,SYN-CAND-01585-06,BUNDLE,0,0.8618151560991192,0.8563151796060255
42,SG-01585,SYN-CAND-01585-07,INTERNAL_REPURPOSE,1,0.8537214372562649,0.8389021479713604
42,SG-01585,SYN-CAND-01585-08,WHOLESALE,1,0.8432402004624041,0.7997658079625293
42,SG-01595,SYN-CAND-01595-01,RETURN_TO_SUPPLIER,1,0.8106103623791155,0.8174123337363967
42,SG-01595,SYN-CAND-01595-02,EXTERNAL_PARTNER,1,0.8700531532307401,0.7985865724381626
42,SG-01595,SYN-CAND-01595-03,WHOLESALE,0,0.6890133139324164,0.7997658079625293
42,SG-01595,SYN-CAND-01595-04,LOCAL_DISCOUNT,1,0.8293587666457031,0.8536866359447005
42,SG-01595,SYN-CAND-01595-05,INTERNAL_REPURPOSE,1,0.8853201834834462,0.8389021479713604
42,SG-01595,SYN-CAND-01595-06,INTERNAL_USE,1,0.8455695665993976,0.7246022031823746
42,SG-01595,SYN-CAND-01595-07,DONATION,1,0.7327681529699621,0.6914893617021277
42,SG-01595,SYN-CAND-01595-08,PROMOTIONAL_BONUS,1,0.8272349307579359,0.8234597156398105
42,SG-01597,SYN-CAND-01597-01,BUNDLE,1,0.6112285400287327,0.8563151796060255
42,SG-01597,SYN-CAND-01597-02,INTERNAL_USE,0,0.7798055845291618,0.7246022031823746
42,SG-01597,SYN-CAND-01597-03,EXTERNAL_PARTNER,1,0.8782816484897814,0.7985865724381626
42,SG-01597,SYN-CAND-01597-04,WHOLESALE,1,0.88912937745142,0.7997658079625293
42,SG-01597,SYN-CAND-01597-05,PROMOTIONAL_BONUS,1,0.8476897522066728,0.8234597156398105
42,SG-01597,SYN-CAND-01597-06,LOCAL_DISCOUNT,1,0.8837827957886331,0.8536866359447005
42,SG-01597,SYN-CAND-01597-07,RETURN_TO_SUPPLIER,1,0.7528905020857622,0.8174123337363967
42,SG-01604,SYN-CAND-01604-01,RETURN_TO_SUPPLIER,1,0.8537388216903743,0.8174123337363967
42,SG-01604,SYN-CAND-01604-02,BRANCH_TRANSFER,1,0.8666062069913468,0.8057901085645356
42,SG-01604,SYN-CAND-01604-03,DONATION,1,0.6961145573449583,0.6914893617021277
42,SG-01604,SYN-CAND-01604-04,INTERNAL_REPURPOSE,0,0.9020866349680756,0.8389021479713604
42,SG-01604,SYN-CAND-01604-05,LOCAL_DISCOUNT,1,0.7257631372892115,0.8536866359447005
42,SG-01604,SYN-CAND-01604-06,INTERNAL_USE,1,0.5542837573459225,0.7246022031823746
42,SG-01604,SYN-CAND-01604-07,BUNDLE,1,0.8316770863053352,0.8563151796060255
42,SG-01604,SYN-CAND-01604-08,WHOLESALE,1,0.7158294903369551,0.7997658079625293
42,SG-01605,SYN-CAND-01605-01,PROMOTIONAL_BONUS,1,0.8423832362357572,0.8234597156398105
42,SG-01605,SYN-CAND-01605-02,BRANCH_TRANSFER,1,0.6553079795332127,0.8057901085645356
42,SG-01605,SYN-CAND-01605-03,EXTERNAL_PARTNER,0,0.8532536720668455,0.7985865724381626
42,SG-01605,SYN-CAND-01605-04,RETURN_TO_SUPPLIER,1,0.7602731080274389,0.8174123337363967
42,SG-01605,SYN-CAND-01605-05,INTERNAL_USE,1,0.7281145095388828,0.7246022031823746
42,SG-01605,SYN-CAND-01605-06,DONATION,1,0.7002895303150932,0.6914893617021277
42,SG-01605,SYN-CAND-01605-07,BUNDLE,1,0.888405985897852,0.8563151796060255
42,SG-01605,SYN-CAND-01605-08,WHOLESALE,1,0.7354421443419473,0.7997658079625293
42,SG-01645,SYN-CAND-01645-01,PROMOTIONAL_BONUS,1,0.6962469169273574,0.8234597156398105
42,SG-01645,SYN-CAND-01645-02,LOCAL_DISCOUNT,1,0.7811168224810281,0.8536866359447005
42,SG-01645,SYN-CAND-01645-03,WHOLESALE,1,0.8006678919617419,0.7997658079625293
42,SG-01645,SYN-CAND-01645-04,BRANCH_TRANSFER,0,0.8525639185932591,0.8057901085645356
42,SG-01645,SYN-CAND-01645-05,INTERNAL_REPURPOSE,1,0.830444134269556,0.8389021479713604
42,SG-01645,SYN-CAND-01645-06,INTERNAL_USE,1,0.7334670513427916,0.7246022031823746
42,SG-01646,SYN-CAND-01646-01,EXTERNAL_PARTNER,1,0.8587026173351915,0.7985865724381626
42,SG-01646,SYN-CAND-01646-02,LOCAL_DISCOUNT,1,0.8903791721639908,0.8536866359447005
42,SG-01646,SYN-CAND-01646-03,DONATION,1,0.7760041834236711,0.6914893617021277
42,SG-01646,SYN-CAND-01646-04,INTERNAL_USE,1,0.716237721319994,0.7246022031823746
42,SG-01646,SYN-CAND-01646-05,BUNDLE,1,0.8905540823531498,0.8563151796060255
42,SG-01646,SYN-CAND-01646-06,RETURN_TO_SUPPLIER,1,0.8733048117606108,0.8174123337363967
42,SG-01646,SYN-CAND-01646-07,WHOLESALE,0,0.6611106494407298,0.7997658079625293
42,SG-01646,SYN-CAND-01646-08,INTERNAL_REPURPOSE,1,0.8792363581168753,0.8389021479713604
42,SG-01655,SYN-CAND-01655-01,BRANCH_TRANSFER,0,0.7120210923202065,0.8057901085645356
42,SG-01655,SYN-CAND-01655-02,WHOLESALE,1,0.7802725853459832,0.7997658079625293
42,SG-01674,SYN-CAND-01674-01,INTERNAL_REPURPOSE,1,0.7997692929543613,0.8389021479713604
42,SG-01674,SYN-CAND-01674-02,PROMOTIONAL_BONUS,1,0.8309977122099399,0.8234597156398105
42,SG-01674,SYN-CAND-01674-03,EXTERNAL_PARTNER,1,0.7997956884032003,0.7985865724381626
42,SG-01674,SYN-CAND-01674-04,LOCAL_DISCOUNT,0,0.8530270171038602,0.8536866359447005
42,SG-01675,SYN-CAND-01675-01,BRANCH_TRANSFER,1,0.760738468343444,0.8057901085645356
42,SG-01675,SYN-CAND-01675-02,RETURN_TO_SUPPLIER,1,0.8115288938752202,0.8174123337363967
42,SG-01685,SYN-CAND-01685-01,RETURN_TO_SUPPLIER,1,0.8566557947358692,0.8174123337363967
42,SG-01685,SYN-CAND-01685-02,BUNDLE,1,0.8586543337565974,0.8563151796060255
42,SG-01685,SYN-CAND-01685-03,WHOLESALE,1,0.8701196541717009,0.7997658079625293
42,SG-01704,SYN-CAND-01704-01,EXTERNAL_PARTNER,1,0.5395848504077801,0.7985865724381626
42,SG-01704,SYN-CAND-01704-02,PROMOTIONAL_BONUS,1,0.8195786085356251,0.8234597156398105
42,SG-01704,SYN-CAND-01704-03,RETURN_TO_SUPPLIER,0,0.8275615004670945,0.8174123337363967
42,SG-01704,SYN-CAND-01704-04,BRANCH_TRANSFER,1,0.7131024088212821,0.8057901085645356
42,SG-01710,SYN-CAND-01710-01,INTERNAL_REPURPOSE,1,0.8166419075920629,0.8389021479713604
42,SG-01710,SYN-CAND-01710-02,RETURN_TO_SUPPLIER,1,0.8398876414176171,0.8174123337363967
42,SG-01710,SYN-CAND-01710-03,DONATION,1,0.7838358711716539,0.6914893617021277
42,SG-01710,SYN-CAND-01710-04,BRANCH_TRANSFER,1,0.8295909274309632,0.8057901085645356
42,SG-01710,SYN-CAND-01710-05,EXTERNAL_PARTNER,0,0.8505212590651836,0.7985865724381626
42,SG-01710,SYN-CAND-01710-06,INTERNAL_USE,1,0.7495792111326116,0.7246022031823746
42,SG-01710,SYN-CAND-01710-07,LOCAL_DISCOUNT,1,0.8193169211441462,0.8536866359447005
42,SG-01718,SYN-CAND-01718-01,BRANCH_TRANSFER,1,0.8963507384977841,0.8057901085645356
42,SG-01718,SYN-CAND-01718-02,DONATION,1,0.7163649557488667,0.6914893617021277
42,SG-01721,SYN-CAND-01721-01,RETURN_TO_SUPPLIER,1,0.8257143724901315,0.8174123337363967
42,SG-01721,SYN-CAND-01721-02,BRANCH_TRANSFER,1,0.86914512672792,0.8057901085645356
42,SG-01721,SYN-CAND-01721-03,BUNDLE,1,0.8776514354585836,0.8563151796060255
42,SG-01728,SYN-CAND-01728-01,RETURN_TO_SUPPLIER,1,0.8104117906835016,0.8174123337363967
42,SG-01728,SYN-CAND-01728-02,EXTERNAL_PARTNER,1,0.7534610363265415,0.7985865724381626
42,SG-01728,SYN-CAND-01728-03,LOCAL_DISCOUNT,1,0.8379779437773859,0.8536866359447005
42,SG-01728,SYN-CAND-01728-04,BUNDLE,1,0.8555230658653069,0.8563151796060255
42,SG-01728,SYN-CAND-01728-05,WHOLESALE,1,0.8103113258900146,0.7997658079625293
42,SG-01731,SYN-CAND-01731-01,INTERNAL_REPURPOSE,1,0.9039797977948704,0.8389021479713604
42,SG-01731,SYN-CAND-01731-02,LOCAL_DISCOUNT,1,0.9062955225664833,0.8536866359447005
42,SG-01731,SYN-CAND-01731-03,BRANCH_TRANSFER,1,0.8708564504235621,0.8057901085645356
42,SG-01731,SYN-CAND-01731-04,INTERNAL_USE,0,0.826758050510553,0.7246022031823746
42,SG-01731,SYN-CAND-01731-05,DONATION,1,0.7613651177110274,0.6914893617021277
42,SG-01731,SYN-CAND-01731-06,BUNDLE,1,0.8797083618161481,0.8563151796060255
42,SG-01732,SYN-CAND-01732-01,INTERNAL_USE,1,0.7878863839487553,0.7246022031823746
42,SG-01732,SYN-CAND-01732-02,BUNDLE,1,0.9012984279892091,0.8563151796060255
42,SG-01732,SYN-CAND-01732-03,INTERNAL_REPURPOSE,1,0.8108021248531547,0.8389021479713604
42,SG-01732,SYN-CAND-01732-04,WHOLESALE,1,0.786890396692217,0.7997658079625293
42,SG-01735,SYN-CAND-01735-01,RETURN_TO_SUPPLIER,1,0.8220008977836941,0.8174123337363967
42,SG-01735,SYN-CAND-01735-02,LOCAL_DISCOUNT,0,0.8857825563342898,0.8536866359447005
42,SG-01735,SYN-CAND-01735-03,INTERNAL_USE,1,0.8177659047094699,0.7246022031823746
42,SG-01735,SYN-CAND-01735-04,BRANCH_TRANSFER,0,0.8635051811762433,0.8057901085645356
42,SG-01737,SYN-CAND-01737-01,BRANCH_TRANSFER,1,0.8890244276231276,0.8057901085645356
42,SG-01737,SYN-CAND-01737-02,INTERNAL_REPURPOSE,1,0.835902914328702,0.8389021479713604
42,SG-01737,SYN-CAND-01737-03,DONATION,0,0.8007178469631426,0.6914893617021277
42,SG-01737,SYN-CAND-01737-04,PROMOTIONAL_BONUS,1,0.8595999814658697,0.8234597156398105
42,SG-01737,SYN-CAND-01737-05,RETURN_TO_SUPPLIER,1,0.7681342120852583,0.8174123337363967
42,SG-01737,SYN-CAND-01737-06,WHOLESALE,1,0.8433713464039991,0.7997658079625293
42,SG-01737,SYN-CAND-01737-07,BUNDLE,0,0.9143077999475508,0.8563151796060255
42,SG-01737,SYN-CAND-01737-08,LOCAL_DISCOUNT,1,0.8566490869325887,0.8536866359447005
42,SG-01746,SYN-CAND-01746-01,INTERNAL_REPURPOSE,1,0.8792055706349252,0.8389021479713604
42,SG-01746,SYN-CAND-01746-02,WHOLESALE,0,0.7591945965005827,0.7997658079625293
42,SG-01746,SYN-CAND-01746-03,INTERNAL_USE,1,0.7625393313882144,0.7246022031823746
42,SG-01746,SYN-CAND-01746-04,BRANCH_TRANSFER,1,0.8585621276017025,0.8057901085645356
42,SG-01746,SYN-CAND-01746-05,BUNDLE,1,0.9014649029952504,0.8563151796060255
42,SG-01746,SYN-CAND-01746-06,LOCAL_DISCOUNT,1,0.832769967585122,0.8536866359447005
42,SG-01752,SYN-CAND-01752-01,INTERNAL_REPURPOSE,0,0.8845859589248176,0.8389021479713604
42,SG-01752,SYN-CAND-01752-02,DONATION,1,0.7347415678277522,0.6914893617021277
42,SG-01754,SYN-CAND-01754-01,LOCAL_DISCOUNT,1,0.8117098786592978,0.8536866359447005
42,SG-01754,SYN-CAND-01754-02,BUNDLE,1,0.8352551621270319,0.8563151796060255
42,SG-01754,SYN-CAND-01754-03,EXTERNAL_PARTNER,1,0.8687145034491437,0.7985865724381626
42,SG-01754,SYN-CAND-01754-04,WHOLESALE,0,0.6685889303263854,0.7997658079625293
42,SG-01754,SYN-CAND-01754-05,RETURN_TO_SUPPLIER,1,0.7966650566521012,0.8174123337363967
42,SG-01754,SYN-CAND-01754-06,PROMOTIONAL_BONUS,1,0.8300539061735751,0.8234597156398105
42,SG-01756,SYN-CAND-01756-01,EXTERNAL_PARTNER,1,0.6367469277330019,0.7985865724381626
42,SG-01756,SYN-CAND-01756-02,INTERNAL_REPURPOSE,1,0.8462243434271601,0.8389021479713604
42,SG-01756,SYN-CAND-01756-03,RETURN_TO_SUPPLIER,1,0.7884594529915894,0.8174123337363967
42,SG-01757,SYN-CAND-01757-01,LOCAL_DISCOUNT,1,0.7990752137045581,0.8536866359447005
42,SG-01757,SYN-CAND-01757-02,INTERNAL_USE,1,0.7188091528043072,0.7246022031823746
42,SG-01757,SYN-CAND-01757-03,EXTERNAL_PARTNER,1,0.8961784414248074,0.7985865724381626
42,SG-01772,SYN-CAND-01772-01,BUNDLE,1,0.8820515782730771,0.8563151796060255
42,SG-01772,SYN-CAND-01772-02,WHOLESALE,1,0.8610202877922406,0.7997658079625293
42,SG-01772,SYN-CAND-01772-03,BRANCH_TRANSFER,1,0.6828021818934872,0.8057901085645356
42,SG-01772,SYN-CAND-01772-04,LOCAL_DISCOUNT,1,0.613958547446907,0.8536866359447005
42,SG-01772,SYN-CAND-01772-05,INTERNAL_REPURPOSE,1,0.8561270972801814,0.8389021479713604
42,SG-01781,SYN-CAND-01781-01,PROMOTIONAL_BONUS,0,0.8511315019121595,0.8234597156398105
42,SG-01781,SYN-CAND-01781-02,DONATION,1,0.7638759125810518,0.6914893617021277
42,SG-01781,SYN-CAND-01781-03,LOCAL_DISCOUNT,1,0.8919656114207628,0.8536866359447005
42,SG-01781,SYN-CAND-01781-04,EXTERNAL_PARTNER,1,0.7559904989894795,0.7985865724381626
42,SG-01781,SYN-CAND-01781-05,INTERNAL_USE,1,0.7326379520141246,0.7246022031823746
42,SG-01796,SYN-CAND-01796-01,INTERNAL_USE,0,0.6769561004136833,0.7246022031823746
42,SG-01796,SYN-CAND-01796-02,BUNDLE,1,0.8690941250584329,0.8563151796060255
42,SG-01796,SYN-CAND-01796-03,RETURN_TO_SUPPLIER,1,0.7993892039345267,0.8174123337363967
42,SG-01796,SYN-CAND-01796-04,EXTERNAL_PARTNER,1,0.8454101743970689,0.7985865724381626
42,SG-01796,SYN-CAND-01796-05,INTERNAL_REPURPOSE,1,0.9005370469722583,0.8389021479713604
42,SG-01796,SYN-CAND-01796-06,DONATION,1,0.7179466107688038,0.6914893617021277
42,SG-01802,SYN-CAND-01802-01,WHOLESALE,1,0.7581822337988817,0.7997658079625293
42,SG-01802,SYN-CAND-01802-02,PROMOTIONAL_BONUS,1,0.8569337414634758,0.8234597156398105
42,SG-01806,SYN-CAND-01806-01,INTERNAL_USE,1,0.6900209220121956,0.7246022031823746
42,SG-01806,SYN-CAND-01806-02,PROMOTIONAL_BONUS,1,0.8291500900257803,0.8234597156398105
42,SG-01809,SYN-CAND-01809-01,INTERNAL_USE,0,0.48646298904168084,0.7246022031823746
42,SG-01809,SYN-CAND-01809-02,EXTERNAL_PARTNER,1,0.8498075057105468,0.7985865724381626
42,SG-01809,SYN-CAND-01809-03,WHOLESALE,0,0.8124095262392749,0.7997658079625293
42,SG-01809,SYN-CAND-01809-04,BUNDLE,1,0.7889804235693557,0.8563151796060255
42,SG-01814,SYN-CAND-01814-01,INTERNAL_REPURPOSE,1,0.8305212863425663,0.8389021479713604
42,SG-01814,SYN-CAND-01814-02,DONATION,1,0.7266141866327555,0.6914893617021277
42,SG-01826,SYN-CAND-01826-01,WHOLESALE,0,0.7885697747147753,0.7997658079625293
42,SG-01826,SYN-CAND-01826-02,EXTERNAL_PARTNER,1,0.7562530162798794,0.7985865724381626
42,SG-01826,SYN-CAND-01826-03,LOCAL_DISCOUNT,1,0.8308427052996646,0.8536866359447005
42,SG-01826,SYN-CAND-01826-04,INTERNAL_REPURPOSE,1,0.7460615546142931,0.8389021479713604
42,SG-01826,SYN-CAND-01826-05,PROMOTIONAL_BONUS,1,0.8532859033116778,0.8234597156398105
42,SG-01826,SYN-CAND-01826-06,DONATION,0,0.7265851763175016,0.6914893617021277
42,SG-01826,SYN-CAND-01826-07,INTERNAL_USE,0,0.7315964866656511,0.7246022031823746
42,SG-01828,SYN-CAND-01828-01,EXTERNAL_PARTNER,1,0.8856951317288237,0.7985865724381626
42,SG-01828,SYN-CAND-01828-02,RETURN_TO_SUPPLIER,0,0.7957842803546762,0.8174123337363967
42,SG-01828,SYN-CAND-01828-03,WHOLESALE,1,0.8588651608075268,0.7997658079625293
42,SG-01828,SYN-CAND-01828-04,BUNDLE,1,0.9379712495290525,0.8563151796060255
42,SG-01828,SYN-CAND-01828-05,INTERNAL_USE,1,0.7150841233638859,0.7246022031823746
42,SG-01828,SYN-CAND-01828-06,BRANCH_TRANSFER,1,0.8698890101383977,0.8057901085645356
42,SG-01830,SYN-CAND-01830-01,INTERNAL_USE,0,0.6933270991161492,0.7246022031823746
42,SG-01830,SYN-CAND-01830-02,EXTERNAL_PARTNER,1,0.8155442089425001,0.7985865724381626
42,SG-01830,SYN-CAND-01830-03,BRANCH_TRANSFER,0,0.7068616510813583,0.8057901085645356
42,SG-01830,SYN-CAND-01830-04,INTERNAL_REPURPOSE,1,0.7444510703599155,0.8389021479713604
42,SG-01836,SYN-CAND-01836-01,BUNDLE,1,0.8428731052245798,0.8563151796060255
42,SG-01836,SYN-CAND-01836-02,BRANCH_TRANSFER,1,0.8822912235786388,0.8057901085645356
42,SG-01836,SYN-CAND-01836-03,PROMOTIONAL_BONUS,1,0.9035422041081879,0.8234597156398105
42,SG-01836,SYN-CAND-01836-04,INTERNAL_REPURPOSE,1,0.8414823045281267,0.8389021479713604
42,SG-01836,SYN-CAND-01836-05,DONATION,1,0.7923102374992341,0.6914893617021277
42,SG-01836,SYN-CAND-01836-06,INTERNAL_USE,1,0.849026618331379,0.7246022031823746
42,SG-01838,SYN-CAND-01838-01,INTERNAL_USE,1,0.7739491286705924,0.7246022031823746
42,SG-01838,SYN-CAND-01838-02,BRANCH_TRANSFER,0,0.796226832086178,0.8057901085645356
42,SG-01838,SYN-CAND-01838-03,EXTERNAL_PARTNER,1,0.6884252017288031,0.7985865724381626
42,SG-01838,SYN-CAND-01838-04,DONATION,0,0.471189112035113,0.6914893617021277
42,SG-01838,SYN-CAND-01838-05,PROMOTIONAL_BONUS,0,0.8523463557470777,0.8234597156398105
42,SG-01838,SYN-CAND-01838-06,BUNDLE,1,0.876217127009685,0.8563151796060255
42,SG-01838,SYN-CAND-01838-07,RETURN_TO_SUPPLIER,1,0.887257263690131,0.8174123337363967
42,SG-01846,SYN-CAND-01846-01,INTERNAL_USE,0,0.7562835678641451,0.7246022031823746
42,SG-01846,SYN-CAND-01846-02,INTERNAL_REPURPOSE,1,0.8775753902710209,0.8389021479713604
42,SG-01846,SYN-CAND-01846-03,BUNDLE,1,0.8848643164947444,0.8563151796060255
42,SG-01846,SYN-CAND-01846-04,RETURN_TO_SUPPLIER,1,0.7948112822897273,0.8174123337363967
42,SG-01846,SYN-CAND-01846-05,LOCAL_DISCOUNT,1,0.7891884822468563,0.8536866359447005
42,SG-01846,SYN-CAND-01846-06,WHOLESALE,1,0.7956351201859927,0.7997658079625293
42,SG-01846,SYN-CAND-01846-07,BRANCH_TRANSFER,1,0.6330774820403089,0.8057901085645356
42,SG-01846,SYN-CAND-01846-08,PROMOTIONAL_BONUS,1,0.6720248123529396,0.8234597156398105
42,SG-01847,SYN-CAND-01847-01,BUNDLE,0,0.7447194233138519,0.8563151796060255
42,SG-01847,SYN-CAND-01847-02,BRANCH_TRANSFER,0,0.7721703746837012,0.8057901085645356
42,SG-01847,SYN-CAND-01847-03,WHOLESALE,1,0.894007633387502,0.7997658079625293
42,SG-01847,SYN-CAND-01847-04,RETURN_TO_SUPPLIER,1,0.8192444743258057,0.8174123337363967
42,SG-01847,SYN-CAND-01847-05,INTERNAL_REPURPOSE,1,0.8493225406508911,0.8389021479713604
42,SG-01847,SYN-CAND-01847-06,PROMOTIONAL_BONUS,1,0.8906067519235822,0.8234597156398105
42,SG-01849,SYN-CAND-01849-01,EXTERNAL_PARTNER,1,0.8703765630483794,0.7985865724381626
42,SG-01849,SYN-CAND-01849-02,DONATION,1,0.7570724971205117,0.6914893617021277
42,SG-01849,SYN-CAND-01849-03,BRANCH_TRANSFER,1,0.7645055984534457,0.8057901085645356
42,SG-01849,SYN-CAND-01849-04,WHOLESALE,1,0.8655101052450127,0.7997658079625293
42,SG-01849,SYN-CAND-01849-05,RETURN_TO_SUPPLIER,1,0.7578206639712213,0.8174123337363967
42,SG-01849,SYN-CAND-01849-06,INTERNAL_REPURPOSE,1,0.8985348747200022,0.8389021479713604
42,SG-01849,SYN-CAND-01849-07,INTERNAL_USE,1,0.8320327428520322,0.7246022031823746
42,SG-01849,SYN-CAND-01849-08,LOCAL_DISCOUNT,1,0.8924900882949514,0.8536866359447005
42,SG-01855,SYN-CAND-01855-01,BUNDLE,0,0.8092535489601551,0.8563151796060255
42,SG-01855,SYN-CAND-01855-02,LOCAL_DISCOUNT,1,0.7478787888633333,0.8536866359447005
42,SG-01855,SYN-CAND-01855-03,BRANCH_TRANSFER,1,0.8728526852738595,0.8057901085645356
42,SG-01855,SYN-CAND-01855-04,WHOLESALE,1,0.7610004319983468,0.7997658079625293
42,SG-01855,SYN-CAND-01855-05,INTERNAL_REPURPOSE,0,0.7592341634604698,0.8389021479713604
42,SG-01855,SYN-CAND-01855-06,RETURN_TO_SUPPLIER,1,0.7197067256253137,0.8174123337363967
42,SG-01855,SYN-CAND-01855-07,DONATION,1,0.767621432555529,0.6914893617021277
42,SG-01863,SYN-CAND-01863-01,BUNDLE,1,0.8836720468721586,0.8563151796060255
42,SG-01863,SYN-CAND-01863-02,INTERNAL_USE,0,0.7609812353133055,0.7246022031823746
42,SG-01863,SYN-CAND-01863-03,BRANCH_TRANSFER,0,0.7633039469979005,0.8057901085645356
42,SG-01864,SYN-CAND-01864-01,BRANCH_TRANSFER,1,0.760758774142799,0.8057901085645356
42,SG-01864,SYN-CAND-01864-02,DONATION,1,0.8508954295900272,0.6914893617021277
42,SG-01864,SYN-CAND-01864-03,LOCAL_DISCOUNT,1,0.9161249241786019,0.8536866359447005
42,SG-01864,SYN-CAND-01864-04,BUNDLE,1,0.8244795474961256,0.8563151796060255
42,SG-01864,SYN-CAND-01864-05,WHOLESALE,1,0.8579226753539274,0.7997658079625293
42,SG-01864,SYN-CAND-01864-06,INTERNAL_REPURPOSE,1,0.8943926834123817,0.8389021479713604
42,SG-01864,SYN-CAND-01864-07,PROMOTIONAL_BONUS,1,0.8410167878093476,0.8234597156398105
42,SG-01864,SYN-CAND-01864-08,EXTERNAL_PARTNER,1,0.6233746186493141,0.7985865724381626
42,SG-01876,SYN-CAND-01876-01,BUNDLE,1,0.852112120351473,0.8563151796060255
42,SG-01876,SYN-CAND-01876-02,EXTERNAL_PARTNER,1,0.7320614203907868,0.7985865724381626
42,SG-01876,SYN-CAND-01876-03,INTERNAL_REPURPOSE,0,0.8253214079756723,0.8389021479713604
42,SG-01876,SYN-CAND-01876-04,DONATION,0,0.6674122338532413,0.6914893617021277
42,SG-01878,SYN-CAND-01878-01,LOCAL_DISCOUNT,1,0.8288826434584796,0.8536866359447005
42,SG-01878,SYN-CAND-01878-02,WHOLESALE,0,0.7273505535631578,0.7997658079625293
42,SG-01878,SYN-CAND-01878-03,BRANCH_TRANSFER,1,0.8531384986609498,0.8057901085645356
42,SG-01878,SYN-CAND-01878-04,EXTERNAL_PARTNER,1,0.8597135760217468,0.7985865724381626
42,SG-01879,SYN-CAND-01879-01,DONATION,1,0.7843033922157103,0.6914893617021277
42,SG-01879,SYN-CAND-01879-02,BUNDLE,1,0.8618666943366166,0.8563151796060255
42,SG-01879,SYN-CAND-01879-03,RETURN_TO_SUPPLIER,0,0.7583344269421419,0.8174123337363967
42,SG-01885,SYN-CAND-01885-01,RETURN_TO_SUPPLIER,1,0.8521635244760544,0.8174123337363967
42,SG-01885,SYN-CAND-01885-02,EXTERNAL_PARTNER,0,0.83635513701805,0.7985865724381626
42,SG-01885,SYN-CAND-01885-03,INTERNAL_USE,1,0.7861351244875115,0.7246022031823746
42,SG-01885,SYN-CAND-01885-04,PROMOTIONAL_BONUS,1,0.8878389551840243,0.8234597156398105
42,SG-01885,SYN-CAND-01885-05,INTERNAL_REPURPOSE,1,0.8843784948918321,0.8389021479713604
42,SG-01891,SYN-CAND-01891-01,BRANCH_TRANSFER,1,0.8407628373743631,0.8057901085645356
42,SG-01891,SYN-CAND-01891-02,LOCAL_DISCOUNT,1,0.7692428448807748,0.8536866359447005
42,SG-01891,SYN-CAND-01891-03,RETURN_TO_SUPPLIER,1,0.653510753062506,0.8174123337363967
42,SG-01894,SYN-CAND-01894-01,LOCAL_DISCOUNT,0,0.829576702868261,0.8536866359447005
42,SG-01894,SYN-CAND-01894-02,EXTERNAL_PARTNER,1,0.7864202086251824,0.7985865724381626
42,SG-01894,SYN-CAND-01894-03,DONATION,1,0.7605441324985627,0.6914893617021277
42,SG-01894,SYN-CAND-01894-04,INTERNAL_REPURPOSE,1,0.8368581506873626,0.8389021479713604
42,SG-01896,SYN-CAND-01896-01,PROMOTIONAL_BONUS,1,0.8572500600000171,0.8234597156398105
42,SG-01896,SYN-CAND-01896-02,EXTERNAL_PARTNER,1,0.7347720740731359,0.7985865724381626
42,SG-01896,SYN-CAND-01896-03,WHOLESALE,1,0.7813409647189553,0.7997658079625293
42,SG-01896,SYN-CAND-01896-04,RETURN_TO_SUPPLIER,1,0.7920569063161302,0.8174123337363967
42,SG-01896,SYN-CAND-01896-05,DONATION,1,0.6170327008946009,0.6914893617021277
42,SG-01898,SYN-CAND-01898-01,RETURN_TO_SUPPLIER,0,0.8559348665874832,0.8174123337363967
42,SG-01898,SYN-CAND-01898-02,BUNDLE,1,0.6728671384118983,0.8563151796060255
42,SG-01898,SYN-CAND-01898-03,EXTERNAL_PARTNER,1,0.7904347927396145,0.7985865724381626
42,SG-01908,SYN-CAND-01908-01,LOCAL_DISCOUNT,1,0.8373243036671286,0.8536866359447005
42,SG-01908,SYN-CAND-01908-02,INTERNAL_USE,0,0.7190570200709849,0.7246022031823746
42,SG-01908,SYN-CAND-01908-03,RETURN_TO_SUPPLIER,1,0.8647753356505533,0.8174123337363967
42,SG-01908,SYN-CAND-01908-04,WHOLESALE,1,0.887009594145086,0.7997658079625293
42,SG-01908,SYN-CAND-01908-05,INTERNAL_REPURPOSE,0,0.8065602836261406,0.8389021479713604
42,SG-01908,SYN-CAND-01908-06,PROMOTIONAL_BONUS,1,0.8523322745937485,0.8234597156398105
42,SG-01908,SYN-CAND-01908-07,EXTERNAL_PARTNER,1,0.9039502361890082,0.7985865724381626
42,SG-01910,SYN-CAND-01910-01,INTERNAL_REPURPOSE,1,0.8832605722639233,0.8389021479713604
42,SG-01910,SYN-CAND-01910-02,DONATION,1,0.669184110013386,0.6914893617021277
42,SG-01910,SYN-CAND-01910-03,LOCAL_DISCOUNT,0,0.571271298085403,0.8536866359447005
42,SG-01911,SYN-CAND-01911-01,DONATION,0,0.6782057134130495,0.6914893617021277
42,SG-01911,SYN-CAND-01911-02,INTERNAL_REPURPOSE,1,0.7860155123260509,0.8389021479713604
42,SG-01911,SYN-CAND-01911-03,BUNDLE,0,0.7783120234696095,0.8563151796060255
42,SG-01911,SYN-CAND-01911-04,BRANCH_TRANSFER,0,0.8659698941055928,0.8057901085645356
42,SG-01911,SYN-CAND-01911-05,LOCAL_DISCOUNT,1,0.8508537345482116,0.8536866359447005
42,SG-01911,SYN-CAND-01911-06,RETURN_TO_SUPPLIER,0,0.767897432622724,0.8174123337363967
42,SG-01911,SYN-CAND-01911-07,PROMOTIONAL_BONUS,1,0.7598177437497518,0.8234597156398105
42,SG-01914,SYN-CAND-01914-01,RETURN_TO_SUPPLIER,1,0.81825000745906,0.8174123337363967
42,SG-01914,SYN-CAND-01914-02,BUNDLE,0,0.8716835587390915,0.8563151796060255
42,SG-01914,SYN-CAND-01914-03,INTERNAL_REPURPOSE,0,0.685672326380799,0.8389021479713604
42,SG-01914,SYN-CAND-01914-04,PROMOTIONAL_BONUS,1,0.8513508640473079,0.8234597156398105
42,SG-01914,SYN-CAND-01914-05,DONATION,1,0.7879782600715528,0.6914893617021277
42,SG-01914,SYN-CAND-01914-06,LOCAL_DISCOUNT,1,0.654636433859465,0.8536866359447005
42,SG-01931,SYN-CAND-01931-01,EXTERNAL_PARTNER,1,0.7819046225493018,0.7985865724381626
42,SG-01931,SYN-CAND-01931-02,INTERNAL_REPURPOSE,1,0.9153263454450138,0.8389021479713604
42,SG-01931,SYN-CAND-01931-03,PROMOTIONAL_BONUS,1,0.8304617186451839,0.8234597156398105
42,SG-01931,SYN-CAND-01931-04,DONATION,1,0.816859318503886,0.6914893617021277
42,SG-01931,SYN-CAND-01931-05,BUNDLE,1,0.8799356280436288,0.8563151796060255
42,SG-01931,SYN-CAND-01931-06,RETURN_TO_SUPPLIER,1,0.8313225901804213,0.8174123337363967
42,SG-01931,SYN-CAND-01931-07,LOCAL_DISCOUNT,0,0.9162106886400112,0.8536866359447005
42,SG-01931,SYN-CAND-01931-08,BRANCH_TRANSFER,1,0.8389094684484096,0.8057901085645356
42,SG-01940,SYN-CAND-01940-01,BUNDLE,1,0.8953515452147945,0.8563151796060255
42,SG-01940,SYN-CAND-01940-02,LOCAL_DISCOUNT,1,0.8584500765760105,0.8536866359447005
42,SG-01940,SYN-CAND-01940-03,WHOLESALE,0,0.8664029100320028,0.7997658079625293
42,SG-01940,SYN-CAND-01940-04,PROMOTIONAL_BONUS,0,0.7607298621040611,0.8234597156398105
42,SG-01940,SYN-CAND-01940-05,INTERNAL_REPURPOSE,0,0.87595419783021,0.8389021479713604
42,SG-01940,SYN-CAND-01940-06,INTERNAL_USE,1,0.8049619313370684,0.7246022031823746
42,SG-01940,SYN-CAND-01940-07,DONATION,1,0.7432705831216335,0.6914893617021277
42,SG-01940,SYN-CAND-01940-08,BRANCH_TRANSFER,1,0.8404051651450978,0.8057901085645356
42,SG-01948,SYN-CAND-01948-01,LOCAL_DISCOUNT,1,0.8714572460624455,0.8536866359447005
42,SG-01948,SYN-CAND-01948-02,WHOLESALE,1,0.8379452939246222,0.7997658079625293
42,SG-01948,SYN-CAND-01948-03,DONATION,0,0.7307833794209448,0.6914893617021277
42,SG-01948,SYN-CAND-01948-04,RETURN_TO_SUPPLIER,1,0.8103360669527282,0.8174123337363967
42,SG-01948,SYN-CAND-01948-05,EXTERNAL_PARTNER,0,0.8307832382425244,0.7985865724381626
42,SG-01948,SYN-CAND-01948-06,PROMOTIONAL_BONUS,1,0.8978181274295036,0.8234597156398105
42,SG-01953,SYN-CAND-01953-01,PROMOTIONAL_BONUS,1,0.6945119428086924,0.8234597156398105
42,SG-01953,SYN-CAND-01953-02,EXTERNAL_PARTNER,1,0.6890935556432587,0.7985865724381626
42,SG-01953,SYN-CAND-01953-03,BRANCH_TRANSFER,1,0.8265091908954174,0.8057901085645356
42,SG-01953,SYN-CAND-01953-04,RETURN_TO_SUPPLIER,1,0.7344817408825784,0.8174123337363967
42,SG-01953,SYN-CAND-01953-05,DONATION,1,0.8451908952013548,0.6914893617021277
42,SG-01953,SYN-CAND-01953-06,INTERNAL_USE,1,0.7827686162185018,0.7246022031823746
42,SG-01953,SYN-CAND-01953-07,WHOLESALE,1,0.8508113317967596,0.7997658079625293
42,SG-01963,SYN-CAND-01963-01,INTERNAL_USE,1,0.6902267673235609,0.7246022031823746
42,SG-01963,SYN-CAND-01963-02,INTERNAL_REPURPOSE,1,0.8529824702955617,0.8389021479713604
42,SG-01963,SYN-CAND-01963-03,DONATION,1,0.85938591526959,0.6914893617021277
42,SG-01963,SYN-CAND-01963-04,PROMOTIONAL_BONUS,1,0.8780119985841268,0.8234597156398105
42,SG-01963,SYN-CAND-01963-05,WHOLESALE,1,0.755288159492916,0.7997658079625293
42,SG-01963,SYN-CAND-01963-06,LOCAL_DISCOUNT,1,0.8666456862676419,0.8536866359447005
42,SG-01972,SYN-CAND-01972-01,BRANCH_TRANSFER,1,0.8907430618589334,0.8057901085645356
42,SG-01972,SYN-CAND-01972-02,RETURN_TO_SUPPLIER,1,0.8443111992457096,0.8174123337363967
42,SG-01972,SYN-CAND-01972-03,INTERNAL_REPURPOSE,1,0.8424420603724405,0.8389021479713604
42,SG-01972,SYN-CAND-01972-04,EXTERNAL_PARTNER,1,0.8069323187068681,0.7985865724381626
42,SG-01978,SYN-CAND-01978-01,LOCAL_DISCOUNT,1,0.9106687529800708,0.8536866359447005
42,SG-01978,SYN-CAND-01978-02,RETURN_TO_SUPPLIER,1,0.7903138415509955,0.8174123337363967
42,SG-01978,SYN-CAND-01978-03,INTERNAL_USE,1,0.7380851038464858,0.7246022031823746
42,SG-01978,SYN-CAND-01978-04,BRANCH_TRANSFER,1,0.8383377798989445,0.8057901085645356
42,SG-02003,SYN-CAND-02003-01,INTERNAL_REPURPOSE,1,0.8535905691760809,0.8389021479713604
42,SG-02003,SYN-CAND-02003-02,BRANCH_TRANSFER,0,0.7176964926785994,0.8057901085645356
42,SG-02003,SYN-CAND-02003-03,BUNDLE,1,0.783250290969241,0.8563151796060255
42,SG-02003,SYN-CAND-02003-04,PROMOTIONAL_BONUS,1,0.7894062401204348,0.8234597156398105
42,SG-02008,SYN-CAND-02008-01,INTERNAL_REPURPOSE,1,0.6951905420351989,0.8389021479713604
42,SG-02008,SYN-CAND-02008-02,BUNDLE,0,0.8422746539702262,0.8563151796060255
42,SG-02008,SYN-CAND-02008-03,DONATION,0,0.6720564294642017,0.6914893617021277
42,SG-02008,SYN-CAND-02008-04,PROMOTIONAL_BONUS,1,0.8024476167921649,0.8234597156398105
42,SG-02008,SYN-CAND-02008-05,INTERNAL_USE,1,0.7747804990932646,0.7246022031823746
42,SG-02008,SYN-CAND-02008-06,BRANCH_TRANSFER,1,0.7684439990805499,0.8057901085645356
42,SG-02015,SYN-CAND-02015-01,RETURN_TO_SUPPLIER,1,0.8459486746846224,0.8174123337363967
42,SG-02015,SYN-CAND-02015-02,INTERNAL_REPURPOSE,1,0.6820081129674276,0.8389021479713604
42,SG-02015,SYN-CAND-02015-03,PROMOTIONAL_BONUS,1,0.8573527213190875,0.8234597156398105
42,SG-02019,SYN-CAND-02019-01,PROMOTIONAL_BONUS,1,0.8213237062796136,0.8234597156398105
42,SG-02019,SYN-CAND-02019-02,INTERNAL_REPURPOSE,1,0.8146538196163076,0.8389021479713604
42,SG-02019,SYN-CAND-02019-03,BRANCH_TRANSFER,1,0.7799853690635652,0.8057901085645356
42,SG-02019,SYN-CAND-02019-04,EXTERNAL_PARTNER,1,0.8759824993762289,0.7985865724381626
42,SG-02019,SYN-CAND-02019-05,WHOLESALE,1,0.8471807947926122,0.7997658079625293
42,SG-02021,SYN-CAND-02021-01,LOCAL_DISCOUNT,1,0.8795901857575682,0.8536866359447005
42,SG-02021,SYN-CAND-02021-02,WHOLESALE,1,0.7643502291289282,0.7997658079625293
42,SG-02021,SYN-CAND-02021-03,DONATION,1,0.7570425538112864,0.6914893617021277
42,SG-02021,SYN-CAND-02021-04,EXTERNAL_PARTNER,1,0.8894069555668329,0.7985865724381626
42,SG-02021,SYN-CAND-02021-05,INTERNAL_REPURPOSE,0,0.878423282635106,0.8389021479713604
42,SG-02044,SYN-CAND-02044-01,INTERNAL_USE,1,0.8300086885297839,0.7246022031823746
42,SG-02044,SYN-CAND-02044-02,RETURN_TO_SUPPLIER,1,0.9136676912221667,0.8174123337363967
42,SG-02044,SYN-CAND-02044-03,PROMOTIONAL_BONUS,1,0.837315461973369,0.8234597156398105
42,SG-02044,SYN-CAND-02044-04,WHOLESALE,1,0.9188952002012056,0.7997658079625293
42,SG-02044,SYN-CAND-02044-05,DONATION,0,0.6710126086927346,0.6914893617021277
42,SG-02056,SYN-CAND-02056-01,RETURN_TO_SUPPLIER,1,0.8056420627300763,0.8174123337363967
42,SG-02056,SYN-CAND-02056-02,EXTERNAL_PARTNER,1,0.8693790821924191,0.7985865724381626
42,SG-02056,SYN-CAND-02056-03,INTERNAL_REPURPOSE,1,0.9074372010240997,0.8389021479713604
42,SG-02056,SYN-CAND-02056-04,DONATION,1,0.8220287466136577,0.6914893617021277
42,SG-02056,SYN-CAND-02056-05,BUNDLE,1,0.8517496452014617,0.8563151796060255
42,SG-02056,SYN-CAND-02056-06,INTERNAL_USE,1,0.8045720405865457,0.7246022031823746
42,SG-02056,SYN-CAND-02056-07,PROMOTIONAL_BONUS,1,0.8677507544600152,0.8234597156398105
42,SG-02056,SYN-CAND-02056-08,BRANCH_TRANSFER,1,0.861419040656142,0.8057901085645356
42,SG-02067,SYN-CAND-02067-01,BUNDLE,0,0.8342120029082383,0.8563151796060255
42,SG-02067,SYN-CAND-02067-02,LOCAL_DISCOUNT,0,0.7716860874942365,0.8536866359447005
42,SG-02067,SYN-CAND-02067-03,PROMOTIONAL_BONUS,0,0.7665388090921954,0.8234597156398105
42,SG-02067,SYN-CAND-02067-04,BRANCH_TRANSFER,1,0.7588241760867225,0.8057901085645356
42,SG-02067,SYN-CAND-02067-05,DONATION,1,0.6865939673675132,0.6914893617021277
42,SG-02067,SYN-CAND-02067-06,WHOLESALE,1,0.7114945454332895,0.7997658079625293
42,SG-02067,SYN-CAND-02067-07,INTERNAL_REPURPOSE,0,0.8929405871754581,0.8389021479713604
42,SG-02067,SYN-CAND-02067-08,EXTERNAL_PARTNER,1,0.8656766787806757,0.7985865724381626
42,SG-02074,SYN-CAND-02074-01,LOCAL_DISCOUNT,1,0.8624530503658603,0.8536866359447005
42,SG-02074,SYN-CAND-02074-02,PROMOTIONAL_BONUS,1,0.8533031237973413,0.8234597156398105
42,SG-02078,SYN-CAND-02078-01,WHOLESALE,1,0.5793521511029145,0.7997658079625293
42,SG-02078,SYN-CAND-02078-02,INTERNAL_REPURPOSE,1,0.8986428020199086,0.8389021479713604
42,SG-02078,SYN-CAND-02078-03,PROMOTIONAL_BONUS,0,0.8797280816891673,0.8234597156398105
42,SG-02078,SYN-CAND-02078-04,LOCAL_DISCOUNT,1,0.8825265335883464,0.8536866359447005
42,SG-02078,SYN-CAND-02078-05,BUNDLE,1,0.8709062506163939,0.8563151796060255
42,SG-02097,SYN-CAND-02097-01,EXTERNAL_PARTNER,1,0.7786213895818673,0.7985865724381626
42,SG-02097,SYN-CAND-02097-02,BUNDLE,1,0.8297136929819336,0.8563151796060255
42,SG-02097,SYN-CAND-02097-03,PROMOTIONAL_BONUS,1,0.8690977152300011,0.8234597156398105
42,SG-02100,SYN-CAND-02100-01,BUNDLE,1,0.8774762779506944,0.8563151796060255
42,SG-02100,SYN-CAND-02100-02,INTERNAL_USE,1,0.8160613452928653,0.7246022031823746
42,SG-02100,SYN-CAND-02100-03,DONATION,0,0.7557817468538933,0.6914893617021277
42,SG-02101,SYN-CAND-02101-01,DONATION,0,0.4495432588473559,0.6914893617021277
42,SG-02101,SYN-CAND-02101-02,BRANCH_TRANSFER,1,0.8126992959618845,0.8057901085645356
42,SG-02101,SYN-CAND-02101-03,INTERNAL_USE,1,0.7959973249074013,0.7246022031823746
42,SG-02101,SYN-CAND-02101-04,WHOLESALE,1,0.6201805032759634,0.7997658079625293
42,SG-02101,SYN-CAND-02101-05,PROMOTIONAL_BONUS,1,0.7714823898042257,0.8234597156398105
42,SG-02108,SYN-CAND-02108-01,INTERNAL_USE,1,0.584643594383727,0.7246022031823746
42,SG-02108,SYN-CAND-02108-02,WHOLESALE,1,0.8855286618468702,0.7997658079625293
42,SG-02108,SYN-CAND-02108-03,PROMOTIONAL_BONUS,0,0.7387888310707021,0.8234597156398105
42,SG-02108,SYN-CAND-02108-04,LOCAL_DISCOUNT,1,0.6465010301672924,0.8536866359447005
42,SG-02111,SYN-CAND-02111-01,INTERNAL_REPURPOSE,1,0.8038315431255166,0.8389021479713604
42,SG-02111,SYN-CAND-02111-02,WHOLESALE,1,0.8577972037813086,0.7997658079625293
42,SG-02111,SYN-CAND-02111-03,EXTERNAL_PARTNER,1,0.9044406325628913,0.7985865724381626
42,SG-02111,SYN-CAND-02111-04,INTERNAL_USE,0,0.7516105568904539,0.7246022031823746
42,SG-02111,SYN-CAND-02111-05,RETURN_TO_SUPPLIER,1,0.8419630903183871,0.8174123337363967
42,SG-02111,SYN-CAND-02111-06,DONATION,1,0.7840785789586572,0.6914893617021277
42,SG-02111,SYN-CAND-02111-07,LOCAL_DISCOUNT,1,0.903964101180411,0.8536866359447005
42,SG-02115,SYN-CAND-02115-01,LOCAL_DISCOUNT,1,0.8552170878852449,0.8536866359447005
42,SG-02115,SYN-CAND-02115-02,DONATION,0,0.6881007419663323,0.6914893617021277
42,SG-02115,SYN-CAND-02115-03,EXTERNAL_PARTNER,1,0.8799916287773185,0.7985865724381626
42,SG-02115,SYN-CAND-02115-04,INTERNAL_REPURPOSE,1,0.8391344369904271,0.8389021479713604
42,SG-02115,SYN-CAND-02115-05,INTERNAL_USE,1,0.669387453748134,0.7246022031823746
42,SG-02115,SYN-CAND-02115-06,PROMOTIONAL_BONUS,0,0.7324866386310848,0.8234597156398105
42,SG-02115,SYN-CAND-02115-07,BRANCH_TRANSFER,0,0.8010864871327538,0.8057901085645356
42,SG-02116,SYN-CAND-02116-01,INTERNAL_USE,1,0.7894418152333252,0.7246022031823746
42,SG-02116,SYN-CAND-02116-02,EXTERNAL_PARTNER,1,0.7866079632675668,0.7985865724381626
42,SG-02116,SYN-CAND-02116-03,LOCAL_DISCOUNT,1,0.9241190058556377,0.8536866359447005
42,SG-02116,SYN-CAND-02116-04,PROMOTIONAL_BONUS,1,0.9044500730408391,0.8234597156398105
42,SG-02116,SYN-CAND-02116-05,BRANCH_TRANSFER,0,0.7844037142411274,0.8057901085645356
42,SG-02116,SYN-CAND-02116-06,BUNDLE,1,0.8879940442061679,0.8563151796060255
42,SG-02123,SYN-CAND-02123-01,RETURN_TO_SUPPLIER,1,0.8248945439913142,0.8174123337363967
42,SG-02123,SYN-CAND-02123-02,BUNDLE,1,0.9014034641217744,0.8563151796060255
42,SG-02123,SYN-CAND-02123-03,INTERNAL_USE,1,0.8242208097211966,0.7246022031823746
42,SG-02123,SYN-CAND-02123-04,PROMOTIONAL_BONUS,1,0.8631908371804252,0.8234597156398105
42,SG-02123,SYN-CAND-02123-05,EXTERNAL_PARTNER,1,0.8838257883491419,0.7985865724381626
42,SG-02123,SYN-CAND-02123-06,INTERNAL_REPURPOSE,0,0.7193782270584534,0.8389021479713604
42,SG-02123,SYN-CAND-02123-07,LOCAL_DISCOUNT,1,0.7184007166492711,0.8536866359447005
42,SG-02123,SYN-CAND-02123-08,BRANCH_TRANSFER,1,0.9213223570026469,0.8057901085645356
42,SG-02126,SYN-CAND-02126-01,DONATION,1,0.7462057801403152,0.6914893617021277
42,SG-02126,SYN-CAND-02126-02,EXTERNAL_PARTNER,1,0.8726533470205541,0.7985865724381626
42,SG-02126,SYN-CAND-02126-03,PROMOTIONAL_BONUS,1,0.7525454967177868,0.8234597156398105
42,SG-02126,SYN-CAND-02126-04,INTERNAL_USE,1,0.8022507548908842,0.7246022031823746
42,SG-02126,SYN-CAND-02126-05,RETURN_TO_SUPPLIER,1,0.8923416478862976,0.8174123337363967
42,SG-02134,SYN-CAND-02134-01,BRANCH_TRANSFER,1,0.8613253347644452,0.8057901085645356
42,SG-02134,SYN-CAND-02134-02,DONATION,0,0.7659856933976499,0.6914893617021277
42,SG-02134,SYN-CAND-02134-03,PROMOTIONAL_BONUS,1,0.822524999451499,0.8234597156398105
42,SG-02134,SYN-CAND-02134-04,BUNDLE,1,0.8059065054511733,0.8563151796060255
42,SG-02150,SYN-CAND-02150-01,INTERNAL_USE,1,0.8362955278494735,0.7246022031823746
42,SG-02150,SYN-CAND-02150-02,EXTERNAL_PARTNER,0,0.8645394957199013,0.7985865724381626
42,SG-02150,SYN-CAND-02150-03,WHOLESALE,1,0.8680225043857859,0.7997658079625293
42,SG-02150,SYN-CAND-02150-04,PROMOTIONAL_BONUS,1,0.8034507396052792,0.8234597156398105
42,SG-02150,SYN-CAND-02150-05,BRANCH_TRANSFER,0,0.8737752822665793,0.8057901085645356
42,SG-02161,SYN-CAND-02161-01,DONATION,0,0.5416127414714796,0.6914893617021277
42,SG-02161,SYN-CAND-02161-02,EXTERNAL_PARTNER,1,0.6702253014701951,0.7985865724381626
42,SG-02169,SYN-CAND-02169-01,BUNDLE,1,0.8364787824214978,0.8563151796060255
42,SG-02169,SYN-CAND-02169-02,INTERNAL_USE,1,0.7338880584683286,0.7246022031823746
42,SG-02169,SYN-CAND-02169-03,INTERNAL_REPURPOSE,1,0.8702288939627804,0.8389021479713604
42,SG-02169,SYN-CAND-02169-04,WHOLESALE,1,0.7487691724961786,0.7997658079625293
42,SG-02170,SYN-CAND-02170-01,INTERNAL_USE,1,0.7368182931008193,0.7246022031823746
42,SG-02170,SYN-CAND-02170-02,BUNDLE,1,0.9290337504403148,0.8563151796060255
42,SG-02170,SYN-CAND-02170-03,LOCAL_DISCOUNT,1,0.8429061432313159,0.8536866359447005
42,SG-02170,SYN-CAND-02170-04,INTERNAL_REPURPOSE,1,0.724173536615008,0.8389021479713604
42,SG-02170,SYN-CAND-02170-05,BRANCH_TRANSFER,1,0.769212476249485,0.8057901085645356
42,SG-02170,SYN-CAND-02170-06,RETURN_TO_SUPPLIER,1,0.8331391330626918,0.8174123337363967
42,SG-02170,SYN-CAND-02170-07,EXTERNAL_PARTNER,1,0.863549405026773,0.7985865724381626
42,SG-02177,SYN-CAND-02177-01,INTERNAL_REPURPOSE,0,0.8624495970840625,0.8389021479713604
42,SG-02177,SYN-CAND-02177-02,BUNDLE,1,0.8935571365958817,0.8563151796060255
42,SG-02183,SYN-CAND-02183-01,INTERNAL_REPURPOSE,1,0.877595533499085,0.8389021479713604
42,SG-02183,SYN-CAND-02183-02,RETURN_TO_SUPPLIER,1,0.7834506445689925,0.8174123337363967
42,SG-02183,SYN-CAND-02183-03,BRANCH_TRANSFER,1,0.8437387131083248,0.8057901085645356
42,SG-02183,SYN-CAND-02183-04,PROMOTIONAL_BONUS,0,0.8727869112889209,0.8234597156398105
42,SG-02183,SYN-CAND-02183-05,INTERNAL_USE,1,0.6304128741954921,0.7246022031823746
42,SG-02183,SYN-CAND-02183-06,LOCAL_DISCOUNT,1,0.907831449926688,0.8536866359447005
42,SG-02183,SYN-CAND-02183-07,EXTERNAL_PARTNER,1,0.8425328726001483,0.7985865724381626
42,SG-02183,SYN-CAND-02183-08,BUNDLE,1,0.861094592003272,0.8563151796060255
42,SG-02185,SYN-CAND-02185-01,EXTERNAL_PARTNER,0,0.47527632021610877,0.7985865724381626
42,SG-02185,SYN-CAND-02185-02,BRANCH_TRANSFER,1,0.7393343906543197,0.8057901085645356
42,SG-02185,SYN-CAND-02185-03,BUNDLE,1,0.9296188273151113,0.8563151796060255
42,SG-02185,SYN-CAND-02185-04,WHOLESALE,1,0.8299588679869496,0.7997658079625293
42,SG-02185,SYN-CAND-02185-05,RETURN_TO_SUPPLIER,1,0.865628524911818,0.8174123337363967
42,SG-02185,SYN-CAND-02185-06,LOCAL_DISCOUNT,1,0.9341659211688751,0.8536866359447005
42,SG-02185,SYN-CAND-02185-07,INTERNAL_REPURPOSE,1,0.62076586125044,0.8389021479713604
42,SG-02187,SYN-CAND-02187-01,RETURN_TO_SUPPLIER,1,0.8227657238115917,0.8174123337363967
42,SG-02187,SYN-CAND-02187-02,PROMOTIONAL_BONUS,1,0.8936111174475518,0.8234597156398105
42,SG-02187,SYN-CAND-02187-03,BUNDLE,0,0.7982949001072323,0.8563151796060255
42,SG-02187,SYN-CAND-02187-04,EXTERNAL_PARTNER,1,0.8500369170557521,0.7985865724381626
42,SG-02187,SYN-CAND-02187-05,LOCAL_DISCOUNT,1,0.8570902273535018,0.8536866359447005
42,SG-02187,SYN-CAND-02187-06,BRANCH_TRANSFER,1,0.8245332240074125,0.8057901085645356
42,SG-02187,SYN-CAND-02187-07,DONATION,1,0.8307198583527838,0.6914893617021277
42,SG-02187,SYN-CAND-02187-08,INTERNAL_REPURPOSE,0,0.7897420569330689,0.8389021479713604
42,SG-02210,SYN-CAND-02210-01,INTERNAL_REPURPOSE,0,0.5598120159652787,0.8389021479713604
42,SG-02210,SYN-CAND-02210-02,LOCAL_DISCOUNT,1,0.8953461500598137,0.8536866359447005
42,SG-02210,SYN-CAND-02210-03,BUNDLE,1,0.8485151208715679,0.8563151796060255
42,SG-02210,SYN-CAND-02210-04,PROMOTIONAL_BONUS,0,0.7513851224870562,0.8234597156398105
42,SG-02216,SYN-CAND-02216-01,LOCAL_DISCOUNT,1,0.7875237622189954,0.8536866359447005
42,SG-02216,SYN-CAND-02216-02,WHOLESALE,1,0.8356298431018677,0.7997658079625293
42,SG-02216,SYN-CAND-02216-03,PROMOTIONAL_BONUS,1,0.8416855175202793,0.8234597156398105
42,SG-02216,SYN-CAND-02216-04,RETURN_TO_SUPPLIER,1,0.7819360951362286,0.8174123337363967
42,SG-02216,SYN-CAND-02216-05,EXTERNAL_PARTNER,1,0.6663994918459228,0.7985865724381626
42,SG-02216,SYN-CAND-02216-06,INTERNAL_USE,1,0.6934270348302951,0.7246022031823746
42,SG-02216,SYN-CAND-02216-07,DONATION,1,0.6629367413655474,0.6914893617021277
42,SG-02216,SYN-CAND-02216-08,BUNDLE,1,0.8552145555912242,0.8563151796060255
42,SG-02219,SYN-CAND-02219-01,INTERNAL_USE,1,0.7449332882160653,0.7246022031823746
42,SG-02219,SYN-CAND-02219-02,BRANCH_TRANSFER,1,0.781441723676873,0.8057901085645356
42,SG-02219,SYN-CAND-02219-03,INTERNAL_REPURPOSE,1,0.6081070069433737,0.8389021479713604
42,SG-02219,SYN-CAND-02219-04,EXTERNAL_PARTNER,1,0.7694974725336439,0.7985865724381626
42,SG-02219,SYN-CAND-02219-05,DONATION,1,0.8875860629846127,0.6914893617021277
42,SG-02219,SYN-CAND-02219-06,PROMOTIONAL_BONUS,1,0.9170816363173434,0.8234597156398105
42,SG-02235,SYN-CAND-02235-01,LOCAL_DISCOUNT,1,0.8614202600190793,0.8536866359447005
42,SG-02235,SYN-CAND-02235-02,WHOLESALE,1,0.7269558606973213,0.7997658079625293
42,SG-02235,SYN-CAND-02235-03,BUNDLE,1,0.7683782398549177,0.8563151796060255
42,SG-02235,SYN-CAND-02235-04,INTERNAL_USE,1,0.6968918623888994,0.7246022031823746
42,SG-02235,SYN-CAND-02235-05,BRANCH_TRANSFER,1,0.8103377585036469,0.8057901085645356
42,SG-02241,SYN-CAND-02241-01,BRANCH_TRANSFER,1,0.6530979582052772,0.8057901085645356
42,SG-02241,SYN-CAND-02241-02,WHOLESALE,1,0.8151702035589883,0.7997658079625293
42,SG-02241,SYN-CAND-02241-03,EXTERNAL_PARTNER,1,0.6736611179152128,0.7985865724381626
42,SG-02241,SYN-CAND-02241-04,INTERNAL_REPURPOSE,1,0.8199831950250894,0.8389021479713604
42,SG-02241,SYN-CAND-02241-05,DONATION,1,0.4730038030035802,0.6914893617021277
42,SG-02241,SYN-CAND-02241-06,LOCAL_DISCOUNT,1,0.8703325139642767,0.8536866359447005
42,SG-02241,SYN-CAND-02241-07,BUNDLE,1,0.8410289623598409,0.8563151796060255
42,SG-02241,SYN-CAND-02241-08,RETURN_TO_SUPPLIER,1,0.8828250723567987,0.8174123337363967
42,SG-02247,SYN-CAND-02247-01,BUNDLE,1,0.8619058145516055,0.8563151796060255
42,SG-02247,SYN-CAND-02247-02,PROMOTIONAL_BONUS,1,0.899715099983516,0.8234597156398105
42,SG-02247,SYN-CAND-02247-03,RETURN_TO_SUPPLIER,1,0.5897332746332099,0.8174123337363967
42,SG-02247,SYN-CAND-02247-04,INTERNAL_REPURPOSE,1,0.8081879634588822,0.8389021479713604
42,SG-02247,SYN-CAND-02247-05,WHOLESALE,1,0.7587637118750108,0.7997658079625293
42,SG-02247,SYN-CAND-02247-06,EXTERNAL_PARTNER,1,0.7562225672997362,0.7985865724381626
42,SG-02248,SYN-CAND-02248-01,RETURN_TO_SUPPLIER,1,0.9147599754610027,0.8174123337363967
42,SG-02248,SYN-CAND-02248-02,DONATION,1,0.7408250316959246,0.6914893617021277
42,SG-02248,SYN-CAND-02248-03,PROMOTIONAL_BONUS,1,0.7621871526458107,0.8234597156398105
42,SG-02248,SYN-CAND-02248-04,BRANCH_TRANSFER,0,0.6817538051281511,0.8057901085645356
42,SG-02248,SYN-CAND-02248-05,INTERNAL_USE,1,0.7135529687179822,0.7246022031823746
42,SG-02248,SYN-CAND-02248-06,LOCAL_DISCOUNT,1,0.8928340842335943,0.8536866359447005
42,SG-02249,SYN-CAND-02249-01,DONATION,1,0.748277594922692,0.6914893617021277
42,SG-02249,SYN-CAND-02249-02,BUNDLE,1,0.9248999410568448,0.8563151796060255
42,SG-02249,SYN-CAND-02249-03,WHOLESALE,0,0.7717685887256619,0.7997658079625293
42,SG-02249,SYN-CAND-02249-04,INTERNAL_REPURPOSE,1,0.9133736460680058,0.8389021479713604
42,SG-02249,SYN-CAND-02249-05,BRANCH_TRANSFER,1,0.8876679793135803,0.8057901085645356
42,SG-02249,SYN-CAND-02249-06,EXTERNAL_PARTNER,1,0.7378341272207376,0.7985865724381626
42,SG-02249,SYN-CAND-02249-07,PROMOTIONAL_BONUS,1,0.7719282511896934,0.8234597156398105
42,SG-02250,SYN-CAND-02250-01,BUNDLE,1,0.900850380068003,0.8563151796060255
42,SG-02250,SYN-CAND-02250-02,EXTERNAL_PARTNER,1,0.8245601103021635,0.7985865724381626
42,SG-02250,SYN-CAND-02250-03,LOCAL_DISCOUNT,1,0.9031030363254314,0.8536866359447005
42,SG-02250,SYN-CAND-02250-04,BRANCH_TRANSFER,0,0.8631043145179139,0.8057901085645356
42,SG-02250,SYN-CAND-02250-05,INTERNAL_USE,1,0.651607245682816,0.7246022031823746
42,SG-02250,SYN-CAND-02250-06,INTERNAL_REPURPOSE,1,0.8848132229767455,0.8389021479713604
42,SG-02250,SYN-CAND-02250-07,DONATION,1,0.7242851553537363,0.6914893617021277
42,SG-02250,SYN-CAND-02250-08,WHOLESALE,0,0.8695728192221033,0.7997658079625293
42,SG-02254,SYN-CAND-02254-01,PROMOTIONAL_BONUS,1,0.7211075879985456,0.8234597156398105
42,SG-02254,SYN-CAND-02254-02,EXTERNAL_PARTNER,1,0.8985501534369046,0.7985865724381626
42,SG-02254,SYN-CAND-02254-03,DONATION,1,0.6851287389946704,0.6914893617021277
42,SG-02254,SYN-CAND-02254-04,RETURN_TO_SUPPLIER,1,0.6775816854630455,0.8174123337363967
42,SG-02254,SYN-CAND-02254-05,LOCAL_DISCOUNT,1,0.8551123495622076,0.8536866359447005
42,SG-02254,SYN-CAND-02254-06,INTERNAL_USE,1,0.7941280188353085,0.7246022031823746
42,SG-02258,SYN-CAND-02258-01,WHOLESALE,1,0.7201001941821521,0.7997658079625293
42,SG-02258,SYN-CAND-02258-02,RETURN_TO_SUPPLIER,0,0.8569600752945913,0.8174123337363967
42,SG-02258,SYN-CAND-02258-03,LOCAL_DISCOUNT,1,0.8114612117556317,0.8536866359447005
42,SG-02258,SYN-CAND-02258-04,PROMOTIONAL_BONUS,1,0.8719096006978494,0.8234597156398105
42,SG-02258,SYN-CAND-02258-05,INTERNAL_USE,1,0.7426867541143773,0.7246022031823746
42,SG-02260,SYN-CAND-02260-01,INTERNAL_REPURPOSE,1,0.6308302131518891,0.8389021479713604
42,SG-02260,SYN-CAND-02260-02,INTERNAL_USE,0,0.7551071973580866,0.7246022031823746
42,SG-02260,SYN-CAND-02260-03,DONATION,0,0.5551254189103821,0.6914893617021277
42,SG-02264,SYN-CAND-02264-01,DONATION,1,0.7319845302845922,0.6914893617021277
42,SG-02264,SYN-CAND-02264-02,EXTERNAL_PARTNER,1,0.816226618349281,0.7985865724381626
42,SG-02264,SYN-CAND-02264-03,BUNDLE,1,0.8263754650262614,0.8563151796060255
42,SG-02264,SYN-CAND-02264-04,PROMOTIONAL_BONUS,1,0.7240042092674357,0.8234597156398105
42,SG-02264,SYN-CAND-02264-05,BRANCH_TRANSFER,1,0.8704765331627239,0.8057901085645356
42,SG-02264,SYN-CAND-02264-06,WHOLESALE,0,0.6552714415700822,0.7997658079625293
42,SG-02272,SYN-CAND-02272-01,RETURN_TO_SUPPLIER,1,0.8275459509881472,0.8174123337363967
42,SG-02272,SYN-CAND-02272-02,BUNDLE,1,0.7487118790157912,0.8563151796060255
42,SG-02272,SYN-CAND-02272-03,WHOLESALE,1,0.8748786229088582,0.7997658079625293
42,SG-02272,SYN-CAND-02272-04,INTERNAL_REPURPOSE,1,0.752544425750558,0.8389021479713604
42,SG-02272,SYN-CAND-02272-05,INTERNAL_USE,1,0.815494477407974,0.7246022031823746
42,SG-02274,SYN-CAND-02274-01,BRANCH_TRANSFER,1,0.7734862775959861,0.8057901085645356
42,SG-02274,SYN-CAND-02274-02,RETURN_TO_SUPPLIER,1,0.8258512291849288,0.8174123337363967
42,SG-02274,SYN-CAND-02274-03,WHOLESALE,1,0.8635407077127069,0.7997658079625293
42,SG-02274,SYN-CAND-02274-04,DONATION,1,0.8426472233856055,0.6914893617021277
42,SG-02275,SYN-CAND-02275-01,LOCAL_DISCOUNT,1,0.8745545131180649,0.8536866359447005
42,SG-02275,SYN-CAND-02275-02,RETURN_TO_SUPPLIER,1,0.8687152590453661,0.8174123337363967
42,SG-02275,SYN-CAND-02275-03,BUNDLE,1,0.9183506789121295,0.8563151796060255
42,SG-02280,SYN-CAND-02280-01,RETURN_TO_SUPPLIER,1,0.8798754761658577,0.8174123337363967
42,SG-02280,SYN-CAND-02280-02,WHOLESALE,1,0.8452805416463738,0.7997658079625293
42,SG-02282,SYN-CAND-02282-01,RETURN_TO_SUPPLIER,0,0.7710179900923162,0.8174123337363967
42,SG-02282,SYN-CAND-02282-02,EXTERNAL_PARTNER,1,0.7506072037327237,0.7985865724381626
42,SG-02282,SYN-CAND-02282-03,BRANCH_TRANSFER,1,0.7670769662819679,0.8057901085645356
42,SG-02285,SYN-CAND-02285-01,LOCAL_DISCOUNT,1,0.8086108529412406,0.8536866359447005
42,SG-02285,SYN-CAND-02285-02,INTERNAL_REPURPOSE,0,0.6886294971389542,0.8389021479713604
42,SG-02285,SYN-CAND-02285-03,INTERNAL_USE,1,0.7796563675669086,0.7246022031823746
42,SG-02285,SYN-CAND-02285-04,PROMOTIONAL_BONUS,0,0.8074371477516517,0.8234597156398105
42,SG-02285,SYN-CAND-02285-05,BUNDLE,1,0.8755632669638931,0.8563151796060255
42,SG-02290,SYN-CAND-02290-01,BUNDLE,1,0.7447965430741218,0.8563151796060255
42,SG-02290,SYN-CAND-02290-02,LOCAL_DISCOUNT,1,0.8423037053201047,0.8536866359447005
42,SG-02293,SYN-CAND-02293-01,BRANCH_TRANSFER,1,0.756446678438971,0.8057901085645356
42,SG-02293,SYN-CAND-02293-02,EXTERNAL_PARTNER,1,0.6252991024482754,0.7985865724381626
42,SG-02300,SYN-CAND-02300-01,INTERNAL_USE,1,0.7401124576289995,0.7246022031823746
42,SG-02300,SYN-CAND-02300-02,BRANCH_TRANSFER,1,0.8528342986617412,0.8057901085645356
42,SG-02300,SYN-CAND-02300-03,LOCAL_DISCOUNT,1,0.6876036720838817,0.8536866359447005
42,SG-02300,SYN-CAND-02300-04,WHOLESALE,1,0.8347258296771314,0.7997658079625293
42,SG-02300,SYN-CAND-02300-05,DONATION,0,0.6408281068399978,0.6914893617021277
42,SG-02300,SYN-CAND-02300-06,RETURN_TO_SUPPLIER,1,0.7461125162405493,0.8174123337363967
42,SG-02302,SYN-CAND-02302-01,LOCAL_DISCOUNT,1,0.7753820162969703,0.8536866359447005
42,SG-02302,SYN-CAND-02302-02,RETURN_TO_SUPPLIER,1,0.6994117350305202,0.8174123337363967
42,SG-02302,SYN-CAND-02302-03,BRANCH_TRANSFER,1,0.7573155907176862,0.8057901085645356
42,SG-02302,SYN-CAND-02302-04,INTERNAL_REPURPOSE,1,0.8690217177812557,0.8389021479713604
42,SG-02302,SYN-CAND-02302-05,PROMOTIONAL_BONUS,1,0.8464522919664001,0.8234597156398105
42,SG-02302,SYN-CAND-02302-06,WHOLESALE,1,0.7513443126084518,0.7997658079625293
42,SG-02302,SYN-CAND-02302-07,EXTERNAL_PARTNER,0,0.6642680056393878,0.7985865724381626
42,SG-02302,SYN-CAND-02302-08,INTERNAL_USE,1,0.5329267576368367,0.7246022031823746
42,SG-02313,SYN-CAND-02313-01,BRANCH_TRANSFER,1,0.731467317681591,0.8057901085645356
42,SG-02313,SYN-CAND-02313-02,DONATION,1,0.81536923109024,0.6914893617021277
42,SG-02314,SYN-CAND-02314-01,RETURN_TO_SUPPLIER,1,0.8902061990139828,0.8174123337363967
42,SG-02314,SYN-CAND-02314-02,BUNDLE,1,0.8466591402529158,0.8563151796060255
42,SG-02314,SYN-CAND-02314-03,LOCAL_DISCOUNT,1,0.7788233360275533,0.8536866359447005
42,SG-02314,SYN-CAND-02314-04,EXTERNAL_PARTNER,0,0.6649269754192466,0.7985865724381626
42,SG-02314,SYN-CAND-02314-05,INTERNAL_USE,1,0.8005215905367274,0.7246022031823746
42,SG-02315,SYN-CAND-02315-01,BRANCH_TRANSFER,1,0.8710206453766475,0.8057901085645356
42,SG-02315,SYN-CAND-02315-02,BUNDLE,0,0.8743569009888503,0.8563151796060255
42,SG-02315,SYN-CAND-02315-03,DONATION,0,0.6975178160546383,0.6914893617021277
42,SG-02323,SYN-CAND-02323-01,EXTERNAL_PARTNER,1,0.7216704970715563,0.7985865724381626
42,SG-02323,SYN-CAND-02323-02,DONATION,0,0.6185432441714909,0.6914893617021277
42,SG-02323,SYN-CAND-02323-03,PROMOTIONAL_BONUS,1,0.7861176298086933,0.8234597156398105
42,SG-02323,SYN-CAND-02323-04,INTERNAL_USE,1,0.45162702598564647,0.7246022031823746
42,SG-02323,SYN-CAND-02323-05,BUNDLE,1,0.8904970248540455,0.8563151796060255
42,SG-02323,SYN-CAND-02323-06,RETURN_TO_SUPPLIER,1,0.783215437820595,0.8174123337363967
42,SG-02352,SYN-CAND-02352-01,LOCAL_DISCOUNT,1,0.8952596353168992,0.8536866359447005
42,SG-02352,SYN-CAND-02352-02,INTERNAL_USE,1,0.653365465401068,0.7246022031823746
42,SG-02352,SYN-CAND-02352-03,INTERNAL_REPURPOSE,1,0.9086983549220939,0.8389021479713604
42,SG-02352,SYN-CAND-02352-04,BUNDLE,1,0.7327972233653145,0.8563151796060255
42,SG-02352,SYN-CAND-02352-05,BRANCH_TRANSFER,1,0.8508388604616144,0.8057901085645356
42,SG-02355,SYN-CAND-02355-01,EXTERNAL_PARTNER,1,0.769280630486733,0.7985865724381626
42,SG-02355,SYN-CAND-02355-02,INTERNAL_USE,1,0.690372604048174,0.7246022031823746
42,SG-02355,SYN-CAND-02355-03,PROMOTIONAL_BONUS,1,0.8847714864341937,0.8234597156398105
42,SG-02355,SYN-CAND-02355-04,WHOLESALE,1,0.7816577831686271,0.7997658079625293
42,SG-02355,SYN-CAND-02355-05,BRANCH_TRANSFER,1,0.7969213867351053,0.8057901085645356
42,SG-02355,SYN-CAND-02355-06,LOCAL_DISCOUNT,1,0.77153166705696,0.8536866359447005
42,SG-02356,SYN-CAND-02356-01,WHOLESALE,1,0.5936100065439259,0.7997658079625293
42,SG-02356,SYN-CAND-02356-02,PROMOTIONAL_BONUS,1,0.8237810634706461,0.8234597156398105
42,SG-02356,SYN-CAND-02356-03,INTERNAL_USE,0,0.7489230866858562,0.7246022031823746
42,SG-02356,SYN-CAND-02356-04,BUNDLE,1,0.8955629710937261,0.8563151796060255
42,SG-02356,SYN-CAND-02356-05,BRANCH_TRANSFER,1,0.7790713907694542,0.8057901085645356
42,SG-02356,SYN-CAND-02356-06,LOCAL_DISCOUNT,1,0.8294007140993002,0.8536866359447005
42,SG-02356,SYN-CAND-02356-07,DONATION,1,0.7517239147812814,0.6914893617021277
42,SG-02364,SYN-CAND-02364-01,BUNDLE,1,0.8865433401580094,0.8563151796060255
42,SG-02364,SYN-CAND-02364-02,INTERNAL_REPURPOSE,1,0.8685770196901449,0.8389021479713604
42,SG-02364,SYN-CAND-02364-03,EXTERNAL_PARTNER,1,0.6712083504641042,0.7985865724381626
42,SG-02364,SYN-CAND-02364-04,PROMOTIONAL_BONUS,1,0.8452887498714781,0.8234597156398105
42,SG-02364,SYN-CAND-02364-05,INTERNAL_USE,1,0.8131155237094453,0.7246022031823746
42,SG-02369,SYN-CAND-02369-01,INTERNAL_REPURPOSE,0,0.8203223375507125,0.8389021479713604
42,SG-02369,SYN-CAND-02369-02,BRANCH_TRANSFER,1,0.741314794074243,0.8057901085645356
42,SG-02369,SYN-CAND-02369-03,PROMOTIONAL_BONUS,1,0.8830082690169675,0.8234597156398105
42,SG-02369,SYN-CAND-02369-04,WHOLESALE,1,0.7527323559162502,0.7997658079625293
42,SG-02369,SYN-CAND-02369-05,EXTERNAL_PARTNER,0,0.42183519088982135,0.7985865724381626
42,SG-02369,SYN-CAND-02369-06,INTERNAL_USE,1,0.7601277521853896,0.7246022031823746
42,SG-02371,SYN-CAND-02371-01,WHOLESALE,1,0.7912024340569199,0.7997658079625293
42,SG-02371,SYN-CAND-02371-02,RETURN_TO_SUPPLIER,1,0.8462620485283167,0.8174123337363967
42,SG-02371,SYN-CAND-02371-03,BUNDLE,1,0.8506983983491464,0.8563151796060255
42,SG-02371,SYN-CAND-02371-04,DONATION,0,0.7393835645109093,0.6914893617021277
42,SG-02385,SYN-CAND-02385-01,INTERNAL_USE,1,0.8107258338672525,0.7246022031823746
42,SG-02385,SYN-CAND-02385-02,BUNDLE,1,0.8788990458465291,0.8563151796060255
42,SG-02385,SYN-CAND-02385-03,BRANCH_TRANSFER,1,0.8539458185303346,0.8057901085645356
42,SG-02385,SYN-CAND-02385-04,EXTERNAL_PARTNER,1,0.8681485582930725,0.7985865724381626
42,SG-02391,SYN-CAND-02391-01,WHOLESALE,1,0.6895851530246364,0.7997658079625293
42,SG-02391,SYN-CAND-02391-02,DONATION,1,0.6880147336324122,0.6914893617021277
42,SG-02391,SYN-CAND-02391-03,BRANCH_TRANSFER,0,0.8249215192626417,0.8057901085645356
42,SG-02391,SYN-CAND-02391-04,LOCAL_DISCOUNT,1,0.8814233954215708,0.8536866359447005
42,SG-02391,SYN-CAND-02391-05,RETURN_TO_SUPPLIER,1,0.8634637072058149,0.8174123337363967
42,SG-02396,SYN-CAND-02396-01,WHOLESALE,1,0.8463501776157805,0.7997658079625293
42,SG-02396,SYN-CAND-02396-02,INTERNAL_REPURPOSE,1,0.7787656111384599,0.8389021479713604
42,SG-02396,SYN-CAND-02396-03,PROMOTIONAL_BONUS,1,0.8287380523395085,0.8234597156398105
42,SG-02396,SYN-CAND-02396-04,BUNDLE,1,0.8907895775039278,0.8563151796060255
42,SG-02396,SYN-CAND-02396-05,INTERNAL_USE,1,0.688689975611289,0.7246022031823746
42,SG-02396,SYN-CAND-02396-06,DONATION,1,0.737021234135463,0.6914893617021277
42,SG-02396,SYN-CAND-02396-07,LOCAL_DISCOUNT,1,0.8745944009806926,0.8536866359447005
42,SG-02396,SYN-CAND-02396-08,RETURN_TO_SUPPLIER,1,0.6326678580586566,0.8174123337363967
42,SG-02397,SYN-CAND-02397-01,PROMOTIONAL_BONUS,0,0.8392439700007256,0.8234597156398105
42,SG-02397,SYN-CAND-02397-02,RETURN_TO_SUPPLIER,0,0.7622144393103862,0.8174123337363967
42,SG-02399,SYN-CAND-02399-01,BRANCH_TRANSFER,1,0.9006453872408018,0.8057901085645356
42,SG-02399,SYN-CAND-02399-02,BUNDLE,1,0.8488107000906925,0.8563151796060255
42,SG-02399,SYN-CAND-02399-03,EXTERNAL_PARTNER,1,0.876527406155202,0.7985865724381626
137,SG-00005,SYN-CAND-00005-01,BUNDLE,1,0.8754238878673671,0.8613396004700352
137,SG-00005,SYN-CAND-00005-02,PROMOTIONAL_BONUS,1,0.756471867901698,0.8185096153846154
137,SG-00005,SYN-CAND-00005-03,INTERNAL_USE,1,0.8089959476545471,0.7379480840543882
137,SG-00005,SYN-CAND-00005-04,BRANCH_TRANSFER,1,0.7588673707513355,0.8079231692677071
137,SG-00005,SYN-CAND-00005-05,DONATION,1,0.748192843164161,0.6856106408706167
137,SG-00008,SYN-CAND-00008-01,INTERNAL_USE,1,0.7773516257290097,0.7379480840543882
137,SG-00008,SYN-CAND-00008-02,PROMOTIONAL_BONUS,1,0.8000257678216051,0.8185096153846154
137,SG-00022,SYN-CAND-00022-01,DONATION,0,0.7631265806035256,0.6856106408706167
137,SG-00022,SYN-CAND-00022-02,RETURN_TO_SUPPLIER,1,0.8697771131416062,0.8146002317497103
137,SG-00023,SYN-CAND-00023-01,INTERNAL_USE,1,0.7256566871423135,0.7379480840543882
137,SG-00023,SYN-CAND-00023-02,PROMOTIONAL_BONUS,1,0.8554582876562373,0.8185096153846154
137,SG-00023,SYN-CAND-00023-03,EXTERNAL_PARTNER,0,0.851385218765602,0.798569725864124
137,SG-00023,SYN-CAND-00023-04,BUNDLE,1,0.8894683963403798,0.8613396004700352
137,SG-00025,SYN-CAND-00025-01,RETURN_TO_SUPPLIER,1,0.7898379089967407,0.8146002317497103
137,SG-00025,SYN-CAND-00025-02,BRANCH_TRANSFER,1,0.8441979059939763,0.8079231692677071
137,SG-00025,SYN-CAND-00025-03,PROMOTIONAL_BONUS,1,0.8422683837564612,0.8185096153846154
137,SG-00025,SYN-CAND-00025-04,WHOLESALE,1,0.8443828577688772,0.7906432748538011
137,SG-00030,SYN-CAND-00030-01,DONATION,1,0.6493569931445022,0.6856106408706167
137,SG-00030,SYN-CAND-00030-02,BRANCH_TRANSFER,1,0.8575129358042338,0.8079231692677071
137,SG-00032,SYN-CAND-00032-01,WHOLESALE,0,0.6376086437608662,0.7906432748538011
137,SG-00032,SYN-CAND-00032-02,LOCAL_DISCOUNT,1,0.8994815500145098,0.8673587081891581
137,SG-00032,SYN-CAND-00032-03,PROMOTIONAL_BONUS,1,0.7452750160009617,0.8185096153846154
137,SG-00032,SYN-CAND-00032-04,EXTERNAL_PARTNER,1,0.7553507379324105,0.798569725864124
137,SG-00051,SYN-CAND-00051-01,INTERNAL_REPURPOSE,1,0.8383689482577389,0.8212157330154947
137,SG-00051,SYN-CAND-00051-02,RETURN_TO_SUPPLIER,1,0.863358175903965,0.8146002317497103
137,SG-00051,SYN-CAND-00051-03,PROMOTIONAL_BONUS,0,0.7315292854009751,0.8185096153846154
137,SG-00061,SYN-CAND-00061-01,RETURN_TO_SUPPLIER,1,0.7277894184959312,0.8146002317497103
137,SG-00061,SYN-CAND-00061-02,DONATION,1,0.7195536973383034,0.6856106408706167
137,SG-00061,SYN-CAND-00061-03,LOCAL_DISCOUNT,1,0.8447652837155789,0.8673587081891581
137,SG-00063,SYN-CAND-00063-01,EXTERNAL_PARTNER,1,0.7986366082757664,0.798569725864124
137,SG-00063,SYN-CAND-00063-02,BRANCH_TRANSFER,0,0.892939814492109,0.8079231692677071
137,SG-00063,SYN-CAND-00063-03,INTERNAL_REPURPOSE,1,0.8977662582812528,0.8212157330154947
137,SG-00063,SYN-CAND-00063-04,DONATION,1,0.8426177285659741,0.6856106408706167
137,SG-00063,SYN-CAND-00063-05,INTERNAL_USE,1,0.7779714937442799,0.7379480840543882
137,SG-00063,SYN-CAND-00063-06,PROMOTIONAL_BONUS,1,0.7775297849523806,0.8185096153846154
137,SG-00063,SYN-CAND-00063-07,WHOLESALE,1,0.8628417529272953,0.7906432748538011
137,SG-00069,SYN-CAND-00069-01,INTERNAL_USE,0,0.6973324641997093,0.7379480840543882
137,SG-00069,SYN-CAND-00069-02,LOCAL_DISCOUNT,1,0.9085698843860602,0.8673587081891581
137,SG-00069,SYN-CAND-00069-03,RETURN_TO_SUPPLIER,0,0.8624965193246331,0.8146002317497103
137,SG-00071,SYN-CAND-00071-01,EXTERNAL_PARTNER,1,0.7317489251552195,0.798569725864124
137,SG-00071,SYN-CAND-00071-02,BUNDLE,1,0.8837066144462423,0.8613396004700352
137,SG-00071,SYN-CAND-00071-03,WHOLESALE,1,0.7541734868241851,0.7906432748538011
137,SG-00071,SYN-CAND-00071-04,BRANCH_TRANSFER,0,0.8437317420765605,0.8079231692677071
137,SG-00080,SYN-CAND-00080-01,BRANCH_TRANSFER,1,0.8567633802428716,0.8079231692677071
137,SG-00080,SYN-CAND-00080-02,EXTERNAL_PARTNER,1,0.8769428124375169,0.798569725864124
137,SG-00080,SYN-CAND-00080-03,LOCAL_DISCOUNT,1,0.8962492840255061,0.8673587081891581
137,SG-00080,SYN-CAND-00080-04,PROMOTIONAL_BONUS,1,0.8614355308268445,0.8185096153846154
137,SG-00088,SYN-CAND-00088-01,WHOLESALE,1,0.8037852486243929,0.7906432748538011
137,SG-00088,SYN-CAND-00088-02,INTERNAL_REPURPOSE,0,0.8098684926272086,0.8212157330154947
137,SG-00088,SYN-CAND-00088-03,INTERNAL_USE,1,0.7033626585620649,0.7379480840543882
137,SG-00088,SYN-CAND-00088-04,DONATION,1,0.7753033948624877,0.6856106408706167
137,SG-00088,SYN-CAND-00088-05,BUNDLE,1,0.8366765714437365,0.8613396004700352
137,SG-00088,SYN-CAND-00088-06,LOCAL_DISCOUNT,1,0.8625294856998845,0.8673587081891581
137,SG-00088,SYN-CAND-00088-07,EXTERNAL_PARTNER,1,0.8647237003554231,0.798569725864124
137,SG-00088,SYN-CAND-00088-08,BRANCH_TRANSFER,1,0.8129525756619131,0.8079231692677071
137,SG-00093,SYN-CAND-00093-01,DONATION,1,0.6006249444073333,0.6856106408706167
137,SG-00093,SYN-CAND-00093-02,WHOLESALE,1,0.8429810993853353,0.7906432748538011
137,SG-00100,SYN-CAND-00100-01,INTERNAL_REPURPOSE,1,0.7695558866515032,0.8212157330154947
137,SG-00100,SYN-CAND-00100-02,EXTERNAL_PARTNER,1,0.841980131402526,0.798569725864124
137,SG-00100,SYN-CAND-00100-03,BUNDLE,1,0.9105788027901051,0.8613396004700352
137,SG-00100,SYN-CAND-00100-04,DONATION,1,0.7250172258965496,0.6856106408706167
137,SG-00100,SYN-CAND-00100-05,BRANCH_TRANSFER,1,0.8212152411800873,0.8079231692677071
137,SG-00100,SYN-CAND-00100-06,PROMOTIONAL_BONUS,1,0.9125812252716878,0.8185096153846154
137,SG-00100,SYN-CAND-00100-07,WHOLESALE,0,0.8083765721317856,0.7906432748538011
137,SG-00100,SYN-CAND-00100-08,LOCAL_DISCOUNT,1,0.9243517665689154,0.8673587081891581
137,SG-00103,SYN-CAND-00103-01,EXTERNAL_PARTNER,1,0.7950120904945824,0.798569725864124
137,SG-00103,SYN-CAND-00103-02,INTERNAL_USE,1,0.7417801113969427,0.7379480840543882
137,SG-00107,SYN-CAND-00107-01,PROMOTIONAL_BONUS,0,0.8050927302525305,0.8185096153846154
137,SG-00107,SYN-CAND-00107-02,EXTERNAL_PARTNER,1,0.8792645906833645,0.798569725864124
137,SG-00107,SYN-CAND-00107-03,INTERNAL_USE,1,0.8281235064491286,0.7379480840543882
137,SG-00107,SYN-CAND-00107-04,LOCAL_DISCOUNT,1,0.8214462085714272,0.8673587081891581
137,SG-00107,SYN-CAND-00107-05,DONATION,1,0.8254706575762234,0.6856106408706167
137,SG-00116,SYN-CAND-00116-01,BRANCH_TRANSFER,1,0.8523064559404143,0.8079231692677071
137,SG-00116,SYN-CAND-00116-02,DONATION,1,0.8011910279378502,0.6856106408706167
137,SG-00116,SYN-CAND-00116-03,PROMOTIONAL_BONUS,1,0.7975991698378959,0.8185096153846154
137,SG-00138,SYN-CAND-00138-01,INTERNAL_USE,1,0.8461525486137033,0.7379480840543882
137,SG-00138,SYN-CAND-00138-02,WHOLESALE,0,0.7525418446800286,0.7906432748538011
137,SG-00138,SYN-CAND-00138-03,PROMOTIONAL_BONUS,1,0.8607632369972581,0.8185096153846154
137,SG-00145,SYN-CAND-00145-01,RETURN_TO_SUPPLIER,1,0.867521930868651,0.8146002317497103
137,SG-00145,SYN-CAND-00145-02,DONATION,1,0.8573608194360222,0.6856106408706167
137,SG-00145,SYN-CAND-00145-03,EXTERNAL_PARTNER,1,0.8419038558506419,0.798569725864124
137,SG-00145,SYN-CAND-00145-04,BRANCH_TRANSFER,1,0.7918755424603859,0.8079231692677071
137,SG-00149,SYN-CAND-00149-01,RETURN_TO_SUPPLIER,1,0.8964218193709657,0.8146002317497103
137,SG-00149,SYN-CAND-00149-02,LOCAL_DISCOUNT,0,0.8884775009095525,0.8673587081891581
137,SG-00149,SYN-CAND-00149-03,DONATION,0,0.6517252191605749,0.6856106408706167
137,SG-00149,SYN-CAND-00149-04,EXTERNAL_PARTNER,1,0.8557311745879753,0.798569725864124
137,SG-00149,SYN-CAND-00149-05,INTERNAL_USE,0,0.8256704736836395,0.7379480840543882
137,SG-00149,SYN-CAND-00149-06,WHOLESALE,1,0.7486857718363678,0.7906432748538011
137,SG-00149,SYN-CAND-00149-07,PROMOTIONAL_BONUS,1,0.8868274066883625,0.8185096153846154
137,SG-00153,SYN-CAND-00153-01,INTERNAL_REPURPOSE,0,0.8365337668524362,0.8212157330154947
137,SG-00153,SYN-CAND-00153-02,PROMOTIONAL_BONUS,1,0.8472321333250818,0.8185096153846154
137,SG-00153,SYN-CAND-00153-03,BUNDLE,1,0.8833407289258505,0.8613396004700352
137,SG-00153,SYN-CAND-00153-04,EXTERNAL_PARTNER,1,0.8564163900189816,0.798569725864124
137,SG-00157,SYN-CAND-00157-01,DONATION,1,0.6512325655869754,0.6856106408706167
137,SG-00157,SYN-CAND-00157-02,INTERNAL_REPURPOSE,1,0.8320448019310777,0.8212157330154947
137,SG-00157,SYN-CAND-00157-03,EXTERNAL_PARTNER,1,0.85778665784498,0.798569725864124
137,SG-00157,SYN-CAND-00157-04,RETURN_TO_SUPPLIER,1,0.7289967005868901,0.8146002317497103
137,SG-00157,SYN-CAND-00157-05,PROMOTIONAL_BONUS,1,0.8362865193991654,0.8185096153846154
137,SG-00157,SYN-CAND-00157-06,INTERNAL_USE,0,0.7108957426015726,0.7379480840543882
137,SG-00157,SYN-CAND-00157-07,WHOLESALE,1,0.7109659216206398,0.7906432748538011
137,SG-00158,SYN-CAND-00158-01,BRANCH_TRANSFER,1,0.8545729817800346,0.8079231692677071
137,SG-00158,SYN-CAND-00158-02,WHOLESALE,1,0.7656868641777694,0.7906432748538011
137,SG-00158,SYN-CAND-00158-03,DONATION,1,0.7811121179256401,0.6856106408706167
137,SG-00158,SYN-CAND-00158-04,BUNDLE,1,0.8859267634474959,0.8613396004700352
137,SG-00169,SYN-CAND-00169-01,PROMOTIONAL_BONUS,0,0.6479103544188233,0.8185096153846154
137,SG-00169,SYN-CAND-00169-02,DONATION,1,0.68558049416282,0.6856106408706167
137,SG-00169,SYN-CAND-00169-03,INTERNAL_REPURPOSE,0,0.7004836940498422,0.8212157330154947
137,SG-00169,SYN-CAND-00169-04,LOCAL_DISCOUNT,1,0.8414308959301611,0.8673587081891581
137,SG-00169,SYN-CAND-00169-05,BUNDLE,1,0.854138430681982,0.8613396004700352
137,SG-00169,SYN-CAND-00169-06,WHOLESALE,1,0.7346333590556103,0.7906432748538011
137,SG-00169,SYN-CAND-00169-07,INTERNAL_USE,0,0.7885966540553159,0.7379480840543882
137,SG-00169,SYN-CAND-00169-08,BRANCH_TRANSFER,1,0.7848066441626858,0.8079231692677071
137,SG-00172,SYN-CAND-00172-01,LOCAL_DISCOUNT,1,0.6293700353577291,0.8673587081891581
137,SG-00172,SYN-CAND-00172-02,BUNDLE,1,0.8808259657215205,0.8613396004700352
137,SG-00172,SYN-CAND-00172-03,BRANCH_TRANSFER,1,0.8442099058392479,0.8079231692677071
137,SG-00172,SYN-CAND-00172-04,WHOLESALE,0,0.7737778559837373,0.7906432748538011
137,SG-00172,SYN-CAND-00172-05,INTERNAL_USE,1,0.6382274593255047,0.7379480840543882
137,SG-00172,SYN-CAND-00172-06,DONATION,1,0.7247720951133872,0.6856106408706167
137,SG-00172,SYN-CAND-00172-07,EXTERNAL_PARTNER,1,0.8511501619119735,0.798569725864124
137,SG-00172,SYN-CAND-00172-08,PROMOTIONAL_BONUS,1,0.8328694687121798,0.8185096153846154
137,SG-00173,SYN-CAND-00173-01,LOCAL_DISCOUNT,1,0.9116516457797474,0.8673587081891581
137,SG-00173,SYN-CAND-00173-02,EXTERNAL_PARTNER,1,0.8285645825882121,0.798569725864124
137,SG-00173,SYN-CAND-00173-03,INTERNAL_USE,0,0.6924447410791742,0.7379480840543882
137,SG-00173,SYN-CAND-00173-04,DONATION,0,0.7030819702599135,0.6856106408706167
137,SG-00173,SYN-CAND-00173-05,WHOLESALE,1,0.8367410364220145,0.7906432748538011
137,SG-00173,SYN-CAND-00173-06,RETURN_TO_SUPPLIER,1,0.5808787732135311,0.8146002317497103
137,SG-00194,SYN-CAND-00194-01,BUNDLE,1,0.8979691523294299,0.8613396004700352
137,SG-00194,SYN-CAND-00194-02,RETURN_TO_SUPPLIER,1,0.8575702384676355,0.8146002317497103
137,SG-00194,SYN-CAND-00194-03,INTERNAL_REPURPOSE,1,0.9065374753169397,0.8212157330154947
137,SG-00194,SYN-CAND-00194-04,LOCAL_DISCOUNT,1,0.8137491336734228,0.8673587081891581
137,SG-00194,SYN-CAND-00194-05,BRANCH_TRANSFER,1,0.7977208018060767,0.8079231692677071
137,SG-00199,SYN-CAND-00199-01,LOCAL_DISCOUNT,1,0.9058771764708081,0.8673587081891581
137,SG-00199,SYN-CAND-00199-02,DONATION,1,0.4994075226988567,0.6856106408706167
137,SG-00199,SYN-CAND-00199-03,RETURN_TO_SUPPLIER,1,0.8512345198577762,0.8146002317497103
137,SG-00199,SYN-CAND-00199-04,INTERNAL_REPURPOSE,1,0.7273051580186247,0.8212157330154947
137,SG-00199,SYN-CAND-00199-05,EXTERNAL_PARTNER,1,0.8268052921883409,0.798569725864124
137,SG-00199,SYN-CAND-00199-06,BUNDLE,0,0.6332431114436068,0.8613396004700352
137,SG-00199,SYN-CAND-00199-07,BRANCH_TRANSFER,1,0.857514993669095,0.8079231692677071
137,SG-00219,SYN-CAND-00219-01,RETURN_TO_SUPPLIER,1,0.8287980952295917,0.8146002317497103
137,SG-00219,SYN-CAND-00219-02,WHOLESALE,1,0.7442188198356081,0.7906432748538011
137,SG-00219,SYN-CAND-00219-03,DONATION,1,0.7966084124484083,0.6856106408706167
137,SG-00219,SYN-CAND-00219-04,EXTERNAL_PARTNER,1,0.8558223386591629,0.798569725864124
137,SG-00219,SYN-CAND-00219-05,BUNDLE,1,0.8987486412961552,0.8613396004700352
137,SG-00219,SYN-CAND-00219-06,LOCAL_DISCOUNT,1,0.8474915231872426,0.8673587081891581
137,SG-00219,SYN-CAND-00219-07,INTERNAL_USE,0,0.7229375150852186,0.7379480840543882
137,SG-00219,SYN-CAND-00219-08,BRANCH_TRANSFER,0,0.8930123059295071,0.8079231692677071
137,SG-00222,SYN-CAND-00222-01,BRANCH_TRANSFER,1,0.870464067806729,0.8079231692677071
137,SG-00222,SYN-CAND-00222-02,DONATION,1,0.7788119652835529,0.6856106408706167
137,SG-00222,SYN-CAND-00222-03,PROMOTIONAL_BONUS,0,0.9017003766640295,0.8185096153846154
137,SG-00222,SYN-CAND-00222-04,INTERNAL_USE,1,0.8306542456558338,0.7379480840543882
137,SG-00222,SYN-CAND-00222-05,EXTERNAL_PARTNER,1,0.8801331344730404,0.798569725864124
137,SG-00227,SYN-CAND-00227-01,LOCAL_DISCOUNT,1,0.804161331240649,0.8673587081891581
137,SG-00227,SYN-CAND-00227-02,DONATION,1,0.6779889921018323,0.6856106408706167
137,SG-00229,SYN-CAND-00229-01,PROMOTIONAL_BONUS,1,0.9198162615364461,0.8185096153846154
137,SG-00229,SYN-CAND-00229-02,INTERNAL_USE,1,0.8395125574120336,0.7379480840543882
137,SG-00229,SYN-CAND-00229-03,RETURN_TO_SUPPLIER,0,0.836513748853552,0.8146002317497103
137,SG-00229,SYN-CAND-00229-04,EXTERNAL_PARTNER,0,0.9101585406407106,0.798569725864124
137,SG-00229,SYN-CAND-00229-05,BUNDLE,1,0.8916178764146028,0.8613396004700352
137,SG-00229,SYN-CAND-00229-06,WHOLESALE,1,0.8279178827854807,0.7906432748538011
137,SG-00229,SYN-CAND-00229-07,DONATION,1,0.6630780168064848,0.6856106408706167
137,SG-00230,SYN-CAND-00230-01,LOCAL_DISCOUNT,1,0.7499085537817692,0.8673587081891581
137,SG-00230,SYN-CAND-00230-02,WHOLESALE,1,0.8364357976527297,0.7906432748538011
137,SG-00230,SYN-CAND-00230-03,BRANCH_TRANSFER,1,0.7404824895372264,0.8079231692677071
137,SG-00230,SYN-CAND-00230-04,DONATION,0,0.7500212885632019,0.6856106408706167
137,SG-00231,SYN-CAND-00231-01,INTERNAL_USE,1,0.8613305530491867,0.7379480840543882
137,SG-00231,SYN-CAND-00231-02,DONATION,0,0.7271328895539987,0.6856106408706167
137,SG-00232,SYN-CAND-00232-01,RETURN_TO_SUPPLIER,1,0.8436210012060616,0.8146002317497103
137,SG-00232,SYN-CAND-00232-02,BRANCH_TRANSFER,0,0.5914836476680252,0.8079231692677071
137,SG-00232,SYN-CAND-00232-03,BUNDLE,0,0.8985661625292114,0.8613396004700352
137,SG-00232,SYN-CAND-00232-04,EXTERNAL_PARTNER,1,0.9013211622256075,0.798569725864124
137,SG-00238,SYN-CAND-00238-01,PROMOTIONAL_BONUS,1,0.8858843343748618,0.8185096153846154
137,SG-00238,SYN-CAND-00238-02,BUNDLE,1,0.8926721793917002,0.8613396004700352
137,SG-00238,SYN-CAND-00238-03,RETURN_TO_SUPPLIER,1,0.8316869989697864,0.8146002317497103
137,SG-00238,SYN-CAND-00238-04,WHOLESALE,1,0.8613916390896617,0.7906432748538011
137,SG-00238,SYN-CAND-00238-05,LOCAL_DISCOUNT,1,0.9197440362468703,0.8673587081891581
137,SG-00238,SYN-CAND-00238-06,INTERNAL_USE,1,0.7878386039136994,0.7379480840543882
137,SG-00269,SYN-CAND-00269-01,BUNDLE,1,0.8392937202076283,0.8613396004700352
137,SG-00269,SYN-CAND-00269-02,LOCAL_DISCOUNT,1,0.880067671978182,0.8673587081891581
137,SG-00273,SYN-CAND-00273-01,WHOLESALE,1,0.6297180896411432,0.7906432748538011
137,SG-00273,SYN-CAND-00273-02,BRANCH_TRANSFER,1,0.9039793192361252,0.8079231692677071
137,SG-00273,SYN-CAND-00273-03,INTERNAL_USE,1,0.5831941586151871,0.7379480840543882
137,SG-00273,SYN-CAND-00273-04,DONATION,1,0.737707632645145,0.6856106408706167
137,SG-00273,SYN-CAND-00273-05,INTERNAL_REPURPOSE,1,0.866370255281392,0.8212157330154947
137,SG-00273,SYN-CAND-00273-06,EXTERNAL_PARTNER,1,0.8145563155253157,0.798569725864124
137,SG-00275,SYN-CAND-00275-01,WHOLESALE,1,0.8118150141656527,0.7906432748538011
137,SG-00275,SYN-CAND-00275-02,RETURN_TO_SUPPLIER,1,0.8696217631560601,0.8146002317497103
137,SG-00275,SYN-CAND-00275-03,BRANCH_TRANSFER,1,0.6545146902149497,0.8079231692677071
137,SG-00275,SYN-CAND-00275-04,EXTERNAL_PARTNER,0,0.8151407302280315,0.798569725864124
137,SG-00275,SYN-CAND-00275-05,INTERNAL_USE,0,0.7345186988641526,0.7379480840543882
137,SG-00275,SYN-CAND-00275-06,BUNDLE,1,0.8748914983206127,0.8613396004700352
137,SG-00275,SYN-CAND-00275-07,INTERNAL_REPURPOSE,1,0.8267917645241742,0.8212157330154947
137,SG-00281,SYN-CAND-00281-01,BRANCH_TRANSFER,1,0.8205322579105753,0.8079231692677071
137,SG-00281,SYN-CAND-00281-02,PROMOTIONAL_BONUS,1,0.8631156438553946,0.8185096153846154
137,SG-00281,SYN-CAND-00281-03,DONATION,1,0.7853404686994603,0.6856106408706167
137,SG-00281,SYN-CAND-00281-04,INTERNAL_REPURPOSE,1,0.8785010158714437,0.8212157330154947
137,SG-00281,SYN-CAND-00281-05,INTERNAL_USE,1,0.7988771296703856,0.7379480840543882
137,SG-00281,SYN-CAND-00281-06,BUNDLE,1,0.8292690820169158,0.8613396004700352
137,SG-00283,SYN-CAND-00283-01,INTERNAL_REPURPOSE,1,0.819300809973927,0.8212157330154947
137,SG-00283,SYN-CAND-00283-02,BUNDLE,1,0.8144029870615315,0.8613396004700352
137,SG-00309,SYN-CAND-00309-01,EXTERNAL_PARTNER,1,0.828148578103505,0.798569725864124
137,SG-00309,SYN-CAND-00309-02,DONATION,1,0.7537529789976104,0.6856106408706167
137,SG-00309,SYN-CAND-00309-03,BUNDLE,1,0.7863745417355396,0.8613396004700352
137,SG-00314,SYN-CAND-00314-01,LOCAL_DISCOUNT,0,0.9136694232874597,0.8673587081891581
137,SG-00314,SYN-CAND-00314-02,INTERNAL_USE,0,0.7321471018068358,0.7379480840543882
137,SG-00314,SYN-CAND-00314-03,PROMOTIONAL_BONUS,1,0.839567694809031,0.8185096153846154
137,SG-00314,SYN-CAND-00314-04,DONATION,0,0.7149591206559314,0.6856106408706167
137,SG-00318,SYN-CAND-00318-01,DONATION,1,0.7337049260798696,0.6856106408706167
137,SG-00318,SYN-CAND-00318-02,BUNDLE,0,0.8818304141481452,0.8613396004700352
137,SG-00318,SYN-CAND-00318-03,WHOLESALE,1,0.8204453542217928,0.7906432748538011
137,SG-00318,SYN-CAND-00318-04,INTERNAL_USE,1,0.6835420723628869,0.7379480840543882
137,SG-00318,SYN-CAND-00318-05,PROMOTIONAL_BONUS,1,0.9019234077537762,0.8185096153846154
137,SG-00318,SYN-CAND-00318-06,EXTERNAL_PARTNER,1,0.9157798396408638,0.798569725864124
137,SG-00318,SYN-CAND-00318-07,INTERNAL_REPURPOSE,1,0.8450362414955389,0.8212157330154947
137,SG-00319,SYN-CAND-00319-01,BUNDLE,1,0.7136811016263194,0.8613396004700352
137,SG-00319,SYN-CAND-00319-02,INTERNAL_REPURPOSE,0,0.8899191040982106,0.8212157330154947
137,SG-00319,SYN-CAND-00319-03,INTERNAL_USE,1,0.7375418221158362,0.7379480840543882
137,SG-00319,SYN-CAND-00319-04,PROMOTIONAL_BONUS,1,0.8685991334785865,0.8185096153846154
137,SG-00319,SYN-CAND-00319-05,RETURN_TO_SUPPLIER,1,0.7851504555386349,0.8146002317497103
137,SG-00319,SYN-CAND-00319-06,EXTERNAL_PARTNER,1,0.821075674442827,0.798569725864124
137,SG-00320,SYN-CAND-00320-01,BUNDLE,1,0.8974673964468174,0.8613396004700352
137,SG-00320,SYN-CAND-00320-02,BRANCH_TRANSFER,1,0.8080024669740213,0.8079231692677071
137,SG-00320,SYN-CAND-00320-03,LOCAL_DISCOUNT,1,0.7648951792230504,0.8673587081891581
137,SG-00320,SYN-CAND-00320-04,INTERNAL_USE,0,0.7976309206353168,0.7379480840543882
137,SG-00322,SYN-CAND-00322-01,RETURN_TO_SUPPLIER,1,0.8852822417402751,0.8146002317497103
137,SG-00322,SYN-CAND-00322-02,EXTERNAL_PARTNER,0,0.8924793285210709,0.798569725864124
137,SG-00325,SYN-CAND-00325-01,RETURN_TO_SUPPLIER,1,0.650716158090926,0.8146002317497103
137,SG-00325,SYN-CAND-00325-02,PROMOTIONAL_BONUS,0,0.770803331388135,0.8185096153846154
137,SG-00325,SYN-CAND-00325-03,BUNDLE,1,0.8047342678367346,0.8613396004700352
137,SG-00325,SYN-CAND-00325-04,INTERNAL_REPURPOSE,1,0.8213749879338296,0.8212157330154947
137,SG-00325,SYN-CAND-00325-05,WHOLESALE,1,0.8590754109066598,0.7906432748538011
137,SG-00325,SYN-CAND-00325-06,LOCAL_DISCOUNT,0,0.8400651354593415,0.8673587081891581
137,SG-00325,SYN-CAND-00325-07,DONATION,1,0.6311543799866005,0.6856106408706167
137,SG-00329,SYN-CAND-00329-01,WHOLESALE,1,0.6609710929570343,0.7906432748538011
137,SG-00329,SYN-CAND-00329-02,INTERNAL_REPURPOSE,1,0.8711585070384116,0.8212157330154947
137,SG-00329,SYN-CAND-00329-03,BRANCH_TRANSFER,1,0.84216625954235,0.8079231692677071
137,SG-00329,SYN-CAND-00329-04,BUNDLE,1,0.8452721905169648,0.8613396004700352
137,SG-00335,SYN-CAND-00335-01,LOCAL_DISCOUNT,1,0.8578488648147278,0.8673587081891581
137,SG-00335,SYN-CAND-00335-02,EXTERNAL_PARTNER,1,0.8036961987806203,0.798569725864124
137,SG-00335,SYN-CAND-00335-03,BUNDLE,1,0.7972494830535607,0.8613396004700352
137,SG-00335,SYN-CAND-00335-04,DONATION,1,0.6018009316582734,0.6856106408706167
137,SG-00335,SYN-CAND-00335-05,BRANCH_TRANSFER,1,0.8343987992105413,0.8079231692677071
137,SG-00335,SYN-CAND-00335-06,WHOLESALE,0,0.8326696312531564,0.7906432748538011
137,SG-00335,SYN-CAND-00335-07,INTERNAL_USE,1,0.7682357812405403,0.7379480840543882
137,SG-00335,SYN-CAND-00335-08,INTERNAL_REPURPOSE,0,0.8457938443292675,0.8212157330154947
137,SG-00337,SYN-CAND-00337-01,BRANCH_TRANSFER,1,0.8043243331098382,0.8079231692677071
137,SG-00337,SYN-CAND-00337-02,PROMOTIONAL_BONUS,1,0.880933351649814,0.8185096153846154
137,SG-00337,SYN-CAND-00337-03,BUNDLE,1,0.7381186162053912,0.8613396004700352
137,SG-00337,SYN-CAND-00337-04,INTERNAL_REPURPOSE,1,0.9278094944637175,0.8212157330154947
137,SG-00337,SYN-CAND-00337-05,DONATION,0,0.7754345991016256,0.6856106408706167
137,SG-00345,SYN-CAND-00345-01,EXTERNAL_PARTNER,1,0.8331361229366204,0.798569725864124
137,SG-00345,SYN-CAND-00345-02,INTERNAL_USE,1,0.7639372088858011,0.7379480840543882
137,SG-00345,SYN-CAND-00345-03,RETURN_TO_SUPPLIER,1,0.8015473655526695,0.8146002317497103
137,SG-00345,SYN-CAND-00345-04,WHOLESALE,1,0.6988683228915594,0.7906432748538011
137,SG-00345,SYN-CAND-00345-05,PROMOTIONAL_BONUS,1,0.8552435028750476,0.8185096153846154
137,SG-00345,SYN-CAND-00345-06,DONATION,0,0.7874656594030397,0.6856106408706167
137,SG-00345,SYN-CAND-00345-07,INTERNAL_REPURPOSE,1,0.8127146793178612,0.8212157330154947
137,SG-00345,SYN-CAND-00345-08,BUNDLE,1,0.838942110197399,0.8613396004700352
137,SG-00348,SYN-CAND-00348-01,PROMOTIONAL_BONUS,1,0.8567428644765073,0.8185096153846154
137,SG-00348,SYN-CAND-00348-02,BRANCH_TRANSFER,1,0.857274284550574,0.8079231692677071
137,SG-00354,SYN-CAND-00354-01,INTERNAL_USE,1,0.7484668044830567,0.7379480840543882
137,SG-00354,SYN-CAND-00354-02,PROMOTIONAL_BONUS,1,0.8426227187746989,0.8185096153846154
137,SG-00354,SYN-CAND-00354-03,RETURN_TO_SUPPLIER,1,0.7933954579917728,0.8146002317497103
137,SG-00354,SYN-CAND-00354-04,INTERNAL_REPURPOSE,1,0.8336630491277602,0.8212157330154947
137,SG-00354,SYN-CAND-00354-05,BUNDLE,1,0.8308659889977886,0.8613396004700352
137,SG-00354,SYN-CAND-00354-06,LOCAL_DISCOUNT,1,0.8079441632422063,0.8673587081891581
137,SG-00354,SYN-CAND-00354-07,EXTERNAL_PARTNER,1,0.7434525748636991,0.798569725864124
137,SG-00357,SYN-CAND-00357-01,RETURN_TO_SUPPLIER,1,0.6992587514817806,0.8146002317497103
137,SG-00357,SYN-CAND-00357-02,DONATION,1,0.7296556244886767,0.6856106408706167
137,SG-00357,SYN-CAND-00357-03,INTERNAL_USE,1,0.7255274517302293,0.7379480840543882
137,SG-00357,SYN-CAND-00357-04,INTERNAL_REPURPOSE,1,0.8841494767011275,0.8212157330154947
137,SG-00357,SYN-CAND-00357-05,PROMOTIONAL_BONUS,1,0.862309401710996,0.8185096153846154
137,SG-00357,SYN-CAND-00357-06,BUNDLE,1,0.9212649177061156,0.8613396004700352
137,SG-00357,SYN-CAND-00357-07,EXTERNAL_PARTNER,1,0.8360255324514241,0.798569725864124
137,SG-00357,SYN-CAND-00357-08,WHOLESALE,1,0.8164182557593672,0.7906432748538011
137,SG-00372,SYN-CAND-00372-01,INTERNAL_REPURPOSE,1,0.790697079952012,0.8212157330154947
137,SG-00372,SYN-CAND-00372-02,EXTERNAL_PARTNER,0,0.8668892117658538,0.798569725864124
137,SG-00372,SYN-CAND-00372-03,LOCAL_DISCOUNT,1,0.8869963762338953,0.8673587081891581
137,SG-00372,SYN-CAND-00372-04,BUNDLE,0,0.8271324053428839,0.8613396004700352
137,SG-00372,SYN-CAND-00372-05,DONATION,1,0.6775661367591723,0.6856106408706167
137,SG-00374,SYN-CAND-00374-01,WHOLESALE,1,0.8039583429283811,0.7906432748538011
137,SG-00374,SYN-CAND-00374-02,RETURN_TO_SUPPLIER,1,0.842601470650183,0.8146002317497103
137,SG-00374,SYN-CAND-00374-03,INTERNAL_USE,0,0.7866312834049506,0.7379480840543882
137,SG-00374,SYN-CAND-00374-04,DONATION,1,0.8137980086134131,0.6856106408706167
137,SG-00374,SYN-CAND-00374-05,PROMOTIONAL_BONUS,1,0.864923321373217,0.8185096153846154
137,SG-00420,SYN-CAND-00420-01,WHOLESALE,1,0.8603641349158867,0.7906432748538011
137,SG-00420,SYN-CAND-00420-02,BRANCH_TRANSFER,1,0.8238021196591553,0.8079231692677071
137,SG-00420,SYN-CAND-00420-03,EXTERNAL_PARTNER,1,0.6599842074892441,0.798569725864124
137,SG-00420,SYN-CAND-00420-04,DONATION,0,0.7105882960617887,0.6856106408706167
137,SG-00420,SYN-CAND-00420-05,INTERNAL_USE,1,0.8026514244408149,0.7379480840543882
137,SG-00421,SYN-CAND-00421-01,EXTERNAL_PARTNER,1,0.8830724445540705,0.798569725864124
137,SG-00421,SYN-CAND-00421-02,INTERNAL_USE,0,0.730782992131249,0.7379480840543882
137,SG-00421,SYN-CAND-00421-03,DONATION,0,0.7607614231702232,0.6856106408706167
137,SG-00421,SYN-CAND-00421-04,INTERNAL_REPURPOSE,1,0.9049802402853548,0.8212157330154947
137,SG-00421,SYN-CAND-00421-05,RETURN_TO_SUPPLIER,1,0.9020483506627132,0.8146002317497103
137,SG-00426,SYN-CAND-00426-01,LOCAL_DISCOUNT,1,0.8461249839492929,0.8673587081891581
137,SG-00426,SYN-CAND-00426-02,BUNDLE,1,0.8408679719554606,0.8613396004700352
137,SG-00427,SYN-CAND-00427-01,DONATION,1,0.5385256511829629,0.6856106408706167
137,SG-00427,SYN-CAND-00427-02,EXTERNAL_PARTNER,1,0.7958448658698114,0.798569725864124
137,SG-00427,SYN-CAND-00427-03,BUNDLE,1,0.877261712714139,0.8613396004700352
137,SG-00427,SYN-CAND-00427-04,INTERNAL_REPURPOSE,0,0.8163860664227754,0.8212157330154947
137,SG-00427,SYN-CAND-00427-05,RETURN_TO_SUPPLIER,0,0.8517722627676272,0.8146002317497103
137,SG-00427,SYN-CAND-00427-06,WHOLESALE,1,0.670047126892204,0.7906432748538011
137,SG-00427,SYN-CAND-00427-07,LOCAL_DISCOUNT,1,0.8980089765295183,0.8673587081891581
137,SG-00431,SYN-CAND-00431-01,PROMOTIONAL_BONUS,0,0.8337980200812061,0.8185096153846154
137,SG-00431,SYN-CAND-00431-02,LOCAL_DISCOUNT,1,0.9124402508096722,0.8673587081891581
137,SG-00434,SYN-CAND-00434-01,LOCAL_DISCOUNT,1,0.9078670016101622,0.8673587081891581
137,SG-00434,SYN-CAND-00434-02,EXTERNAL_PARTNER,1,0.8644320417874619,0.798569725864124
137,SG-00434,SYN-CAND-00434-03,BUNDLE,1,0.8756974762485761,0.8613396004700352
137,SG-00434,SYN-CAND-00434-04,INTERNAL_USE,0,0.7980804859709132,0.7379480840543882
137,SG-00434,SYN-CAND-00434-05,RETURN_TO_SUPPLIER,0,0.8127493869347733,0.8146002317497103
137,SG-00434,SYN-CAND-00434-06,PROMOTIONAL_BONUS,1,0.8642184560643578,0.8185096153846154
137,SG-00434,SYN-CAND-00434-07,WHOLESALE,1,0.8141413099393963,0.7906432748538011
137,SG-00434,SYN-CAND-00434-08,BRANCH_TRANSFER,1,0.8656505363676077,0.8079231692677071
137,SG-00445,SYN-CAND-00445-01,INTERNAL_USE,1,0.8620982484923716,0.7379480840543882
137,SG-00445,SYN-CAND-00445-02,WHOLESALE,1,0.8436514186806842,0.7906432748538011
137,SG-00445,SYN-CAND-00445-03,BRANCH_TRANSFER,1,0.8622683478564032,0.8079231692677071
137,SG-00445,SYN-CAND-00445-04,BUNDLE,1,0.9021615780734327,0.8613396004700352
137,SG-00465,SYN-CAND-00465-01,DONATION,1,0.8346816825463016,0.6856106408706167
137,SG-00465,SYN-CAND-00465-02,WHOLESALE,1,0.8143439172074546,0.7906432748538011
137,SG-00465,SYN-CAND-00465-03,INTERNAL_USE,1,0.8190158413542517,0.7379480840543882
137,SG-00465,SYN-CAND-00465-04,BUNDLE,1,0.8997983535093413,0.8613396004700352
137,SG-00465,SYN-CAND-00465-05,RETURN_TO_SUPPLIER,1,0.8199027159057488,0.8146002317497103
137,SG-00465,SYN-CAND-00465-06,PROMOTIONAL_BONUS,1,0.8717599807226635,0.8185096153846154
137,SG-00465,SYN-CAND-00465-07,EXTERNAL_PARTNER,1,0.8432551342298306,0.798569725864124
137,SG-00467,SYN-CAND-00467-01,EXTERNAL_PARTNER,1,0.7175989521052788,0.798569725864124
137,SG-00467,SYN-CAND-00467-02,RETURN_TO_SUPPLIER,1,0.7091736693613857,0.8146002317497103
137,SG-00469,SYN-CAND-00469-01,RETURN_TO_SUPPLIER,1,0.7319544141922354,0.8146002317497103
137,SG-00469,SYN-CAND-00469-02,PROMOTIONAL_BONUS,1,0.8477155189433137,0.8185096153846154
137,SG-00469,SYN-CAND-00469-03,INTERNAL_USE,1,0.760878200426126,0.7379480840543882
137,SG-00469,SYN-CAND-00469-04,LOCAL_DISCOUNT,0,0.8274919156620876,0.8673587081891581
137,SG-00469,SYN-CAND-00469-05,EXTERNAL_PARTNER,1,0.7944102220883481,0.798569725864124
137,SG-00469,SYN-CAND-00469-06,DONATION,1,0.7266534816982642,0.6856106408706167
137,SG-00469,SYN-CAND-00469-07,INTERNAL_REPURPOSE,1,0.8299351551004508,0.8212157330154947
137,SG-00469,SYN-CAND-00469-08,BUNDLE,1,0.8162845280241613,0.8613396004700352
137,SG-00473,SYN-CAND-00473-01,LOCAL_DISCOUNT,1,0.9059355702032398,0.8673587081891581
137,SG-00473,SYN-CAND-00473-02,RETURN_TO_SUPPLIER,0,0.8291381637022288,0.8146002317497103
137,SG-00474,SYN-CAND-00474-01,INTERNAL_USE,1,0.8551381345499215,0.7379480840543882
137,SG-00474,SYN-CAND-00474-02,DONATION,0,0.8508130218036762,0.6856106408706167
137,SG-00474,SYN-CAND-00474-03,PROMOTIONAL_BONUS,1,0.8874723390938792,0.8185096153846154
137,SG-00474,SYN-CAND-00474-04,BRANCH_TRANSFER,1,0.8835071815705793,0.8079231692677071
137,SG-00474,SYN-CAND-00474-05,RETURN_TO_SUPPLIER,1,0.8747992498636629,0.8146002317497103
137,SG-00474,SYN-CAND-00474-06,INTERNAL_REPURPOSE,1,0.9268028792337017,0.8212157330154947
137,SG-00474,SYN-CAND-00474-07,WHOLESALE,1,0.7977819971242248,0.7906432748538011
137,SG-00474,SYN-CAND-00474-08,LOCAL_DISCOUNT,1,0.8906636212680762,0.8673587081891581
137,SG-00475,SYN-CAND-00475-01,INTERNAL_USE,1,0.7437452997569878,0.7379480840543882
137,SG-00475,SYN-CAND-00475-02,DONATION,1,0.6622718150358962,0.6856106408706167
137,SG-00475,SYN-CAND-00475-03,INTERNAL_REPURPOSE,0,0.8711325239158667,0.8212157330154947
137,SG-00475,SYN-CAND-00475-04,PROMOTIONAL_BONUS,1,0.6927655946072414,0.8185096153846154
137,SG-00497,SYN-CAND-00497-01,INTERNAL_REPURPOSE,1,0.8401032992040398,0.8212157330154947
137,SG-00497,SYN-CAND-00497-02,RETURN_TO_SUPPLIER,0,0.7328920538349073,0.8146002317497103
137,SG-00497,SYN-CAND-00497-03,INTERNAL_USE,1,0.7427653792498989,0.7379480840543882
137,SG-00497,SYN-CAND-00497-04,EXTERNAL_PARTNER,1,0.887761887400346,0.798569725864124
137,SG-00497,SYN-CAND-00497-05,BUNDLE,1,0.8832707682188363,0.8613396004700352
137,SG-00497,SYN-CAND-00497-06,LOCAL_DISCOUNT,0,0.790343203824514,0.8673587081891581
137,SG-00497,SYN-CAND-00497-07,WHOLESALE,0,0.5592872258309808,0.7906432748538011
137,SG-00497,SYN-CAND-00497-08,PROMOTIONAL_BONUS,1,0.840457550480978,0.8185096153846154
137,SG-00525,SYN-CAND-00525-01,LOCAL_DISCOUNT,1,0.9090718140590708,0.8673587081891581
137,SG-00525,SYN-CAND-00525-02,INTERNAL_USE,1,0.8034599731438001,0.7379480840543882
137,SG-00525,SYN-CAND-00525-03,EXTERNAL_PARTNER,1,0.8683285877028777,0.798569725864124
137,SG-00525,SYN-CAND-00525-04,RETURN_TO_SUPPLIER,1,0.8685540416795269,0.8146002317497103
137,SG-00525,SYN-CAND-00525-05,DONATION,1,0.7804480395271247,0.6856106408706167
137,SG-00525,SYN-CAND-00525-06,PROMOTIONAL_BONUS,1,0.8735619597457233,0.8185096153846154
137,SG-00525,SYN-CAND-00525-07,INTERNAL_REPURPOSE,0,0.7928872179248074,0.8212157330154947
137,SG-00525,SYN-CAND-00525-08,BUNDLE,1,0.8096730658892423,0.8613396004700352
137,SG-00537,SYN-CAND-00537-01,LOCAL_DISCOUNT,1,0.8851955483623202,0.8673587081891581
137,SG-00537,SYN-CAND-00537-02,RETURN_TO_SUPPLIER,0,0.8110573070476896,0.8146002317497103
137,SG-00537,SYN-CAND-00537-03,INTERNAL_REPURPOSE,1,0.8804074642997984,0.8212157330154947
137,SG-00537,SYN-CAND-00537-04,BRANCH_TRANSFER,1,0.83611162926866,0.8079231692677071
137,SG-00537,SYN-CAND-00537-05,BUNDLE,1,0.8542115800068941,0.8613396004700352
137,SG-00537,SYN-CAND-00537-06,PROMOTIONAL_BONUS,1,0.8123073725466636,0.8185096153846154
137,SG-00550,SYN-CAND-00550-01,EXTERNAL_PARTNER,0,0.41723444303225354,0.798569725864124
137,SG-00550,SYN-CAND-00550-02,LOCAL_DISCOUNT,1,0.7328051936845855,0.8673587081891581
137,SG-00550,SYN-CAND-00550-03,BRANCH_TRANSFER,1,0.8779042976765968,0.8079231692677071
137,SG-00550,SYN-CAND-00550-04,RETURN_TO_SUPPLIER,1,0.7866864773497737,0.8146002317497103
137,SG-00550,SYN-CAND-00550-05,PROMOTIONAL_BONUS,0,0.7094325904080272,0.8185096153846154
137,SG-00550,SYN-CAND-00550-06,INTERNAL_REPURPOSE,1,0.6463021816964108,0.8212157330154947
137,SG-00550,SYN-CAND-00550-07,WHOLESALE,1,0.8494248618738094,0.7906432748538011
137,SG-00553,SYN-CAND-00553-01,INTERNAL_USE,0,0.8461795539358373,0.7379480840543882
137,SG-00553,SYN-CAND-00553-02,LOCAL_DISCOUNT,1,0.8889673856472857,0.8673587081891581
137,SG-00553,SYN-CAND-00553-03,DONATION,1,0.7563846750936802,0.6856106408706167
137,SG-00553,SYN-CAND-00553-04,WHOLESALE,1,0.7508039901018333,0.7906432748538011
137,SG-00553,SYN-CAND-00553-05,EXTERNAL_PARTNER,0,0.763845385546644,0.798569725864124
137,SG-00558,SYN-CAND-00558-01,RETURN_TO_SUPPLIER,1,0.8879528459791122,0.8146002317497103
137,SG-00558,SYN-CAND-00558-02,INTERNAL_REPURPOSE,1,0.8205258175950301,0.8212157330154947
137,SG-00558,SYN-CAND-00558-03,DONATION,1,0.8075407195500537,0.6856106408706167
137,SG-00558,SYN-CAND-00558-04,BRANCH_TRANSFER,1,0.6427082329999473,0.8079231692677071
137,SG-00558,SYN-CAND-00558-05,PROMOTIONAL_BONUS,1,0.9023841584524616,0.8185096153846154
137,SG-00562,SYN-CAND-00562-01,BUNDLE,0,0.8477336656294568,0.8613396004700352
137,SG-00562,SYN-CAND-00562-02,WHOLESALE,1,0.7397689637212503,0.7906432748538011
137,SG-00572,SYN-CAND-00572-01,DONATION,0,0.7268846001864006,0.6856106408706167
137,SG-00572,SYN-CAND-00572-02,WHOLESALE,1,0.7812461262412028,0.7906432748538011
137,SG-00572,SYN-CAND-00572-03,EXTERNAL_PARTNER,1,0.7913252052764772,0.798569725864124
137,SG-00572,SYN-CAND-00572-04,LOCAL_DISCOUNT,1,0.8992403629878996,0.8673587081891581
137,SG-00572,SYN-CAND-00572-05,BUNDLE,1,0.8971871858236471,0.8613396004700352
137,SG-00572,SYN-CAND-00572-06,INTERNAL_USE,1,0.7337217493637369,0.7379480840543882
137,SG-00572,SYN-CAND-00572-07,RETURN_TO_SUPPLIER,1,0.8812479725809685,0.8146002317497103
137,SG-00572,SYN-CAND-00572-08,INTERNAL_REPURPOSE,1,0.6642965794830317,0.8212157330154947
137,SG-00576,SYN-CAND-00576-01,BUNDLE,1,0.8884088923592119,0.8613396004700352
137,SG-00576,SYN-CAND-00576-02,INTERNAL_USE,0,0.6947895836328203,0.7379480840543882
137,SG-00580,SYN-CAND-00580-01,PROMOTIONAL_BONUS,1,0.7065305646433865,0.8185096153846154
137,SG-00580,SYN-CAND-00580-02,RETURN_TO_SUPPLIER,1,0.8661521966206874,0.8146002317497103
137,SG-00580,SYN-CAND-00580-03,DONATION,1,0.7395165746304309,0.6856106408706167
137,SG-00581,SYN-CAND-00581-01,INTERNAL_USE,1,0.8261121748894885,0.7379480840543882
137,SG-00581,SYN-CAND-00581-02,INTERNAL_REPURPOSE,1,0.8337852966103567,0.8212157330154947
137,SG-00591,SYN-CAND-00591-01,PROMOTIONAL_BONUS,1,0.6529305303254463,0.8185096153846154
137,SG-00591,SYN-CAND-00591-02,BUNDLE,1,0.8629386829191557,0.8613396004700352
137,SG-00591,SYN-CAND-00591-03,BRANCH_TRANSFER,1,0.8427755684399552,0.8079231692677071
137,SG-00591,SYN-CAND-00591-04,EXTERNAL_PARTNER,1,0.8658180487759367,0.798569725864124
137,SG-00591,SYN-CAND-00591-05,DONATION,0,0.7932421488826839,0.6856106408706167
137,SG-00591,SYN-CAND-00591-06,LOCAL_DISCOUNT,1,0.8983180538105231,0.8673587081891581
137,SG-00591,SYN-CAND-00591-07,WHOLESALE,0,0.6382425518465789,0.7906432748538011
137,SG-00593,SYN-CAND-00593-01,BUNDLE,0,0.8530956449304532,0.8613396004700352
137,SG-00593,SYN-CAND-00593-02,WHOLESALE,1,0.8115038814675067,0.7906432748538011
137,SG-00593,SYN-CAND-00593-03,INTERNAL_REPURPOSE,1,0.8630007042126442,0.8212157330154947
137,SG-00593,SYN-CAND-00593-04,INTERNAL_USE,1,0.7296937841170501,0.7379480840543882
137,SG-00593,SYN-CAND-00593-05,EXTERNAL_PARTNER,0,0.7766771258912752,0.798569725864124
137,SG-00599,SYN-CAND-00599-01,INTERNAL_REPURPOSE,1,0.9018150992251572,0.8212157330154947
137,SG-00599,SYN-CAND-00599-02,DONATION,0,0.7516837849563883,0.6856106408706167
137,SG-00599,SYN-CAND-00599-03,LOCAL_DISCOUNT,1,0.8845043559240905,0.8673587081891581
137,SG-00599,SYN-CAND-00599-04,PROMOTIONAL_BONUS,1,0.8716346670527803,0.8185096153846154
137,SG-00599,SYN-CAND-00599-05,WHOLESALE,1,0.7952466832138282,0.7906432748538011
137,SG-00599,SYN-CAND-00599-06,EXTERNAL_PARTNER,1,0.8577802769760824,0.798569725864124
137,SG-00599,SYN-CAND-00599-07,RETURN_TO_SUPPLIER,1,0.8498761974265787,0.8146002317497103
137,SG-00600,SYN-CAND-00600-01,BRANCH_TRANSFER,0,0.8203816842413236,0.8079231692677071
137,SG-00600,SYN-CAND-00600-02,INTERNAL_REPURPOSE,1,0.8127866201850619,0.8212157330154947
137,SG-00600,SYN-CAND-00600-03,PROMOTIONAL_BONUS,0,0.7755481430090835,0.8185096153846154
137,SG-00600,SYN-CAND-00600-04,LOCAL_DISCOUNT,1,0.8774404079677178,0.8673587081891581
137,SG-00602,SYN-CAND-00602-01,LOCAL_DISCOUNT,1,0.8539417154598123,0.8673587081891581
137,SG-00602,SYN-CAND-00602-02,PROMOTIONAL_BONUS,1,0.8017657514252918,0.8185096153846154
137,SG-00602,SYN-CAND-00602-03,BUNDLE,1,0.897631576338825,0.8613396004700352
137,SG-00602,SYN-CAND-00602-04,DONATION,1,0.6597741253326013,0.6856106408706167
137,SG-00606,SYN-CAND-00606-01,LOCAL_DISCOUNT,1,0.854310053584819,0.8673587081891581
137,SG-00606,SYN-CAND-00606-02,BUNDLE,1,0.875701169771482,0.8613396004700352
137,SG-00606,SYN-CAND-00606-03,RETURN_TO_SUPPLIER,1,0.8411652822980714,0.8146002317497103
137,SG-00606,SYN-CAND-00606-04,WHOLESALE,0,0.7933144966131185,0.7906432748538011
137,SG-00606,SYN-CAND-00606-05,BRANCH_TRANSFER,1,0.7863066629509914,0.8079231692677071
137,SG-00606,SYN-CAND-00606-06,EXTERNAL_PARTNER,1,0.7730886789914482,0.798569725864124
137,SG-00613,SYN-CAND-00613-01,WHOLESALE,1,0.8491150207613007,0.7906432748538011
137,SG-00613,SYN-CAND-00613-02,LOCAL_DISCOUNT,0,0.6421516814786234,0.8673587081891581
137,SG-00613,SYN-CAND-00613-03,DONATION,0,0.5561414872846425,0.6856106408706167
137,SG-00613,SYN-CAND-00613-04,RETURN_TO_SUPPLIER,1,0.7534334700393824,0.8146002317497103
137,SG-00615,SYN-CAND-00615-01,BRANCH_TRANSFER,1,0.7434997780949886,0.8079231692677071
137,SG-00615,SYN-CAND-00615-02,DONATION,0,0.6154262870028626,0.6856106408706167
137,SG-00615,SYN-CAND-00615-03,INTERNAL_USE,0,0.7107985204645,0.7379480840543882
137,SG-00615,SYN-CAND-00615-04,RETURN_TO_SUPPLIER,1,0.8372186707738104,0.8146002317497103
137,SG-00615,SYN-CAND-00615-05,LOCAL_DISCOUNT,1,0.8692444811741008,0.8673587081891581
137,SG-00615,SYN-CAND-00615-06,PROMOTIONAL_BONUS,1,0.8769460568316013,0.8185096153846154
137,SG-00615,SYN-CAND-00615-07,INTERNAL_REPURPOSE,1,0.8882601595227797,0.8212157330154947
137,SG-00615,SYN-CAND-00615-08,BUNDLE,0,0.8699487443559578,0.8613396004700352
137,SG-00620,SYN-CAND-00620-01,BUNDLE,1,0.9199839749673187,0.8613396004700352
137,SG-00620,SYN-CAND-00620-02,INTERNAL_REPURPOSE,1,0.8638753996555952,0.8212157330154947
137,SG-00620,SYN-CAND-00620-03,DONATION,1,0.7972794238432314,0.6856106408706167
137,SG-00620,SYN-CAND-00620-04,RETURN_TO_SUPPLIER,1,0.9198878750682734,0.8146002317497103
137,SG-00620,SYN-CAND-00620-05,WHOLESALE,1,0.8749542516358051,0.7906432748538011
137,SG-00629,SYN-CAND-00629-01,EXTERNAL_PARTNER,1,0.7945258515331025,0.798569725864124
137,SG-00629,SYN-CAND-00629-02,RETURN_TO_SUPPLIER,1,0.7914931228082497,0.8146002317497103
137,SG-00629,SYN-CAND-00629-03,INTERNAL_REPURPOSE,1,0.8083293092672383,0.8212157330154947
137,SG-00629,SYN-CAND-00629-04,DONATION,1,0.863010914356771,0.6856106408706167
137,SG-00629,SYN-CAND-00629-05,BUNDLE,0,0.8913689625926834,0.8613396004700352
137,SG-00629,SYN-CAND-00629-06,LOCAL_DISCOUNT,0,0.8039070406434068,0.8673587081891581
137,SG-00629,SYN-CAND-00629-07,PROMOTIONAL_BONUS,0,0.7913849055298878,0.8185096153846154
137,SG-00646,SYN-CAND-00646-01,PROMOTIONAL_BONUS,1,0.7439745214892994,0.8185096153846154
137,SG-00646,SYN-CAND-00646-02,INTERNAL_REPURPOSE,1,0.8761147083023904,0.8212157330154947
137,SG-00646,SYN-CAND-00646-03,EXTERNAL_PARTNER,1,0.6470666002459861,0.798569725864124
137,SG-00646,SYN-CAND-00646-04,DONATION,1,0.7288204890071504,0.6856106408706167
137,SG-00646,SYN-CAND-00646-05,WHOLESALE,0,0.8220669542784464,0.7906432748538011
137,SG-00655,SYN-CAND-00655-01,INTERNAL_REPURPOSE,1,0.888273396634415,0.8212157330154947
137,SG-00655,SYN-CAND-00655-02,EXTERNAL_PARTNER,1,0.7516998268999073,0.798569725864124
137,SG-00655,SYN-CAND-00655-03,RETURN_TO_SUPPLIER,1,0.8747034644322926,0.8146002317497103
137,SG-00655,SYN-CAND-00655-04,INTERNAL_USE,1,0.7605508702823892,0.7379480840543882
137,SG-00655,SYN-CAND-00655-05,BRANCH_TRANSFER,1,0.7922883891796672,0.8079231692677071
137,SG-00655,SYN-CAND-00655-06,BUNDLE,1,0.8868269702933677,0.8613396004700352
137,SG-00655,SYN-CAND-00655-07,LOCAL_DISCOUNT,1,0.9025558234094194,0.8673587081891581
137,SG-00660,SYN-CAND-00660-01,INTERNAL_REPURPOSE,1,0.5295992809715527,0.8212157330154947
137,SG-00660,SYN-CAND-00660-02,WHOLESALE,0,0.7368974188937273,0.7906432748538011
137,SG-00660,SYN-CAND-00660-03,DONATION,0,0.497988366761422,0.6856106408706167
137,SG-00660,SYN-CAND-00660-04,BRANCH_TRANSFER,1,0.7135689767547752,0.8079231692677071
137,SG-00660,SYN-CAND-00660-05,LOCAL_DISCOUNT,1,0.8285928448724416,0.8673587081891581
137,SG-00660,SYN-CAND-00660-06,RETURN_TO_SUPPLIER,0,0.615476414465534,0.8146002317497103
137,SG-00660,SYN-CAND-00660-07,PROMOTIONAL_BONUS,1,0.8155614605191764,0.8185096153846154
137,SG-00663,SYN-CAND-00663-01,BUNDLE,1,0.7898348888722219,0.8613396004700352
137,SG-00663,SYN-CAND-00663-02,PROMOTIONAL_BONUS,1,0.8692934061353442,0.8185096153846154
137,SG-00663,SYN-CAND-00663-03,BRANCH_TRANSFER,1,0.8692746263639848,0.8079231692677071
137,SG-00663,SYN-CAND-00663-04,RETURN_TO_SUPPLIER,1,0.7442939967754878,0.8146002317497103
137,SG-00663,SYN-CAND-00663-05,WHOLESALE,1,0.8751292547474264,0.7906432748538011
137,SG-00677,SYN-CAND-00677-01,INTERNAL_USE,1,0.6896822991115962,0.7379480840543882
137,SG-00677,SYN-CAND-00677-02,DONATION,0,0.7822211311145153,0.6856106408706167
137,SG-00677,SYN-CAND-00677-03,WHOLESALE,1,0.8449649156418104,0.7906432748538011
137,SG-00677,SYN-CAND-00677-04,LOCAL_DISCOUNT,1,0.8473717972951313,0.8673587081891581
137,SG-00677,SYN-CAND-00677-05,EXTERNAL_PARTNER,1,0.8377321836896044,0.798569725864124
137,SG-00677,SYN-CAND-00677-06,BRANCH_TRANSFER,1,0.8519629644988947,0.8079231692677071
137,SG-00677,SYN-CAND-00677-07,INTERNAL_REPURPOSE,1,0.8415131798225053,0.8212157330154947
137,SG-00685,SYN-CAND-00685-01,DONATION,1,0.7032503643978167,0.6856106408706167
137,SG-00685,SYN-CAND-00685-02,BRANCH_TRANSFER,1,0.900959643395074,0.8079231692677071
137,SG-00685,SYN-CAND-00685-03,PROMOTIONAL_BONUS,1,0.805316488420503,0.8185096153846154
137,SG-00685,SYN-CAND-00685-04,WHOLESALE,1,0.8054004990739253,0.7906432748538011
137,SG-00685,SYN-CAND-00685-05,INTERNAL_REPURPOSE,1,0.5706213880598265,0.8212157330154947
137,SG-00685,SYN-CAND-00685-06,LOCAL_DISCOUNT,1,0.8904848469979371,0.8673587081891581
137,SG-00686,SYN-CAND-00686-01,PROMOTIONAL_BONUS,1,0.789284045537975,0.8185096153846154
137,SG-00686,SYN-CAND-00686-02,EXTERNAL_PARTNER,1,0.6649844298204577,0.798569725864124
137,SG-00686,SYN-CAND-00686-03,BUNDLE,1,0.8956823608910173,0.8613396004700352
137,SG-00695,SYN-CAND-00695-01,EXTERNAL_PARTNER,1,0.6122127599828759,0.798569725864124
137,SG-00695,SYN-CAND-00695-02,PROMOTIONAL_BONUS,1,0.7485032933158671,0.8185096153846154
137,SG-00695,SYN-CAND-00695-03,INTERNAL_REPURPOSE,1,0.8265835733561984,0.8212157330154947
137,SG-00711,SYN-CAND-00711-01,EXTERNAL_PARTNER,1,0.828068216787449,0.798569725864124
137,SG-00711,SYN-CAND-00711-02,RETURN_TO_SUPPLIER,1,0.7701200810470866,0.8146002317497103
137,SG-00711,SYN-CAND-00711-03,INTERNAL_REPURPOSE,1,0.8100010472174409,0.8212157330154947
137,SG-00711,SYN-CAND-00711-04,BRANCH_TRANSFER,1,0.7443143153625311,0.8079231692677071
137,SG-00711,SYN-CAND-00711-05,BUNDLE,1,0.870030524706617,0.8613396004700352
137,SG-00712,SYN-CAND-00712-01,RETURN_TO_SUPPLIER,1,0.8836924833973155,0.8146002317497103
137,SG-00712,SYN-CAND-00712-02,WHOLESALE,0,0.8284477545675025,0.7906432748538011
137,SG-00714,SYN-CAND-00714-01,BUNDLE,1,0.9054761470700591,0.8613396004700352
137,SG-00714,SYN-CAND-00714-02,PROMOTIONAL_BONUS,1,0.8929867096442623,0.8185096153846154
137,SG-00714,SYN-CAND-00714-03,LOCAL_DISCOUNT,0,0.9122859114949102,0.8673587081891581
137,SG-00714,SYN-CAND-00714-04,DONATION,0,0.7273897973122875,0.6856106408706167
137,SG-00715,SYN-CAND-00715-01,INTERNAL_USE,1,0.6672788161721416,0.7379480840543882
137,SG-00715,SYN-CAND-00715-02,LOCAL_DISCOUNT,1,0.9013933053649524,0.8673587081891581
137,SG-00715,SYN-CAND-00715-03,BRANCH_TRANSFER,1,0.8111839804835466,0.8079231692677071
137,SG-00715,SYN-CAND-00715-04,DONATION,0,0.6296322279251607,0.6856106408706167
137,SG-00715,SYN-CAND-00715-05,INTERNAL_REPURPOSE,1,0.8608480594825799,0.8212157330154947
137,SG-00715,SYN-CAND-00715-06,PROMOTIONAL_BONUS,1,0.6985139870603978,0.8185096153846154
137,SG-00715,SYN-CAND-00715-07,EXTERNAL_PARTNER,1,0.7757433808164496,0.798569725864124
137,SG-00715,SYN-CAND-00715-08,RETURN_TO_SUPPLIER,1,0.7806938294217615,0.8146002317497103
137,SG-00716,SYN-CAND-00716-01,DONATION,1,0.6820126856365815,0.6856106408706167
137,SG-00716,SYN-CAND-00716-02,LOCAL_DISCOUNT,0,0.8213694627242524,0.8673587081891581
137,SG-00716,SYN-CAND-00716-03,INTERNAL_REPURPOSE,1,0.8311296763625932,0.8212157330154947
137,SG-00716,SYN-CAND-00716-04,BRANCH_TRANSFER,1,0.7175877011077957,0.8079231692677071
137,SG-00716,SYN-CAND-00716-05,PROMOTIONAL_BONUS,1,0.6607247036571635,0.8185096153846154
137,SG-00716,SYN-CAND-00716-06,BUNDLE,1,0.9202256982240333,0.8613396004700352
137,SG-00716,SYN-CAND-00716-07,INTERNAL_USE,1,0.7170367168204869,0.7379480840543882
137,SG-00716,SYN-CAND-00716-08,RETURN_TO_SUPPLIER,1,0.8856329111180004,0.8146002317497103
137,SG-00723,SYN-CAND-00723-01,LOCAL_DISCOUNT,0,0.8084275703734881,0.8673587081891581
137,SG-00723,SYN-CAND-00723-02,INTERNAL_USE,1,0.8098107492359101,0.7379480840543882
137,SG-00723,SYN-CAND-00723-03,BUNDLE,1,0.6449423821600558,0.8613396004700352
137,SG-00723,SYN-CAND-00723-04,RETURN_TO_SUPPLIER,1,0.803175810872147,0.8146002317497103
137,SG-00723,SYN-CAND-00723-05,WHOLESALE,1,0.7890778163607666,0.7906432748538011
137,SG-00723,SYN-CAND-00723-06,EXTERNAL_PARTNER,1,0.7568070911736315,0.798569725864124
137,SG-00726,SYN-CAND-00726-01,PROMOTIONAL_BONUS,1,0.8423147891330255,0.8185096153846154
137,SG-00726,SYN-CAND-00726-02,INTERNAL_USE,1,0.7855613941254166,0.7379480840543882
137,SG-00726,SYN-CAND-00726-03,RETURN_TO_SUPPLIER,1,0.8632005589321121,0.8146002317497103
137,SG-00726,SYN-CAND-00726-04,INTERNAL_REPURPOSE,1,0.7852320596337238,0.8212157330154947
137,SG-00726,SYN-CAND-00726-05,WHOLESALE,0,0.7592638987690997,0.7906432748538011
137,SG-00726,SYN-CAND-00726-06,LOCAL_DISCOUNT,1,0.892091905391477,0.8673587081891581
137,SG-00726,SYN-CAND-00726-07,BRANCH_TRANSFER,1,0.9067921520636499,0.8079231692677071
137,SG-00726,SYN-CAND-00726-08,BUNDLE,0,0.9089989806392657,0.8613396004700352
137,SG-00737,SYN-CAND-00737-01,WHOLESALE,1,0.8841350971425865,0.7906432748538011
137,SG-00737,SYN-CAND-00737-02,INTERNAL_USE,0,0.7626802919015887,0.7379480840543882
137,SG-00737,SYN-CAND-00737-03,PROMOTIONAL_BONUS,1,0.6163932297209902,0.8185096153846154
137,SG-00737,SYN-CAND-00737-04,LOCAL_DISCOUNT,1,0.8825570095268699,0.8673587081891581
137,SG-00749,SYN-CAND-00749-01,INTERNAL_USE,0,0.6849742272376778,0.7379480840543882
137,SG-00749,SYN-CAND-00749-02,WHOLESALE,1,0.7556343715996906,0.7906432748538011
137,SG-00749,SYN-CAND-00749-03,DONATION,1,0.7282671471510378,0.6856106408706167
137,SG-00754,SYN-CAND-00754-01,RETURN_TO_SUPPLIER,1,0.7154829216236173,0.8146002317497103
137,SG-00754,SYN-CAND-00754-02,INTERNAL_USE,0,0.8229979923314663,0.7379480840543882
137,SG-00754,SYN-CAND-00754-03,BRANCH_TRANSFER,1,0.7960724913662073,0.8079231692677071
137,SG-00754,SYN-CAND-00754-04,BUNDLE,1,0.911434017793751,0.8613396004700352
137,SG-00754,SYN-CAND-00754-05,DONATION,1,0.7652059643283616,0.6856106408706167
137,SG-00754,SYN-CAND-00754-06,PROMOTIONAL_BONUS,1,0.8682850391685568,0.8185096153846154
137,SG-00754,SYN-CAND-00754-07,WHOLESALE,1,0.7355089207963126,0.7906432748538011
137,SG-00760,SYN-CAND-00760-01,BUNDLE,1,0.8458868858341367,0.8613396004700352
137,SG-00760,SYN-CAND-00760-02,DONATION,1,0.7836630231243826,0.6856106408706167
137,SG-00760,SYN-CAND-00760-03,LOCAL_DISCOUNT,1,0.8828069195527181,0.8673587081891581
137,SG-00760,SYN-CAND-00760-04,INTERNAL_REPURPOSE,1,0.848663450869108,0.8212157330154947
137,SG-00760,SYN-CAND-00760-05,PROMOTIONAL_BONUS,1,0.8047275514632043,0.8185096153846154
137,SG-00760,SYN-CAND-00760-06,INTERNAL_USE,0,0.8075980439762409,0.7379480840543882
137,SG-00760,SYN-CAND-00760-07,BRANCH_TRANSFER,1,0.845363476188272,0.8079231692677071
137,SG-00762,SYN-CAND-00762-01,WHOLESALE,1,0.7188983017288738,0.7906432748538011
137,SG-00762,SYN-CAND-00762-02,RETURN_TO_SUPPLIER,0,0.7491228594754851,0.8146002317497103
137,SG-00762,SYN-CAND-00762-03,BRANCH_TRANSFER,1,0.8290868069752649,0.8079231692677071
137,SG-00762,SYN-CAND-00762-04,LOCAL_DISCOUNT,1,0.900535759375804,0.8673587081891581
137,SG-00762,SYN-CAND-00762-05,INTERNAL_USE,1,0.8058543635049522,0.7379480840543882
137,SG-00762,SYN-CAND-00762-06,EXTERNAL_PARTNER,0,0.8824520566804405,0.798569725864124
137,SG-00762,SYN-CAND-00762-07,INTERNAL_REPURPOSE,0,0.8595759971431709,0.8212157330154947
137,SG-00769,SYN-CAND-00769-01,BRANCH_TRANSFER,0,0.814884538590179,0.8079231692677071
137,SG-00769,SYN-CAND-00769-02,DONATION,1,0.7739464266347477,0.6856106408706167
137,SG-00769,SYN-CAND-00769-03,EXTERNAL_PARTNER,1,0.8436470539154717,0.798569725864124
137,SG-00769,SYN-CAND-00769-04,INTERNAL_REPURPOSE,1,0.850134437743223,0.8212157330154947
137,SG-00769,SYN-CAND-00769-05,LOCAL_DISCOUNT,0,0.9122987029765852,0.8673587081891581
137,SG-00769,SYN-CAND-00769-06,PROMOTIONAL_BONUS,1,0.8408574170716858,0.8185096153846154
137,SG-00769,SYN-CAND-00769-07,RETURN_TO_SUPPLIER,1,0.5804880615880493,0.8146002317497103
137,SG-00769,SYN-CAND-00769-08,WHOLESALE,1,0.8696977080540073,0.7906432748538011
137,SG-00775,SYN-CAND-00775-01,INTERNAL_USE,0,0.7764552859624156,0.7379480840543882
137,SG-00775,SYN-CAND-00775-02,PROMOTIONAL_BONUS,1,0.8352880144019932,0.8185096153846154
137,SG-00775,SYN-CAND-00775-03,RETURN_TO_SUPPLIER,1,0.7310145862163362,0.8146002317497103
137,SG-00775,SYN-CAND-00775-04,BUNDLE,1,0.7710810567094721,0.8613396004700352
137,SG-00775,SYN-CAND-00775-05,EXTERNAL_PARTNER,1,0.7300812404022458,0.798569725864124
137,SG-00776,SYN-CAND-00776-01,RETURN_TO_SUPPLIER,1,0.8487628000312231,0.8146002317497103
137,SG-00776,SYN-CAND-00776-02,BRANCH_TRANSFER,1,0.8831183489381493,0.8079231692677071
137,SG-00776,SYN-CAND-00776-03,DONATION,0,0.7660138606203091,0.6856106408706167
137,SG-00776,SYN-CAND-00776-04,INTERNAL_REPURPOSE,1,0.8206880986448588,0.8212157330154947
137,SG-00776,SYN-CAND-00776-05,PROMOTIONAL_BONUS,1,0.7852655006438318,0.8185096153846154
137,SG-00776,SYN-CAND-00776-06,BUNDLE,1,0.8259346983710202,0.8613396004700352
137,SG-00776,SYN-CAND-00776-07,INTERNAL_USE,1,0.7914150128886193,0.7379480840543882
137,SG-00776,SYN-CAND-00776-08,WHOLESALE,1,0.8392827603063048,0.7906432748538011
137,SG-00777,SYN-CAND-00777-01,LOCAL_DISCOUNT,1,0.863648126289392,0.8673587081891581
137,SG-00777,SYN-CAND-00777-02,BUNDLE,1,0.874743244137281,0.8613396004700352
137,SG-00777,SYN-CAND-00777-03,INTERNAL_REPURPOSE,0,0.7529151592412107,0.8212157330154947
137,SG-00777,SYN-CAND-00777-04,WHOLESALE,1,0.745093708034721,0.7906432748538011
137,SG-00780,SYN-CAND-00780-01,BRANCH_TRANSFER,1,0.8712851150584681,0.8079231692677071
137,SG-00780,SYN-CAND-00780-02,EXTERNAL_PARTNER,1,0.8868490701034409,0.798569725864124
137,SG-00780,SYN-CAND-00780-03,INTERNAL_REPURPOSE,1,0.8615738514559558,0.8212157330154947
137,SG-00780,SYN-CAND-00780-04,PROMOTIONAL_BONUS,1,0.8439919994579475,0.8185096153846154
137,SG-00780,SYN-CAND-00780-05,RETURN_TO_SUPPLIER,0,0.8530046920192531,0.8146002317497103
137,SG-00785,SYN-CAND-00785-01,INTERNAL_REPURPOSE,1,0.8744147615943292,0.8212157330154947
137,SG-00785,SYN-CAND-00785-02,PROMOTIONAL_BONUS,1,0.773283245168323,0.8185096153846154
137,SG-00785,SYN-CAND-00785-03,RETURN_TO_SUPPLIER,1,0.8696301310117507,0.8146002317497103
137,SG-00787,SYN-CAND-00787-01,EXTERNAL_PARTNER,0,0.8192094509008867,0.798569725864124
137,SG-00787,SYN-CAND-00787-02,BUNDLE,1,0.8726722877638152,0.8613396004700352
137,SG-00787,SYN-CAND-00787-03,PROMOTIONAL_BONUS,1,0.9140643888975909,0.8185096153846154
137,SG-00787,SYN-CAND-00787-04,LOCAL_DISCOUNT,1,0.861868890737189,0.8673587081891581
137,SG-00787,SYN-CAND-00787-05,BRANCH_TRANSFER,1,0.6966499046402909,0.8079231692677071
137,SG-00790,SYN-CAND-00790-01,BUNDLE,1,0.7713517509592702,0.8613396004700352
137,SG-00790,SYN-CAND-00790-02,LOCAL_DISCOUNT,1,0.7684356596964594,0.8673587081891581
137,SG-00790,SYN-CAND-00790-03,DONATION,0,0.6774956934802455,0.6856106408706167
137,SG-00790,SYN-CAND-00790-04,WHOLESALE,1,0.7978536399199315,0.7906432748538011
137,SG-00790,SYN-CAND-00790-05,PROMOTIONAL_BONUS,1,0.7212916381798067,0.8185096153846154
137,SG-00790,SYN-CAND-00790-06,INTERNAL_USE,1,0.709938865335616,0.7379480840543882
137,SG-00794,SYN-CAND-00794-01,RETURN_TO_SUPPLIER,1,0.7685557634030297,0.8146002317497103
137,SG-00794,SYN-CAND-00794-02,PROMOTIONAL_BONUS,1,0.8848573660843128,0.8185096153846154
137,SG-00794,SYN-CAND-00794-03,INTERNAL_REPURPOSE,1,0.8532357336741166,0.8212157330154947
137,SG-00794,SYN-CAND-00794-04,EXTERNAL_PARTNER,1,0.8108465583890174,0.798569725864124
137,SG-00797,SYN-CAND-00797-01,BRANCH_TRANSFER,1,0.8559477657001994,0.8079231692677071
137,SG-00797,SYN-CAND-00797-02,INTERNAL_REPURPOSE,1,0.6825139395787753,0.8212157330154947
137,SG-00797,SYN-CAND-00797-03,DONATION,1,0.7265073200381865,0.6856106408706167
137,SG-00800,SYN-CAND-00800-01,INTERNAL_REPURPOSE,1,0.8882267692092257,0.8212157330154947
137,SG-00800,SYN-CAND-00800-02,EXTERNAL_PARTNER,1,0.8362631883137692,0.798569725864124
137,SG-00800,SYN-CAND-00800-03,WHOLESALE,1,0.7675976815663461,0.7906432748538011
137,SG-00800,SYN-CAND-00800-04,BUNDLE,1,0.8739826029062104,0.8613396004700352
137,SG-00800,SYN-CAND-00800-05,RETURN_TO_SUPPLIER,1,0.8112297657085159,0.8146002317497103
137,SG-00800,SYN-CAND-00800-06,BRANCH_TRANSFER,1,0.7827992419601547,0.8079231692677071
137,SG-00809,SYN-CAND-00809-01,RETURN_TO_SUPPLIER,1,0.8605416027046559,0.8146002317497103
137,SG-00809,SYN-CAND-00809-02,PROMOTIONAL_BONUS,1,0.8940334510703615,0.8185096153846154
137,SG-00809,SYN-CAND-00809-03,LOCAL_DISCOUNT,1,0.8766242422363966,0.8673587081891581
137,SG-00812,SYN-CAND-00812-01,PROMOTIONAL_BONUS,1,0.8676668576492241,0.8185096153846154
137,SG-00812,SYN-CAND-00812-02,BUNDLE,0,0.8394082837675438,0.8613396004700352
137,SG-00812,SYN-CAND-00812-03,INTERNAL_USE,1,0.7586356829569447,0.7379480840543882
137,SG-00812,SYN-CAND-00812-04,WHOLESALE,1,0.8163972787112219,0.7906432748538011
137,SG-00812,SYN-CAND-00812-05,EXTERNAL_PARTNER,0,0.8581935598223558,0.798569725864124
137,SG-00812,SYN-CAND-00812-06,BRANCH_TRANSFER,1,0.8001750284374256,0.8079231692677071
137,SG-00820,SYN-CAND-00820-01,WHOLESALE,1,0.8004843347633926,0.7906432748538011
137,SG-00820,SYN-CAND-00820-02,BRANCH_TRANSFER,1,0.8549737372059082,0.8079231692677071
137,SG-00824,SYN-CAND-00824-01,INTERNAL_REPURPOSE,0,0.7849345229277088,0.8212157330154947
137,SG-00824,SYN-CAND-00824-02,EXTERNAL_PARTNER,1,0.8437509003328267,0.798569725864124
137,SG-00834,SYN-CAND-00834-01,PROMOTIONAL_BONUS,1,0.8721173498597311,0.8185096153846154
137,SG-00834,SYN-CAND-00834-02,INTERNAL_USE,1,0.8472029456256059,0.7379480840543882
137,SG-00834,SYN-CAND-00834-03,DONATION,1,0.7372863102095687,0.6856106408706167
137,SG-00842,SYN-CAND-00842-01,BRANCH_TRANSFER,1,0.8464985491231145,0.8079231692677071
137,SG-00842,SYN-CAND-00842-02,RETURN_TO_SUPPLIER,1,0.8549366568107172,0.8146002317497103
137,SG-00842,SYN-CAND-00842-03,DONATION,1,0.753756919150457,0.6856106408706167
137,SG-00842,SYN-CAND-00842-04,PROMOTIONAL_BONUS,0,0.7232636597007502,0.8185096153846154
137,SG-00842,SYN-CAND-00842-05,INTERNAL_REPURPOSE,1,0.8304877576712952,0.8212157330154947
137,SG-00842,SYN-CAND-00842-06,BUNDLE,1,0.8761388340296598,0.8613396004700352
137,SG-00849,SYN-CAND-00849-01,INTERNAL_REPURPOSE,1,0.736515768793948,0.8212157330154947
137,SG-00849,SYN-CAND-00849-02,INTERNAL_USE,1,0.7228898468013212,0.7379480840543882
137,SG-00849,SYN-CAND-00849-03,WHOLESALE,1,0.7655052939329778,0.7906432748538011
137,SG-00857,SYN-CAND-00857-01,BRANCH_TRANSFER,0,0.8438954598374054,0.8079231692677071
137,SG-00857,SYN-CAND-00857-02,INTERNAL_REPURPOSE,0,0.8907962129034758,0.8212157330154947
137,SG-00857,SYN-CAND-00857-03,BUNDLE,1,0.8659805700359042,0.8613396004700352
137,SG-00857,SYN-CAND-00857-04,INTERNAL_USE,1,0.7964087709356182,0.7379480840543882
137,SG-00864,SYN-CAND-00864-01,EXTERNAL_PARTNER,1,0.8240611288930165,0.798569725864124
137,SG-00864,SYN-CAND-00864-02,BRANCH_TRANSFER,1,0.8389679298981716,0.8079231692677071
137,SG-00864,SYN-CAND-00864-03,PROMOTIONAL_BONUS,1,0.8652802247624536,0.8185096153846154
137,SG-00864,SYN-CAND-00864-04,INTERNAL_USE,1,0.7567763481415317,0.7379480840543882
137,SG-00864,SYN-CAND-00864-05,BUNDLE,0,0.8637494571888892,0.8613396004700352
137,SG-00865,SYN-CAND-00865-01,INTERNAL_USE,0,0.6134810069671585,0.7379480840543882
137,SG-00865,SYN-CAND-00865-02,WHOLESALE,1,0.6257320609946374,0.7906432748538011
137,SG-00865,SYN-CAND-00865-03,EXTERNAL_PARTNER,1,0.6711351706286882,0.798569725864124
137,SG-00865,SYN-CAND-00865-04,DONATION,1,0.5695078857219991,0.6856106408706167
137,SG-00865,SYN-CAND-00865-05,BRANCH_TRANSFER,1,0.7718164508571834,0.8079231692677071
137,SG-00865,SYN-CAND-00865-06,INTERNAL_REPURPOSE,1,0.8145575875269161,0.8212157330154947
137,SG-00865,SYN-CAND-00865-07,PROMOTIONAL_BONUS,1,0.8207072399235357,0.8185096153846154
137,SG-00865,SYN-CAND-00865-08,RETURN_TO_SUPPLIER,1,0.8419651991696211,0.8146002317497103
137,SG-00876,SYN-CAND-00876-01,BRANCH_TRANSFER,1,0.8398336962678606,0.8079231692677071
137,SG-00876,SYN-CAND-00876-02,EXTERNAL_PARTNER,1,0.7910585883672213,0.798569725864124
137,SG-00876,SYN-CAND-00876-03,INTERNAL_USE,1,0.7397498379777208,0.7379480840543882
137,SG-00876,SYN-CAND-00876-04,DONATION,1,0.7047032548504243,0.6856106408706167
137,SG-00876,SYN-CAND-00876-05,WHOLESALE,1,0.8403342729341314,0.7906432748538011
137,SG-00876,SYN-CAND-00876-06,PROMOTIONAL_BONUS,1,0.7328887532636232,0.8185096153846154
137,SG-00881,SYN-CAND-00881-01,EXTERNAL_PARTNER,1,0.5955516674559554,0.798569725864124
137,SG-00881,SYN-CAND-00881-02,WHOLESALE,1,0.8236711842894133,0.7906432748538011
137,SG-00881,SYN-CAND-00881-03,DONATION,1,0.6535861516117377,0.6856106408706167
137,SG-00881,SYN-CAND-00881-04,INTERNAL_REPURPOSE,1,0.8660092821010551,0.8212157330154947
137,SG-00891,SYN-CAND-00891-01,INTERNAL_REPURPOSE,1,0.8114372897287861,0.8212157330154947
137,SG-00891,SYN-CAND-00891-02,PROMOTIONAL_BONUS,1,0.8619218188085426,0.8185096153846154
137,SG-00891,SYN-CAND-00891-03,INTERNAL_USE,0,0.7902603648941996,0.7379480840543882
137,SG-00891,SYN-CAND-00891-04,BUNDLE,1,0.8681887389511433,0.8613396004700352
137,SG-00891,SYN-CAND-00891-05,LOCAL_DISCOUNT,1,0.8849507291745945,0.8673587081891581
137,SG-00891,SYN-CAND-00891-06,EXTERNAL_PARTNER,0,0.8562215972964233,0.798569725864124
137,SG-00897,SYN-CAND-00897-01,LOCAL_DISCOUNT,1,0.906174140282367,0.8673587081891581
137,SG-00897,SYN-CAND-00897-02,BUNDLE,1,0.8198541417217011,0.8613396004700352
137,SG-00897,SYN-CAND-00897-03,WHOLESALE,1,0.8554036858086043,0.7906432748538011
137,SG-00897,SYN-CAND-00897-04,INTERNAL_USE,0,0.8590535782712078,0.7379480840543882
137,SG-00905,SYN-CAND-00905-01,INTERNAL_REPURPOSE,1,0.8029020415698651,0.8212157330154947
137,SG-00905,SYN-CAND-00905-02,WHOLESALE,1,0.7941974175617734,0.7906432748538011
137,SG-00905,SYN-CAND-00905-03,INTERNAL_USE,1,0.7353263377112882,0.7379480840543882
137,SG-00905,SYN-CAND-00905-04,BUNDLE,1,0.9146336715548653,0.8613396004700352
137,SG-00906,SYN-CAND-00906-01,PROMOTIONAL_BONUS,1,0.883471016960823,0.8185096153846154
137,SG-00906,SYN-CAND-00906-02,INTERNAL_REPURPOSE,1,0.8818108011710786,0.8212157330154947
137,SG-00907,SYN-CAND-00907-01,INTERNAL_USE,1,0.7581426977212774,0.7379480840543882
137,SG-00907,SYN-CAND-00907-02,BRANCH_TRANSFER,0,0.8196258786873294,0.8079231692677071
137,SG-00907,SYN-CAND-00907-03,INTERNAL_REPURPOSE,1,0.889628463309759,0.8212157330154947
137,SG-00907,SYN-CAND-00907-04,BUNDLE,1,0.8636778867194669,0.8613396004700352
137,SG-00907,SYN-CAND-00907-05,EXTERNAL_PARTNER,1,0.9295931758927407,0.798569725864124
137,SG-00907,SYN-CAND-00907-06,RETURN_TO_SUPPLIER,1,0.8321566619115291,0.8146002317497103
137,SG-00908,SYN-CAND-00908-01,RETURN_TO_SUPPLIER,1,0.8130810531556194,0.8146002317497103
137,SG-00908,SYN-CAND-00908-02,INTERNAL_USE,1,0.6450538090256975,0.7379480840543882
137,SG-00908,SYN-CAND-00908-03,WHOLESALE,1,0.8658597331559406,0.7906432748538011
137,SG-00908,SYN-CAND-00908-04,INTERNAL_REPURPOSE,1,0.6799101100733055,0.8212157330154947
137,SG-00911,SYN-CAND-00911-01,INTERNAL_USE,0,0.6930908283937882,0.7379480840543882
137,SG-00911,SYN-CAND-00911-02,PROMOTIONAL_BONUS,1,0.9025261266688496,0.8185096153846154
137,SG-00911,SYN-CAND-00911-03,WHOLESALE,1,0.8114829002290609,0.7906432748538011
137,SG-00911,SYN-CAND-00911-04,RETURN_TO_SUPPLIER,1,0.7940773356099665,0.8146002317497103
137,SG-00917,SYN-CAND-00917-01,RETURN_TO_SUPPLIER,1,0.7501133529923503,0.8146002317497103
137,SG-00917,SYN-CAND-00917-02,EXTERNAL_PARTNER,1,0.7126747547636965,0.798569725864124
137,SG-00917,SYN-CAND-00917-03,PROMOTIONAL_BONUS,1,0.8635036660999712,0.8185096153846154
137,SG-00917,SYN-CAND-00917-04,BRANCH_TRANSFER,1,0.8404340952827254,0.8079231692677071
137,SG-00917,SYN-CAND-00917-05,INTERNAL_REPURPOSE,1,0.8734519938793831,0.8212157330154947
137,SG-00919,SYN-CAND-00919-01,WHOLESALE,1,0.8488646363901263,0.7906432748538011
137,SG-00919,SYN-CAND-00919-02,BUNDLE,1,0.8055683467266606,0.8613396004700352
137,SG-00919,SYN-CAND-00919-03,DONATION,1,0.7304018028918077,0.6856106408706167
137,SG-00919,SYN-CAND-00919-04,LOCAL_DISCOUNT,1,0.7654171804348479,0.8673587081891581
137,SG-00919,SYN-CAND-00919-05,PROMOTIONAL_BONUS,1,0.8832193773334784,0.8185096153846154
137,SG-00920,SYN-CAND-00920-01,EXTERNAL_PARTNER,0,0.6271135374035582,0.798569725864124
137,SG-00920,SYN-CAND-00920-02,RETURN_TO_SUPPLIER,1,0.8001692525063593,0.8146002317497103
137,SG-00920,SYN-CAND-00920-03,INTERNAL_REPURPOSE,1,0.8717678711804666,0.8212157330154947
137,SG-00920,SYN-CAND-00920-04,LOCAL_DISCOUNT,1,0.8406039929261431,0.8673587081891581
137,SG-00920,SYN-CAND-00920-05,BUNDLE,1,0.8628405234847167,0.8613396004700352
137,SG-00923,SYN-CAND-00923-01,BRANCH_TRANSFER,1,0.8564231331074136,0.8079231692677071
137,SG-00923,SYN-CAND-00923-02,RETURN_TO_SUPPLIER,0,0.8744370676250894,0.8146002317497103
137,SG-00923,SYN-CAND-00923-03,LOCAL_DISCOUNT,1,0.8799832121183653,0.8673587081891581
137,SG-00923,SYN-CAND-00923-04,INTERNAL_USE,0,0.7263788226500851,0.7379480840543882
137,SG-00923,SYN-CAND-00923-05,DONATION,0,0.605210055482886,0.6856106408706167
137,SG-00923,SYN-CAND-00923-06,EXTERNAL_PARTNER,0,0.8276014970115931,0.798569725864124
137,SG-00923,SYN-CAND-00923-07,PROMOTIONAL_BONUS,1,0.7053337599437475,0.8185096153846154
137,SG-00923,SYN-CAND-00923-08,INTERNAL_REPURPOSE,1,0.8543580943340494,0.8212157330154947
137,SG-00926,SYN-CAND-00926-01,WHOLESALE,1,0.6819742267066747,0.7906432748538011
137,SG-00926,SYN-CAND-00926-02,BUNDLE,1,0.806890972932982,0.8613396004700352
137,SG-00926,SYN-CAND-00926-03,RETURN_TO_SUPPLIER,0,0.7364866264332368,0.8146002317497103
137,SG-00929,SYN-CAND-00929-01,RETURN_TO_SUPPLIER,1,0.8379064033059542,0.8146002317497103
137,SG-00929,SYN-CAND-00929-02,INTERNAL_USE,1,0.825070076623294,0.7379480840543882
137,SG-00929,SYN-CAND-00929-03,BRANCH_TRANSFER,1,0.8010075766508327,0.8079231692677071
137,SG-00929,SYN-CAND-00929-04,BUNDLE,1,0.8686146762497202,0.8613396004700352
137,SG-00929,SYN-CAND-00929-05,DONATION,1,0.6947553495006639,0.6856106408706167
137,SG-00929,SYN-CAND-00929-06,LOCAL_DISCOUNT,1,0.7418217141121342,0.8673587081891581
137,SG-00933,SYN-CAND-00933-01,PROMOTIONAL_BONUS,0,0.8834626251346369,0.8185096153846154
137,SG-00933,SYN-CAND-00933-02,BRANCH_TRANSFER,1,0.7942511795686652,0.8079231692677071
137,SG-00933,SYN-CAND-00933-03,DONATION,1,0.6626056758659548,0.6856106408706167
137,SG-00937,SYN-CAND-00937-01,DONATION,1,0.8165617374835868,0.6856106408706167
137,SG-00937,SYN-CAND-00937-02,RETURN_TO_SUPPLIER,1,0.8526574008073092,0.8146002317497103
137,SG-00937,SYN-CAND-00937-03,INTERNAL_REPURPOSE,1,0.8179879704243378,0.8212157330154947
137,SG-00937,SYN-CAND-00937-04,EXTERNAL_PARTNER,1,0.8500818497743692,0.798569725864124
137,SG-00937,SYN-CAND-00937-05,WHOLESALE,1,0.7793107433727321,0.7906432748538011
137,SG-00937,SYN-CAND-00937-06,BUNDLE,1,0.8171940333065524,0.8613396004700352
137,SG-00938,SYN-CAND-00938-01,INTERNAL_USE,1,0.6679408914542447,0.7379480840543882
137,SG-00938,SYN-CAND-00938-02,DONATION,0,0.6297835387534383,0.6856106408706167
137,SG-00938,SYN-CAND-00938-03,BRANCH_TRANSFER,1,0.823292063655699,0.8079231692677071
137,SG-00940,SYN-CAND-00940-01,WHOLESALE,1,0.826698144447974,0.7906432748538011
137,SG-00940,SYN-CAND-00940-02,BUNDLE,1,0.9077409826746318,0.8613396004700352
137,SG-00940,SYN-CAND-00940-03,INTERNAL_USE,1,0.7969853761040951,0.7379480840543882
137,SG-00940,SYN-CAND-00940-04,BRANCH_TRANSFER,1,0.7884619152339193,0.8079231692677071
137,SG-00944,SYN-CAND-00944-01,WHOLESALE,1,0.7593200140442501,0.7906432748538011
137,SG-00944,SYN-CAND-00944-02,BUNDLE,1,0.8130650285024275,0.8613396004700352
137,SG-00944,SYN-CAND-00944-03,INTERNAL_USE,1,0.7700351827552012,0.7379480840543882
137,SG-00944,SYN-CAND-00944-04,RETURN_TO_SUPPLIER,1,0.859005399417974,0.8146002317497103
137,SG-00944,SYN-CAND-00944-05,EXTERNAL_PARTNER,1,0.7676208220676509,0.798569725864124
137,SG-00944,SYN-CAND-00944-06,INTERNAL_REPURPOSE,1,0.8570790397278356,0.8212157330154947
137,SG-00944,SYN-CAND-00944-07,LOCAL_DISCOUNT,1,0.8514112732063933,0.8673587081891581
137,SG-00951,SYN-CAND-00951-01,WHOLESALE,1,0.7690929021421339,0.7906432748538011
137,SG-00951,SYN-CAND-00951-02,EXTERNAL_PARTNER,0,0.8047042893708255,0.798569725864124
137,SG-00951,SYN-CAND-00951-03,PROMOTIONAL_BONUS,0,0.6173140965667305,0.8185096153846154
137,SG-00951,SYN-CAND-00951-04,LOCAL_DISCOUNT,1,0.9009447555023586,0.8673587081891581
137,SG-00951,SYN-CAND-00951-05,BUNDLE,0,0.7859935948610556,0.8613396004700352
137,SG-00951,SYN-CAND-00951-06,INTERNAL_REPURPOSE,1,0.8413395637256119,0.8212157330154947
137,SG-00951,SYN-CAND-00951-07,INTERNAL_USE,1,0.8195792924226283,0.7379480840543882
137,SG-00951,SYN-CAND-00951-08,BRANCH_TRANSFER,1,0.7647103578493909,0.8079231692677071
137,SG-00953,SYN-CAND-00953-01,PROMOTIONAL_BONUS,1,0.8300916055419741,0.8185096153846154
137,SG-00953,SYN-CAND-00953-02,INTERNAL_REPURPOSE,0,0.8749815223522824,0.8212157330154947
137,SG-00953,SYN-CAND-00953-03,EXTERNAL_PARTNER,1,0.7576462634716233,0.798569725864124
137,SG-00953,SYN-CAND-00953-04,LOCAL_DISCOUNT,0,0.8608257412172298,0.8673587081891581
137,SG-00953,SYN-CAND-00953-05,WHOLESALE,0,0.6425491955582001,0.7906432748538011
137,SG-00953,SYN-CAND-00953-06,RETURN_TO_SUPPLIER,1,0.8143575769185635,0.8146002317497103
137,SG-00955,SYN-CAND-00955-01,BRANCH_TRANSFER,1,0.8658312810009082,0.8079231692677071
137,SG-00955,SYN-CAND-00955-02,EXTERNAL_PARTNER,0,0.852671503490406,0.798569725864124
137,SG-00955,SYN-CAND-00955-03,WHOLESALE,1,0.798178435279189,0.7906432748538011
137,SG-00955,SYN-CAND-00955-04,RETURN_TO_SUPPLIER,1,0.8524987484504946,0.8146002317497103
137,SG-00955,SYN-CAND-00955-05,INTERNAL_USE,1,0.7334742198081599,0.7379480840543882
137,SG-00955,SYN-CAND-00955-06,LOCAL_DISCOUNT,1,0.7218908060423053,0.8673587081891581
137,SG-00955,SYN-CAND-00955-07,INTERNAL_REPURPOSE,1,0.8632423971460875,0.8212157330154947
137,SG-00957,SYN-CAND-00957-01,EXTERNAL_PARTNER,1,0.7751111691435214,0.798569725864124
137,SG-00957,SYN-CAND-00957-02,LOCAL_DISCOUNT,1,0.8852777878256997,0.8673587081891581
137,SG-00957,SYN-CAND-00957-03,INTERNAL_REPURPOSE,1,0.6440906251083537,0.8212157330154947
137,SG-00957,SYN-CAND-00957-04,DONATION,0,0.551791829717502,0.6856106408706167
137,SG-00957,SYN-CAND-00957-05,WHOLESALE,1,0.8787106513069953,0.7906432748538011
137,SG-00957,SYN-CAND-00957-06,BRANCH_TRANSFER,1,0.8501833006839367,0.8079231692677071
137,SG-00971,SYN-CAND-00971-01,WHOLESALE,1,0.9068057086440602,0.7906432748538011
137,SG-00971,SYN-CAND-00971-02,PROMOTIONAL_BONUS,0,0.8350372202331767,0.8185096153846154
137,SG-00971,SYN-CAND-00971-03,LOCAL_DISCOUNT,1,0.8878643006435355,0.8673587081891581
137,SG-00982,SYN-CAND-00982-01,BUNDLE,0,0.8675039888835643,0.8613396004700352
137,SG-00982,SYN-CAND-00982-02,EXTERNAL_PARTNER,1,0.776815461199297,0.798569725864124
137,SG-01003,SYN-CAND-01003-01,INTERNAL_USE,1,0.7198156523360185,0.7379480840543882
137,SG-01003,SYN-CAND-01003-02,INTERNAL_REPURPOSE,1,0.802735284324131,0.8212157330154947
137,SG-01003,SYN-CAND-01003-03,PROMOTIONAL_BONUS,0,0.8312721473151924,0.8185096153846154
137,SG-01003,SYN-CAND-01003-04,BRANCH_TRANSFER,1,0.8731963900315541,0.8079231692677071
137,SG-01003,SYN-CAND-01003-05,DONATION,1,0.7645209131614485,0.6856106408706167
137,SG-01006,SYN-CAND-01006-01,PROMOTIONAL_BONUS,1,0.8264555550994424,0.8185096153846154
137,SG-01006,SYN-CAND-01006-02,BRANCH_TRANSFER,0,0.8040417685557106,0.8079231692677071
137,SG-01006,SYN-CAND-01006-03,BUNDLE,1,0.8399867610122004,0.8613396004700352
137,SG-01026,SYN-CAND-01026-01,BRANCH_TRANSFER,1,0.8208800167556289,0.8079231692677071
137,SG-01026,SYN-CAND-01026-02,INTERNAL_USE,0,0.697214387796749,0.7379480840543882
137,SG-01026,SYN-CAND-01026-03,RETURN_TO_SUPPLIER,1,0.8707330560994161,0.8146002317497103
137,SG-01028,SYN-CAND-01028-01,INTERNAL_REPURPOSE,1,0.8744971147307231,0.8212157330154947
137,SG-01028,SYN-CAND-01028-02,EXTERNAL_PARTNER,1,0.7691374361541464,0.798569725864124
137,SG-01028,SYN-CAND-01028-03,BRANCH_TRANSFER,1,0.8298094194772883,0.8079231692677071
137,SG-01028,SYN-CAND-01028-04,LOCAL_DISCOUNT,1,0.8254866191173835,0.8673587081891581
137,SG-01028,SYN-CAND-01028-05,BUNDLE,1,0.7968303877092552,0.8613396004700352
137,SG-01028,SYN-CAND-01028-06,DONATION,1,0.6127599194575932,0.6856106408706167
137,SG-01035,SYN-CAND-01035-01,LOCAL_DISCOUNT,1,0.8655003815678334,0.8673587081891581
137,SG-01035,SYN-CAND-01035-02,BRANCH_TRANSFER,1,0.8598239934646646,0.8079231692677071
137,SG-01044,SYN-CAND-01044-01,LOCAL_DISCOUNT,0,0.8958336161850378,0.8673587081891581
137,SG-01044,SYN-CAND-01044-02,INTERNAL_USE,1,0.7513220940819464,0.7379480840543882
137,SG-01044,SYN-CAND-01044-03,BUNDLE,1,0.8190957769131164,0.8613396004700352
137,SG-01044,SYN-CAND-01044-04,INTERNAL_REPURPOSE,1,0.8235735870481136,0.8212157330154947
137,SG-01044,SYN-CAND-01044-05,BRANCH_TRANSFER,1,0.8204305774686736,0.8079231692677071
137,SG-01044,SYN-CAND-01044-06,EXTERNAL_PARTNER,1,0.8417375029544142,0.798569725864124
137,SG-01045,SYN-CAND-01045-01,BUNDLE,1,0.8696429674458164,0.8613396004700352
137,SG-01045,SYN-CAND-01045-02,DONATION,0,0.6256033497465837,0.6856106408706167
137,SG-01045,SYN-CAND-01045-03,PROMOTIONAL_BONUS,1,0.8016211291437264,0.8185096153846154
137,SG-01045,SYN-CAND-01045-04,EXTERNAL_PARTNER,0,0.686280388893472,0.798569725864124
137,SG-01045,SYN-CAND-01045-05,BRANCH_TRANSFER,0,0.7927297335051959,0.8079231692677071
137,SG-01045,SYN-CAND-01045-06,INTERNAL_USE,1,0.7786020273834318,0.7379480840543882
137,SG-01045,SYN-CAND-01045-07,LOCAL_DISCOUNT,0,0.8683828894583623,0.8673587081891581
137,SG-01051,SYN-CAND-01051-01,BRANCH_TRANSFER,0,0.8642031548341824,0.8079231692677071
137,SG-01051,SYN-CAND-01051-02,BUNDLE,1,0.9133351548641541,0.8613396004700352
137,SG-01051,SYN-CAND-01051-03,WHOLESALE,0,0.7851398213535223,0.7906432748538011
137,SG-01051,SYN-CAND-01051-04,INTERNAL_USE,1,0.6728015036600954,0.7379480840543882
137,SG-01051,SYN-CAND-01051-05,PROMOTIONAL_BONUS,1,0.8019083991804893,0.8185096153846154
137,SG-01051,SYN-CAND-01051-06,INTERNAL_REPURPOSE,1,0.8470864055465855,0.8212157330154947
137,SG-01058,SYN-CAND-01058-01,BUNDLE,1,0.8594032214866968,0.8613396004700352
137,SG-01058,SYN-CAND-01058-02,PROMOTIONAL_BONUS,1,0.8104860250558077,0.8185096153846154
137,SG-01058,SYN-CAND-01058-03,INTERNAL_USE,1,0.8418129448903104,0.7379480840543882
137,SG-01058,SYN-CAND-01058-04,BRANCH_TRANSFER,1,0.7925826540334089,0.8079231692677071
137,SG-01058,SYN-CAND-01058-05,RETURN_TO_SUPPLIER,1,0.8975133220261363,0.8146002317497103
137,SG-01058,SYN-CAND-01058-06,WHOLESALE,1,0.8736014440137496,0.7906432748538011
137,SG-01058,SYN-CAND-01058-07,LOCAL_DISCOUNT,1,0.7186454489402415,0.8673587081891581
137,SG-01058,SYN-CAND-01058-08,EXTERNAL_PARTNER,1,0.8830333739860159,0.798569725864124
137,SG-01063,SYN-CAND-01063-01,WHOLESALE,0,0.7860181983769363,0.7906432748538011
137,SG-01063,SYN-CAND-01063-02,PROMOTIONAL_BONUS,1,0.9073269842026747,0.8185096153846154
137,SG-01063,SYN-CAND-01063-03,EXTERNAL_PARTNER,1,0.8975903211359579,0.798569725864124
137,SG-01063,SYN-CAND-01063-04,INTERNAL_REPURPOSE,1,0.8599662142776238,0.8212157330154947
137,SG-01063,SYN-CAND-01063-05,INTERNAL_USE,1,0.6504758866320836,0.7379480840543882
137,SG-01063,SYN-CAND-01063-06,LOCAL_DISCOUNT,0,0.8744277687044563,0.8673587081891581
137,SG-01063,SYN-CAND-01063-07,BUNDLE,1,0.9306199159539913,0.8613396004700352
137,SG-01069,SYN-CAND-01069-01,BUNDLE,1,0.8280890388105553,0.8613396004700352
137,SG-01069,SYN-CAND-01069-02,LOCAL_DISCOUNT,1,0.788805242791842,0.8673587081891581
137,SG-01069,SYN-CAND-01069-03,PROMOTIONAL_BONUS,1,0.6613512902070771,0.8185096153846154
137,SG-01069,SYN-CAND-01069-04,WHOLESALE,0,0.8532551069825232,0.7906432748538011
137,SG-01069,SYN-CAND-01069-05,EXTERNAL_PARTNER,1,0.6754249754017365,0.798569725864124
137,SG-01069,SYN-CAND-01069-06,RETURN_TO_SUPPLIER,1,0.8657407957721642,0.8146002317497103
137,SG-01069,SYN-CAND-01069-07,BRANCH_TRANSFER,1,0.8598345754567475,0.8079231692677071
137,SG-01073,SYN-CAND-01073-01,RETURN_TO_SUPPLIER,1,0.8768953723335683,0.8146002317497103
137,SG-01073,SYN-CAND-01073-02,BRANCH_TRANSFER,1,0.886796042208419,0.8079231692677071
137,SG-01073,SYN-CAND-01073-03,DONATION,1,0.6188467882137358,0.6856106408706167
137,SG-01073,SYN-CAND-01073-04,INTERNAL_USE,1,0.8915380859303524,0.7379480840543882
137,SG-01073,SYN-CAND-01073-05,WHOLESALE,1,0.8647194476042908,0.7906432748538011
137,SG-01073,SYN-CAND-01073-06,EXTERNAL_PARTNER,1,0.8333175574742936,0.798569725864124
137,SG-01073,SYN-CAND-01073-07,BUNDLE,1,0.8637927513587572,0.8613396004700352
137,SG-01073,SYN-CAND-01073-08,LOCAL_DISCOUNT,1,0.8845961562913979,0.8673587081891581
137,SG-01080,SYN-CAND-01080-01,BRANCH_TRANSFER,1,0.8977038169173983,0.8079231692677071
137,SG-01080,SYN-CAND-01080-02,RETURN_TO_SUPPLIER,1,0.8024044379042634,0.8146002317497103
137,SG-01080,SYN-CAND-01080-03,LOCAL_DISCOUNT,1,0.9048920753887562,0.8673587081891581
137,SG-01080,SYN-CAND-01080-04,PROMOTIONAL_BONUS,1,0.8956713843445956,0.8185096153846154
137,SG-01080,SYN-CAND-01080-05,DONATION,1,0.7860768256228161,0.6856106408706167
137,SG-01111,SYN-CAND-01111-01,INTERNAL_USE,1,0.7710747038345807,0.7379480840543882
137,SG-01111,SYN-CAND-01111-02,INTERNAL_REPURPOSE,1,0.7878303104310447,0.8212157330154947
137,SG-01111,SYN-CAND-01111-03,BUNDLE,1,0.8902549793499661,0.8613396004700352
137,SG-01112,SYN-CAND-01112-01,EXTERNAL_PARTNER,1,0.8212955532132976,0.798569725864124
137,SG-01112,SYN-CAND-01112-02,DONATION,1,0.8020249314543529,0.6856106408706167
137,SG-01112,SYN-CAND-01112-03,INTERNAL_REPURPOSE,1,0.7498510930737049,0.8212157330154947
137,SG-01112,SYN-CAND-01112-04,INTERNAL_USE,1,0.8184361454669228,0.7379480840543882
137,SG-01112,SYN-CAND-01112-05,LOCAL_DISCOUNT,0,0.8274424972433707,0.8673587081891581
137,SG-01112,SYN-CAND-01112-06,PROMOTIONAL_BONUS,1,0.8770431518208689,0.8185096153846154
137,SG-01116,SYN-CAND-01116-01,PROMOTIONAL_BONUS,1,0.48474249549883386,0.8185096153846154
137,SG-01116,SYN-CAND-01116-02,BUNDLE,1,0.7623755223309882,0.8613396004700352
137,SG-01116,SYN-CAND-01116-03,INTERNAL_USE,0,0.6826383128538566,0.7379480840543882
137,SG-01116,SYN-CAND-01116-04,LOCAL_DISCOUNT,1,0.6969075048572192,0.8673587081891581
137,SG-01116,SYN-CAND-01116-05,INTERNAL_REPURPOSE,1,0.5571243229538968,0.8212157330154947
137,SG-01116,SYN-CAND-01116-06,BRANCH_TRANSFER,1,0.8967595497927444,0.8079231692677071
137,SG-01116,SYN-CAND-01116-07,DONATION,1,0.7210702875291217,0.6856106408706167
137,SG-01116,SYN-CAND-01116-08,EXTERNAL_PARTNER,1,0.785820856785516,0.798569725864124
137,SG-01117,SYN-CAND-01117-01,INTERNAL_USE,1,0.892253392513374,0.7379480840543882
137,SG-01117,SYN-CAND-01117-02,WHOLESALE,1,0.8037104992788225,0.7906432748538011
137,SG-01117,SYN-CAND-01117-03,DONATION,1,0.8338981250292169,0.6856106408706167
137,SG-01117,SYN-CAND-01117-04,INTERNAL_REPURPOSE,1,0.9323152487960276,0.8212157330154947
137,SG-01127,SYN-CAND-01127-01,BRANCH_TRANSFER,1,0.9069117605877898,0.8079231692677071
137,SG-01127,SYN-CAND-01127-02,LOCAL_DISCOUNT,1,0.768010764135617,0.8673587081891581
137,SG-01133,SYN-CAND-01133-01,EXTERNAL_PARTNER,1,0.8146345575757122,0.798569725864124
137,SG-01133,SYN-CAND-01133-02,WHOLESALE,1,0.796960470072419,0.7906432748538011
137,SG-01133,SYN-CAND-01133-03,LOCAL_DISCOUNT,1,0.8947125615425484,0.8673587081891581
137,SG-01133,SYN-CAND-01133-04,RETURN_TO_SUPPLIER,1,0.8568998223237446,0.8146002317497103
137,SG-01133,SYN-CAND-01133-05,BRANCH_TRANSFER,1,0.6765018614610379,0.8079231692677071
137,SG-01133,SYN-CAND-01133-06,INTERNAL_REPURPOSE,1,0.7945683198109316,0.8212157330154947
137,SG-01133,SYN-CAND-01133-07,PROMOTIONAL_BONUS,0,0.8492252292846079,0.8185096153846154
137,SG-01133,SYN-CAND-01133-08,BUNDLE,1,0.8952953655225381,0.8613396004700352
137,SG-01134,SYN-CAND-01134-01,INTERNAL_USE,1,0.7598142875595287,0.7379480840543882
137,SG-01134,SYN-CAND-01134-02,DONATION,1,0.7870265066857789,0.6856106408706167
137,SG-01134,SYN-CAND-01134-03,WHOLESALE,1,0.7811732667546595,0.7906432748538011
137,SG-01134,SYN-CAND-01134-04,EXTERNAL_PARTNER,1,0.8468269740461781,0.798569725864124
137,SG-01140,SYN-CAND-01140-01,WHOLESALE,1,0.8123160023164123,0.7906432748538011
137,SG-01140,SYN-CAND-01140-02,PROMOTIONAL_BONUS,1,0.5659128518940059,0.8185096153846154
137,SG-01140,SYN-CAND-01140-03,RETURN_TO_SUPPLIER,0,0.7789357555744699,0.8146002317497103
137,SG-01140,SYN-CAND-01140-04,EXTERNAL_PARTNER,1,0.8522986928145536,0.798569725864124
137,SG-01140,SYN-CAND-01140-05,LOCAL_DISCOUNT,0,0.8207463169226245,0.8673587081891581
137,SG-01140,SYN-CAND-01140-06,INTERNAL_USE,1,0.6223504619768533,0.7379480840543882
137,SG-01140,SYN-CAND-01140-07,INTERNAL_REPURPOSE,1,0.6785681613902779,0.8212157330154947
137,SG-01140,SYN-CAND-01140-08,DONATION,1,0.8167210333510102,0.6856106408706167
137,SG-01150,SYN-CAND-01150-01,BRANCH_TRANSFER,0,0.8017045498729325,0.8079231692677071
137,SG-01150,SYN-CAND-01150-02,DONATION,1,0.77197847143421,0.6856106408706167
137,SG-01150,SYN-CAND-01150-03,BUNDLE,1,0.8765147714172182,0.8613396004700352
137,SG-01157,SYN-CAND-01157-01,RETURN_TO_SUPPLIER,1,0.8709122831339952,0.8146002317497103
137,SG-01157,SYN-CAND-01157-02,INTERNAL_REPURPOSE,1,0.9198841802388857,0.8212157330154947
137,SG-01163,SYN-CAND-01163-01,LOCAL_DISCOUNT,1,0.883930954693915,0.8673587081891581
137,SG-01163,SYN-CAND-01163-02,DONATION,1,0.8203999144418247,0.6856106408706167
137,SG-01163,SYN-CAND-01163-03,INTERNAL_USE,0,0.7695903103106002,0.7379480840543882
137,SG-01163,SYN-CAND-01163-04,EXTERNAL_PARTNER,1,0.8834880990014538,0.798569725864124
137,SG-01175,SYN-CAND-01175-01,WHOLESALE,1,0.8528218502464695,0.7906432748538011
137,SG-01175,SYN-CAND-01175-02,BRANCH_TRANSFER,1,0.8619515589757416,0.8079231692677071
137,SG-01175,SYN-CAND-01175-03,PROMOTIONAL_BONUS,0,0.7571002419604189,0.8185096153846154
137,SG-01175,SYN-CAND-01175-04,DONATION,0,0.5099484849024881,0.6856106408706167
137,SG-01175,SYN-CAND-01175-05,EXTERNAL_PARTNER,1,0.8573302062462607,0.798569725864124
137,SG-01178,SYN-CAND-01178-01,PROMOTIONAL_BONUS,1,0.8343884710349636,0.8185096153846154
137,SG-01178,SYN-CAND-01178-02,BRANCH_TRANSFER,1,0.819710666219764,0.8079231692677071
137,SG-01178,SYN-CAND-01178-03,BUNDLE,1,0.8611011404944799,0.8613396004700352
137,SG-01178,SYN-CAND-01178-04,EXTERNAL_PARTNER,1,0.7254920566838229,0.798569725864124
137,SG-01181,SYN-CAND-01181-01,DONATION,1,0.7064534238192715,0.6856106408706167
137,SG-01181,SYN-CAND-01181-02,INTERNAL_USE,1,0.7375109350177976,0.7379480840543882
137,SG-01184,SYN-CAND-01184-01,EXTERNAL_PARTNER,1,0.8637189680847627,0.798569725864124
137,SG-01184,SYN-CAND-01184-02,BRANCH_TRANSFER,1,0.7359236825435067,0.8079231692677071
137,SG-01184,SYN-CAND-01184-03,PROMOTIONAL_BONUS,1,0.8405624730400754,0.8185096153846154
137,SG-01184,SYN-CAND-01184-04,WHOLESALE,1,0.8335093293934744,0.7906432748538011
137,SG-01184,SYN-CAND-01184-05,LOCAL_DISCOUNT,1,0.8793181329359419,0.8673587081891581
137,SG-01184,SYN-CAND-01184-06,BUNDLE,0,0.7830197155319393,0.8613396004700352
137,SG-01221,SYN-CAND-01221-01,EXTERNAL_PARTNER,1,0.8379159876479328,0.798569725864124
137,SG-01221,SYN-CAND-01221-02,PROMOTIONAL_BONUS,1,0.9000311182375409,0.8185096153846154
137,SG-01221,SYN-CAND-01221-03,INTERNAL_USE,1,0.8513351247632869,0.7379480840543882
137,SG-01221,SYN-CAND-01221-04,DONATION,1,0.8052718712115964,0.6856106408706167
137,SG-01226,SYN-CAND-01226-01,LOCAL_DISCOUNT,0,0.8382486397412298,0.8673587081891581
137,SG-01226,SYN-CAND-01226-02,DONATION,1,0.6571834809444455,0.6856106408706167
137,SG-01226,SYN-CAND-01226-03,BUNDLE,1,0.8770127544154492,0.8613396004700352
137,SG-01226,SYN-CAND-01226-04,INTERNAL_REPURPOSE,1,0.8435467035716167,0.8212157330154947
137,SG-01226,SYN-CAND-01226-05,PROMOTIONAL_BONUS,0,0.8447718353160842,0.8185096153846154
137,SG-01226,SYN-CAND-01226-06,INTERNAL_USE,1,0.681103147548089,0.7379480840543882
137,SG-01226,SYN-CAND-01226-07,BRANCH_TRANSFER,1,0.8400746479943195,0.8079231692677071
137,SG-01226,SYN-CAND-01226-08,EXTERNAL_PARTNER,1,0.8083891896962994,0.798569725864124
137,SG-01227,SYN-CAND-01227-01,PROMOTIONAL_BONUS,1,0.799045128820821,0.8185096153846154
137,SG-01227,SYN-CAND-01227-02,BUNDLE,1,0.9434263262718939,0.8613396004700352
137,SG-01227,SYN-CAND-01227-03,EXTERNAL_PARTNER,1,0.8206650949183963,0.798569725864124
137,SG-01227,SYN-CAND-01227-04,LOCAL_DISCOUNT,1,0.9087125534125918,0.8673587081891581
137,SG-01227,SYN-CAND-01227-05,BRANCH_TRANSFER,1,0.800369238635549,0.8079231692677071
137,SG-01227,SYN-CAND-01227-06,INTERNAL_REPURPOSE,1,0.8876236367711244,0.8212157330154947
137,SG-01227,SYN-CAND-01227-07,DONATION,0,0.7435297116525224,0.6856106408706167
137,SG-01229,SYN-CAND-01229-01,EXTERNAL_PARTNER,1,0.9067785979846773,0.798569725864124
137,SG-01229,SYN-CAND-01229-02,DONATION,0,0.8060448066011541,0.6856106408706167
137,SG-01229,SYN-CAND-01229-03,RETURN_TO_SUPPLIER,0,0.859995359694085,0.8146002317497103
137,SG-01229,SYN-CAND-01229-04,BRANCH_TRANSFER,1,0.7958566747758546,0.8079231692677071
137,SG-01232,SYN-CAND-01232-01,DONATION,1,0.7318028751420073,0.6856106408706167
137,SG-01232,SYN-CAND-01232-02,INTERNAL_REPURPOSE,1,0.7236550705761635,0.8212157330154947
137,SG-01232,SYN-CAND-01232-03,RETURN_TO_SUPPLIER,0,0.7508325469088508,0.8146002317497103
137,SG-01232,SYN-CAND-01232-04,LOCAL_DISCOUNT,1,0.8570246999235408,0.8673587081891581
137,SG-01232,SYN-CAND-01232-05,BRANCH_TRANSFER,1,0.8158023745591809,0.8079231692677071
137,SG-01232,SYN-CAND-01232-06,BUNDLE,1,0.8268943995681157,0.8613396004700352
137,SG-01232,SYN-CAND-01232-07,EXTERNAL_PARTNER,1,0.7734048449544947,0.798569725864124
137,SG-01232,SYN-CAND-01232-08,WHOLESALE,1,0.8082365913745818,0.7906432748538011
137,SG-01238,SYN-CAND-01238-01,INTERNAL_USE,0,0.8508077798292146,0.7379480840543882
137,SG-01238,SYN-CAND-01238-02,DONATION,0,0.8290403203137485,0.6856106408706167
137,SG-01238,SYN-CAND-01238-03,BUNDLE,1,0.9200344337948888,0.8613396004700352
137,SG-01238,SYN-CAND-01238-04,RETURN_TO_SUPPLIER,1,0.743192730585356,0.8146002317497103
137,SG-01238,SYN-CAND-01238-05,INTERNAL_REPURPOSE,1,0.9098453995698199,0.8212157330154947
137,SG-01238,SYN-CAND-01238-06,LOCAL_DISCOUNT,0,0.9012114982823778,0.8673587081891581
137,SG-01244,SYN-CAND-01244-01,LOCAL_DISCOUNT,1,0.8414326005708116,0.8673587081891581
137,SG-01244,SYN-CAND-01244-02,BUNDLE,1,0.9141854626733671,0.8613396004700352
137,SG-01244,SYN-CAND-01244-03,INTERNAL_USE,1,0.7166869386027869,0.7379480840543882
137,SG-01244,SYN-CAND-01244-04,INTERNAL_REPURPOSE,1,0.8419017346235205,0.8212157330154947
137,SG-01244,SYN-CAND-01244-05,EXTERNAL_PARTNER,1,0.8483778700875331,0.798569725864124
137,SG-01244,SYN-CAND-01244-06,PROMOTIONAL_BONUS,1,0.8553967796498281,0.8185096153846154
137,SG-01244,SYN-CAND-01244-07,DONATION,1,0.7999985588567442,0.6856106408706167
137,SG-01245,SYN-CAND-01245-01,DONATION,1,0.758116893027223,0.6856106408706167
137,SG-01245,SYN-CAND-01245-02,WHOLESALE,0,0.8170251889426197,0.7906432748538011
137,SG-01245,SYN-CAND-01245-03,PROMOTIONAL_BONUS,1,0.843214628436706,0.8185096153846154
137,SG-01248,SYN-CAND-01248-01,INTERNAL_REPURPOSE,1,0.7762582111212084,0.8212157330154947
137,SG-01248,SYN-CAND-01248-02,INTERNAL_USE,1,0.7482002246974674,0.7379480840543882
137,SG-01248,SYN-CAND-01248-03,PROMOTIONAL_BONUS,0,0.5900329057243362,0.8185096153846154
137,SG-01248,SYN-CAND-01248-04,EXTERNAL_PARTNER,1,0.7739206807971493,0.798569725864124
137,SG-01248,SYN-CAND-01248-05,LOCAL_DISCOUNT,1,0.8883720877226972,0.8673587081891581
137,SG-01248,SYN-CAND-01248-06,DONATION,1,0.7697239741301424,0.6856106408706167
137,SG-01250,SYN-CAND-01250-01,LOCAL_DISCOUNT,1,0.8789966774866907,0.8673587081891581
137,SG-01250,SYN-CAND-01250-02,INTERNAL_USE,1,0.8132807978344682,0.7379480840543882
137,SG-01250,SYN-CAND-01250-03,BUNDLE,1,0.9033380602760569,0.8613396004700352
137,SG-01250,SYN-CAND-01250-04,BRANCH_TRANSFER,0,0.8041127418214662,0.8079231692677071
137,SG-01250,SYN-CAND-01250-05,RETURN_TO_SUPPLIER,0,0.8557157566531042,0.8146002317497103
137,SG-01250,SYN-CAND-01250-06,INTERNAL_REPURPOSE,1,0.8000735028107644,0.8212157330154947
137,SG-01250,SYN-CAND-01250-07,EXTERNAL_PARTNER,0,0.818679839295147,0.798569725864124
137,SG-01250,SYN-CAND-01250-08,DONATION,1,0.6913752024032341,0.6856106408706167
137,SG-01251,SYN-CAND-01251-01,DONATION,1,0.7239256301715232,0.6856106408706167
137,SG-01251,SYN-CAND-01251-02,WHOLESALE,1,0.8440259103333528,0.7906432748538011
137,SG-01251,SYN-CAND-01251-03,BUNDLE,1,0.8954848628256894,0.8613396004700352
137,SG-01258,SYN-CAND-01258-01,BUNDLE,1,0.880673006907289,0.8613396004700352
137,SG-01258,SYN-CAND-01258-02,RETURN_TO_SUPPLIER,1,0.8230266016026765,0.8146002317497103
137,SG-01258,SYN-CAND-01258-03,WHOLESALE,1,0.6564409133822909,0.7906432748538011
137,SG-01258,SYN-CAND-01258-04,BRANCH_TRANSFER,1,0.6982201988451532,0.8079231692677071
137,SG-01258,SYN-CAND-01258-05,LOCAL_DISCOUNT,1,0.891361320033523,0.8673587081891581
137,SG-01258,SYN-CAND-01258-06,PROMOTIONAL_BONUS,1,0.8812082498470126,0.8185096153846154
137,SG-01258,SYN-CAND-01258-07,EXTERNAL_PARTNER,1,0.83806161472812,0.798569725864124
137,SG-01258,SYN-CAND-01258-08,INTERNAL_REPURPOSE,1,0.8666181559563686,0.8212157330154947
137,SG-01265,SYN-CAND-01265-01,BUNDLE,0,0.7214751175187422,0.8613396004700352
137,SG-01265,SYN-CAND-01265-02,PROMOTIONAL_BONUS,0,0.7730528531465551,0.8185096153846154
137,SG-01265,SYN-CAND-01265-03,WHOLESALE,1,0.7713377216703877,0.7906432748538011
137,SG-01265,SYN-CAND-01265-04,EXTERNAL_PARTNER,1,0.6448059978046363,0.798569725864124
137,SG-01265,SYN-CAND-01265-05,BRANCH_TRANSFER,1,0.84450030314365,0.8079231692677071
137,SG-01265,SYN-CAND-01265-06,INTERNAL_REPURPOSE,1,0.8580900857954348,0.8212157330154947
137,SG-01265,SYN-CAND-01265-07,LOCAL_DISCOUNT,1,0.9106266304579435,0.8673587081891581
137,SG-01265,SYN-CAND-01265-08,DONATION,1,0.7698226352563552,0.6856106408706167
137,SG-01266,SYN-CAND-01266-01,PROMOTIONAL_BONUS,1,0.8025327262998805,0.8185096153846154
137,SG-01266,SYN-CAND-01266-02,BRANCH_TRANSFER,1,0.838965236323892,0.8079231692677071
137,SG-01266,SYN-CAND-01266-03,RETURN_TO_SUPPLIER,1,0.8629008115143761,0.8146002317497103
137,SG-01266,SYN-CAND-01266-04,BUNDLE,1,0.8693744548086847,0.8613396004700352
137,SG-01266,SYN-CAND-01266-05,INTERNAL_USE,1,0.7384884500691082,0.7379480840543882
137,SG-01266,SYN-CAND-01266-06,LOCAL_DISCOUNT,1,0.8242466296942951,0.8673587081891581
137,SG-01266,SYN-CAND-01266-07,EXTERNAL_PARTNER,1,0.7510449626816177,0.798569725864124
137,SG-01281,SYN-CAND-01281-01,DONATION,1,0.7652027945130407,0.6856106408706167
137,SG-01281,SYN-CAND-01281-02,RETURN_TO_SUPPLIER,1,0.8913915951747557,0.8146002317497103
137,SG-01281,SYN-CAND-01281-03,INTERNAL_USE,1,0.6897447708597759,0.7379480840543882
137,SG-01281,SYN-CAND-01281-04,BUNDLE,1,0.8942866587956217,0.8613396004700352
137,SG-01281,SYN-CAND-01281-05,EXTERNAL_PARTNER,1,0.8560307035328728,0.798569725864124
137,SG-01281,SYN-CAND-01281-06,WHOLESALE,1,0.7927645604884631,0.7906432748538011
137,SG-01281,SYN-CAND-01281-07,INTERNAL_REPURPOSE,1,0.8409499176743404,0.8212157330154947
137,SG-01281,SYN-CAND-01281-08,LOCAL_DISCOUNT,1,0.8850583566248468,0.8673587081891581
137,SG-01290,SYN-CAND-01290-01,BRANCH_TRANSFER,1,0.7068692783031102,0.8079231692677071
137,SG-01290,SYN-CAND-01290-02,PROMOTIONAL_BONUS,1,0.897395602085206,0.8185096153846154
137,SG-01290,SYN-CAND-01290-03,INTERNAL_REPURPOSE,1,0.8901274067970409,0.8212157330154947
137,SG-01290,SYN-CAND-01290-04,INTERNAL_USE,0,0.7851277067913289,0.7379480840543882
137,SG-01290,SYN-CAND-01290-05,DONATION,1,0.7359575469987152,0.6856106408706167
137,SG-01290,SYN-CAND-01290-06,BUNDLE,1,0.8870573680448297,0.8613396004700352
137,SG-01290,SYN-CAND-01290-07,EXTERNAL_PARTNER,1,0.688923953165054,0.798569725864124
137,SG-01304,SYN-CAND-01304-01,INTERNAL_USE,1,0.7046074017616183,0.7379480840543882
137,SG-01304,SYN-CAND-01304-02,EXTERNAL_PARTNER,1,0.8471521820369309,0.798569725864124
137,SG-01304,SYN-CAND-01304-03,PROMOTIONAL_BONUS,1,0.9011027462282702,0.8185096153846154
137,SG-01306,SYN-CAND-01306-01,DONATION,1,0.6926581659425679,0.6856106408706167
137,SG-01306,SYN-CAND-01306-02,BRANCH_TRANSFER,1,0.7693697220749807,0.8079231692677071
137,SG-01306,SYN-CAND-01306-03,EXTERNAL_PARTNER,1,0.7927228153962231,0.798569725864124
137,SG-01306,SYN-CAND-01306-04,INTERNAL_USE,0,0.7772511107816255,0.7379480840543882
137,SG-01306,SYN-CAND-01306-05,WHOLESALE,1,0.8582799802447503,0.7906432748538011
137,SG-01313,SYN-CAND-01313-01,BUNDLE,1,0.9070363229353331,0.8613396004700352
137,SG-01313,SYN-CAND-01313-02,PROMOTIONAL_BONUS,0,0.8325749600259573,0.8185096153846154
137,SG-01313,SYN-CAND-01313-03,EXTERNAL_PARTNER,1,0.8551305891041152,0.798569725864124
137,SG-01313,SYN-CAND-01313-04,INTERNAL_USE,1,0.6569694383976985,0.7379480840543882
137,SG-01313,SYN-CAND-01313-05,WHOLESALE,1,0.8886014027520004,0.7906432748538011
137,SG-01313,SYN-CAND-01313-06,DONATION,1,0.6770195000511505,0.6856106408706167
137,SG-01313,SYN-CAND-01313-07,BRANCH_TRANSFER,1,0.8352983335398029,0.8079231692677071
137,SG-01314,SYN-CAND-01314-01,BUNDLE,0,0.7457569087945418,0.8613396004700352
137,SG-01314,SYN-CAND-01314-02,EXTERNAL_PARTNER,0,0.7607221448467365,0.798569725864124
137,SG-01314,SYN-CAND-01314-03,BRANCH_TRANSFER,1,0.8154283836046279,0.8079231692677071
137,SG-01314,SYN-CAND-01314-04,PROMOTIONAL_BONUS,1,0.8011305349913748,0.8185096153846154
137,SG-01314,SYN-CAND-01314-05,WHOLESALE,1,0.8112345342854298,0.7906432748538011
137,SG-01320,SYN-CAND-01320-01,RETURN_TO_SUPPLIER,0,0.7622890941000362,0.8146002317497103
137,SG-01320,SYN-CAND-01320-02,PROMOTIONAL_BONUS,1,0.8316892989104625,0.8185096153846154
137,SG-01331,SYN-CAND-01331-01,PROMOTIONAL_BONUS,1,0.8299972174205229,0.8185096153846154
137,SG-01331,SYN-CAND-01331-02,BUNDLE,1,0.8684927444436887,0.8613396004700352
137,SG-01331,SYN-CAND-01331-03,BRANCH_TRANSFER,0,0.7906848424724734,0.8079231692677071
137,SG-01332,SYN-CAND-01332-01,LOCAL_DISCOUNT,1,0.7992198209650148,0.8673587081891581
137,SG-01332,SYN-CAND-01332-02,EXTERNAL_PARTNER,1,0.8926206529581163,0.798569725864124
137,SG-01332,SYN-CAND-01332-03,INTERNAL_REPURPOSE,1,0.8347682069667693,0.8212157330154947
137,SG-01332,SYN-CAND-01332-04,DONATION,1,0.8249017412841545,0.6856106408706167
137,SG-01332,SYN-CAND-01332-05,BRANCH_TRANSFER,1,0.8601591434073774,0.8079231692677071
137,SG-01332,SYN-CAND-01332-06,BUNDLE,1,0.8260827527671001,0.8613396004700352
137,SG-01344,SYN-CAND-01344-01,WHOLESALE,1,0.7173956306324198,0.7906432748538011
137,SG-01344,SYN-CAND-01344-02,PROMOTIONAL_BONUS,0,0.7246557688532225,0.8185096153846154
137,SG-01344,SYN-CAND-01344-03,LOCAL_DISCOUNT,0,0.9058914223681193,0.8673587081891581
137,SG-01344,SYN-CAND-01344-04,BRANCH_TRANSFER,1,0.8518252080414791,0.8079231692677071
137,SG-01344,SYN-CAND-01344-05,DONATION,0,0.7366416862586948,0.6856106408706167
137,SG-01344,SYN-CAND-01344-06,INTERNAL_USE,0,0.7849493632282981,0.7379480840543882
137,SG-01344,SYN-CAND-01344-07,EXTERNAL_PARTNER,0,0.8052367752911116,0.798569725864124
137,SG-01361,SYN-CAND-01361-01,LOCAL_DISCOUNT,1,0.8634654925477325,0.8673587081891581
137,SG-01361,SYN-CAND-01361-02,WHOLESALE,1,0.6701673720522221,0.7906432748538011
137,SG-01361,SYN-CAND-01361-03,BUNDLE,1,0.9002361701336407,0.8613396004700352
137,SG-01361,SYN-CAND-01361-04,EXTERNAL_PARTNER,1,0.8663154903471711,0.798569725864124
137,SG-01361,SYN-CAND-01361-05,DONATION,1,0.7332402625830193,0.6856106408706167
137,SG-01365,SYN-CAND-01365-01,BUNDLE,1,0.9135648708261765,0.8613396004700352
137,SG-01365,SYN-CAND-01365-02,DONATION,1,0.7677882886203641,0.6856106408706167
137,SG-01365,SYN-CAND-01365-03,RETURN_TO_SUPPLIER,1,0.8663736564119744,0.8146002317497103
137,SG-01365,SYN-CAND-01365-04,WHOLESALE,0,0.6157293719992996,0.7906432748538011
137,SG-01365,SYN-CAND-01365-05,LOCAL_DISCOUNT,1,0.9140118805921048,0.8673587081891581
137,SG-01365,SYN-CAND-01365-06,INTERNAL_USE,1,0.6707862771658891,0.7379480840543882
137,SG-01370,SYN-CAND-01370-01,LOCAL_DISCOUNT,1,0.8988292776823956,0.8673587081891581
137,SG-01370,SYN-CAND-01370-02,BUNDLE,1,0.8749905114577801,0.8613396004700352
137,SG-01370,SYN-CAND-01370-03,INTERNAL_USE,1,0.7031223221196914,0.7379480840543882
137,SG-01370,SYN-CAND-01370-04,EXTERNAL_PARTNER,1,0.8645278034848157,0.798569725864124
137,SG-01385,SYN-CAND-01385-01,INTERNAL_USE,1,0.786826959600775,0.7379480840543882
137,SG-01385,SYN-CAND-01385-02,WHOLESALE,1,0.8558268837509004,0.7906432748538011
137,SG-01388,SYN-CAND-01388-01,WHOLESALE,1,0.768361127236074,0.7906432748538011
137,SG-01388,SYN-CAND-01388-02,LOCAL_DISCOUNT,0,0.8799745030100421,0.8673587081891581
137,SG-01388,SYN-CAND-01388-03,INTERNAL_REPURPOSE,1,0.8215629809496116,0.8212157330154947
137,SG-01388,SYN-CAND-01388-04,EXTERNAL_PARTNER,1,0.7725857153668914,0.798569725864124
137,SG-01388,SYN-CAND-01388-05,RETURN_TO_SUPPLIER,1,0.7869958688277626,0.8146002317497103
137,SG-01388,SYN-CAND-01388-06,BRANCH_TRANSFER,1,0.8232463949287467,0.8079231692677071
137,SG-01388,SYN-CAND-01388-07,BUNDLE,1,0.861062158091428,0.8613396004700352
137,SG-01405,SYN-CAND-01405-01,WHOLESALE,1,0.8750357607994852,0.7906432748538011
137,SG-01405,SYN-CAND-01405-02,LOCAL_DISCOUNT,1,0.819473460728805,0.8673587081891581
137,SG-01405,SYN-CAND-01405-03,BUNDLE,1,0.7863582322077676,0.8613396004700352
137,SG-01405,SYN-CAND-01405-04,BRANCH_TRANSFER,1,0.785261840142402,0.8079231692677071
137,SG-01431,SYN-CAND-01431-01,BRANCH_TRANSFER,1,0.897050109431883,0.8079231692677071
137,SG-01431,SYN-CAND-01431-02,DONATION,1,0.7338965460103637,0.6856106408706167
137,SG-01431,SYN-CAND-01431-03,EXTERNAL_PARTNER,1,0.9190360800636063,0.798569725864124
137,SG-01431,SYN-CAND-01431-04,INTERNAL_USE,1,0.7605553429484936,0.7379480840543882
137,SG-01431,SYN-CAND-01431-05,RETURN_TO_SUPPLIER,1,0.7578871584089812,0.8146002317497103
137,SG-01431,SYN-CAND-01431-06,INTERNAL_REPURPOSE,1,0.6797968939298709,0.8212157330154947
137,SG-01431,SYN-CAND-01431-07,LOCAL_DISCOUNT,1,0.8989700858576405,0.8673587081891581
137,SG-01434,SYN-CAND-01434-01,DONATION,1,0.7985868510421117,0.6856106408706167
137,SG-01434,SYN-CAND-01434-02,BRANCH_TRANSFER,1,0.8817659900356,0.8079231692677071
137,SG-01434,SYN-CAND-01434-03,BUNDLE,1,0.8565467085947971,0.8613396004700352
137,SG-01434,SYN-CAND-01434-04,INTERNAL_USE,1,0.8227580999980029,0.7379480840543882
137,SG-01434,SYN-CAND-01434-05,WHOLESALE,0,0.822003224695793,0.7906432748538011
137,SG-01434,SYN-CAND-01434-06,PROMOTIONAL_BONUS,1,0.8830655397703567,0.8185096153846154
137,SG-01434,SYN-CAND-01434-07,RETURN_TO_SUPPLIER,1,0.8628988811972728,0.8146002317497103
137,SG-01434,SYN-CAND-01434-08,LOCAL_DISCOUNT,1,0.924813205448898,0.8673587081891581
137,SG-01435,SYN-CAND-01435-01,INTERNAL_REPURPOSE,1,0.8284759511656887,0.8212157330154947
137,SG-01435,SYN-CAND-01435-02,LOCAL_DISCOUNT,1,0.7328268676750962,0.8673587081891581
137,SG-01435,SYN-CAND-01435-03,BRANCH_TRANSFER,1,0.8810253615175689,0.8079231692677071
137,SG-01437,SYN-CAND-01437-01,BUNDLE,1,0.8911130167222676,0.8613396004700352
137,SG-01437,SYN-CAND-01437-02,EXTERNAL_PARTNER,1,0.8562314835993073,0.798569725864124
137,SG-01437,SYN-CAND-01437-03,DONATION,1,0.7661422556037204,0.6856106408706167
137,SG-01437,SYN-CAND-01437-04,BRANCH_TRANSFER,1,0.8255058594206327,0.8079231692677071
137,SG-01439,SYN-CAND-01439-01,INTERNAL_USE,1,0.7864346785477714,0.7379480840543882
137,SG-01439,SYN-CAND-01439-02,WHOLESALE,0,0.727202283006763,0.7906432748538011
137,SG-01439,SYN-CAND-01439-03,LOCAL_DISCOUNT,1,0.8788689490310266,0.8673587081891581
137,SG-01439,SYN-CAND-01439-04,PROMOTIONAL_BONUS,1,0.7506977679641547,0.8185096153846154
137,SG-01439,SYN-CAND-01439-05,BRANCH_TRANSFER,1,0.7858908209683722,0.8079231692677071
137,SG-01439,SYN-CAND-01439-06,DONATION,1,0.7252847493190674,0.6856106408706167
137,SG-01447,SYN-CAND-01447-01,EXTERNAL_PARTNER,1,0.8441525648383209,0.798569725864124
137,SG-01447,SYN-CAND-01447-02,PROMOTIONAL_BONUS,1,0.8700829594075874,0.8185096153846154
137,SG-01447,SYN-CAND-01447-03,INTERNAL_REPURPOSE,1,0.8663837947788252,0.8212157330154947
137,SG-01447,SYN-CAND-01447-04,RETURN_TO_SUPPLIER,0,0.832237150117773,0.8146002317497103
137,SG-01447,SYN-CAND-01447-05,INTERNAL_USE,1,0.7796399221140441,0.7379480840543882
137,SG-01448,SYN-CAND-01448-01,EXTERNAL_PARTNER,0,0.8314040626943454,0.798569725864124
137,SG-01448,SYN-CAND-01448-02,RETURN_TO_SUPPLIER,1,0.85656174362131,0.8146002317497103
137,SG-01448,SYN-CAND-01448-03,BUNDLE,1,0.926512018959116,0.8613396004700352
137,SG-01448,SYN-CAND-01448-04,PROMOTIONAL_BONUS,1,0.8987427735714131,0.8185096153846154
137,SG-01458,SYN-CAND-01458-01,PROMOTIONAL_BONUS,1,0.8648982239767296,0.8185096153846154
137,SG-01458,SYN-CAND-01458-02,WHOLESALE,1,0.7744357241196806,0.7906432748538011
137,SG-01458,SYN-CAND-01458-03,EXTERNAL_PARTNER,1,0.8332512363140944,0.798569725864124
137,SG-01458,SYN-CAND-01458-04,BUNDLE,1,0.8532590018480672,0.8613396004700352
137,SG-01462,SYN-CAND-01462-01,BRANCH_TRANSFER,0,0.8387472357167297,0.8079231692677071
137,SG-01462,SYN-CAND-01462-02,RETURN_TO_SUPPLIER,0,0.7992282296442342,0.8146002317497103
137,SG-01462,SYN-CAND-01462-03,BUNDLE,0,0.8923126370837346,0.8613396004700352
137,SG-01468,SYN-CAND-01468-01,DONATION,1,0.6349455303560929,0.6856106408706167
137,SG-01468,SYN-CAND-01468-02,PROMOTIONAL_BONUS,1,0.8480325990554684,0.8185096153846154
137,SG-01468,SYN-CAND-01468-03,BUNDLE,1,0.8858454376199557,0.8613396004700352
137,SG-01470,SYN-CAND-01470-01,EXTERNAL_PARTNER,0,0.7666097126739746,0.798569725864124
137,SG-01470,SYN-CAND-01470-02,PROMOTIONAL_BONUS,1,0.8755910809698665,0.8185096153846154
137,SG-01470,SYN-CAND-01470-03,INTERNAL_REPURPOSE,1,0.8212530805345926,0.8212157330154947
137,SG-01470,SYN-CAND-01470-04,INTERNAL_USE,0,0.7087599951787488,0.7379480840543882
137,SG-01470,SYN-CAND-01470-05,DONATION,0,0.6927764847769481,0.6856106408706167
137,SG-01470,SYN-CAND-01470-06,BUNDLE,1,0.8948423523452215,0.8613396004700352
137,SG-01470,SYN-CAND-01470-07,LOCAL_DISCOUNT,1,0.8923910952687365,0.8673587081891581
137,SG-01473,SYN-CAND-01473-01,INTERNAL_USE,1,0.7830146242191284,0.7379480840543882
137,SG-01473,SYN-CAND-01473-02,BRANCH_TRANSFER,1,0.7812640821223742,0.8079231692677071
137,SG-01473,SYN-CAND-01473-03,PROMOTIONAL_BONUS,1,0.6062867134717705,0.8185096153846154
137,SG-01473,SYN-CAND-01473-04,LOCAL_DISCOUNT,1,0.9000386929359878,0.8673587081891581
137,SG-01473,SYN-CAND-01473-05,EXTERNAL_PARTNER,1,0.8322908350990712,0.798569725864124
137,SG-01473,SYN-CAND-01473-06,INTERNAL_REPURPOSE,1,0.6192900257783543,0.8212157330154947
137,SG-01473,SYN-CAND-01473-07,RETURN_TO_SUPPLIER,1,0.878945335979437,0.8146002317497103
137,SG-01473,SYN-CAND-01473-08,WHOLESALE,1,0.8699132006768057,0.7906432748538011
137,SG-01484,SYN-CAND-01484-01,PROMOTIONAL_BONUS,1,0.8083941791073059,0.8185096153846154
137,SG-01484,SYN-CAND-01484-02,RETURN_TO_SUPPLIER,0,0.800725754822096,0.8146002317497103
137,SG-01484,SYN-CAND-01484-03,DONATION,0,0.532930786574131,0.6856106408706167
137,SG-01494,SYN-CAND-01494-01,BUNDLE,1,0.8094390773185072,0.8613396004700352
137,SG-01494,SYN-CAND-01494-02,WHOLESALE,1,0.5979934528911349,0.7906432748538011
137,SG-01494,SYN-CAND-01494-03,LOCAL_DISCOUNT,0,0.8790832640517776,0.8673587081891581
137,SG-01494,SYN-CAND-01494-04,INTERNAL_USE,1,0.8296298753103543,0.7379480840543882
137,SG-01504,SYN-CAND-01504-01,LOCAL_DISCOUNT,1,0.894541915068707,0.8673587081891581
137,SG-01504,SYN-CAND-01504-02,RETURN_TO_SUPPLIER,0,0.8614639941575107,0.8146002317497103
137,SG-01504,SYN-CAND-01504-03,INTERNAL_REPURPOSE,1,0.9047068053720706,0.8212157330154947
137,SG-01504,SYN-CAND-01504-04,DONATION,1,0.7829859976622171,0.6856106408706167
137,SG-01504,SYN-CAND-01504-05,BUNDLE,1,0.7509059492462051,0.8613396004700352
137,SG-01504,SYN-CAND-01504-06,EXTERNAL_PARTNER,1,0.8457535041111238,0.798569725864124
137,SG-01504,SYN-CAND-01504-07,BRANCH_TRANSFER,1,0.850119588112933,0.8079231692677071
137,SG-01504,SYN-CAND-01504-08,PROMOTIONAL_BONUS,1,0.7723092537041204,0.8185096153846154
137,SG-01524,SYN-CAND-01524-01,BUNDLE,1,0.8727139272863789,0.8613396004700352
137,SG-01524,SYN-CAND-01524-02,INTERNAL_USE,0,0.6883413824964556,0.7379480840543882
137,SG-01524,SYN-CAND-01524-03,PROMOTIONAL_BONUS,1,0.8308966219962501,0.8185096153846154
137,SG-01524,SYN-CAND-01524-04,EXTERNAL_PARTNER,0,0.8525334377147432,0.798569725864124
137,SG-01524,SYN-CAND-01524-05,DONATION,1,0.5681880937962541,0.6856106408706167
137,SG-01524,SYN-CAND-01524-06,LOCAL_DISCOUNT,0,0.6809793236579506,0.8673587081891581
137,SG-01548,SYN-CAND-01548-01,INTERNAL_USE,1,0.7579280738991708,0.7379480840543882
137,SG-01548,SYN-CAND-01548-02,DONATION,1,0.6938147358544159,0.6856106408706167
137,SG-01548,SYN-CAND-01548-03,BUNDLE,1,0.8984091160070049,0.8613396004700352
137,SG-01548,SYN-CAND-01548-04,LOCAL_DISCOUNT,1,0.862327536417174,0.8673587081891581
137,SG-01548,SYN-CAND-01548-05,WHOLESALE,1,0.7847835031241526,0.7906432748538011
137,SG-01548,SYN-CAND-01548-06,RETURN_TO_SUPPLIER,0,0.7442490035402742,0.8146002317497103
137,SG-01548,SYN-CAND-01548-07,INTERNAL_REPURPOSE,1,0.8840900392394164,0.8212157330154947
137,SG-01548,SYN-CAND-01548-08,BRANCH_TRANSFER,0,0.8365527151410003,0.8079231692677071
137,SG-01558,SYN-CAND-01558-01,WHOLESALE,1,0.6233404531999882,0.7906432748538011
137,SG-01558,SYN-CAND-01558-02,INTERNAL_REPURPOSE,1,0.8734450385736898,0.8212157330154947
137,SG-01564,SYN-CAND-01564-01,WHOLESALE,1,0.86976659958504,0.7906432748538011
137,SG-01564,SYN-CAND-01564-02,INTERNAL_REPURPOSE,1,0.7659764310272184,0.8212157330154947
137,SG-01564,SYN-CAND-01564-03,LOCAL_DISCOUNT,1,0.9231368917229377,0.8673587081891581
137,SG-01564,SYN-CAND-01564-04,BUNDLE,1,0.8173895760057043,0.8613396004700352
137,SG-01564,SYN-CAND-01564-05,EXTERNAL_PARTNER,1,0.852138328110594,0.798569725864124
137,SG-01564,SYN-CAND-01564-06,RETURN_TO_SUPPLIER,1,0.8649353975173889,0.8146002317497103
137,SG-01564,SYN-CAND-01564-07,DONATION,0,0.7266263117659437,0.6856106408706167
137,SG-01571,SYN-CAND-01571-01,LOCAL_DISCOUNT,0,0.7424359003888327,0.8673587081891581
137,SG-01571,SYN-CAND-01571-02,WHOLESALE,1,0.8619919729215912,0.7906432748538011
137,SG-01571,SYN-CAND-01571-03,EXTERNAL_PARTNER,1,0.8141554450290344,0.798569725864124
137,SG-01571,SYN-CAND-01571-04,INTERNAL_USE,1,0.7510467388870923,0.7379480840543882
137,SG-01571,SYN-CAND-01571-05,DONATION,1,0.7274449371129855,0.6856106408706167
137,SG-01571,SYN-CAND-01571-06,BUNDLE,1,0.882585303846702,0.8613396004700352
137,SG-01571,SYN-CAND-01571-07,PROMOTIONAL_BONUS,1,0.7640368390177049,0.8185096153846154
137,SG-01576,SYN-CAND-01576-01,INTERNAL_USE,0,0.7518780975050146,0.7379480840543882
137,SG-01576,SYN-CAND-01576-02,BRANCH_TRANSFER,1,0.820718194810188,0.8079231692677071
137,SG-01576,SYN-CAND-01576-03,DONATION,1,0.8097952919522733,0.6856106408706167
137,SG-01576,SYN-CAND-01576-04,EXTERNAL_PARTNER,1,0.8311383116107279,0.798569725864124
137,SG-01583,SYN-CAND-01583-01,DONATION,0,0.6262005798622546,0.6856106408706167
137,SG-01583,SYN-CAND-01583-02,LOCAL_DISCOUNT,1,0.8865837711825038,0.8673587081891581
137,SG-01583,SYN-CAND-01583-03,EXTERNAL_PARTNER,1,0.8221628214492454,0.798569725864124
137,SG-01583,SYN-CAND-01583-04,WHOLESALE,1,0.8626358369486297,0.7906432748538011
137,SG-01583,SYN-CAND-01583-05,INTERNAL_USE,1,0.7634938179044466,0.7379480840543882
137,SG-01583,SYN-CAND-01583-06,RETURN_TO_SUPPLIER,1,0.8363794353950932,0.8146002317497103
137,SG-01585,SYN-CAND-01585-01,EXTERNAL_PARTNER,1,0.8693221715216303,0.798569725864124
137,SG-01585,SYN-CAND-01585-02,DONATION,0,0.6971205321260807,0.6856106408706167
137,SG-01585,SYN-CAND-01585-03,INTERNAL_USE,1,0.8063496681007425,0.7379480840543882
137,SG-01585,SYN-CAND-01585-04,LOCAL_DISCOUNT,1,0.8611911185392406,0.8673587081891581
137,SG-01585,SYN-CAND-01585-05,RETURN_TO_SUPPLIER,1,0.8771700322315841,0.8146002317497103
137,SG-01585,SYN-CAND-01585-06,BUNDLE,0,0.8644245933561878,0.8613396004700352
137,SG-01585,SYN-CAND-01585-07,INTERNAL_REPURPOSE,1,0.8678704102604191,0.8212157330154947
137,SG-01585,SYN-CAND-01585-08,WHOLESALE,1,0.843619878166897,0.7906432748538011
137,SG-01590,SYN-CAND-01590-01,INTERNAL_USE,1,0.7839412355195103,0.7379480840543882
137,SG-01590,SYN-CAND-01590-02,DONATION,1,0.6893850086362192,0.6856106408706167
137,SG-01590,SYN-CAND-01590-03,LOCAL_DISCOUNT,1,0.8148524186169095,0.8673587081891581
137,SG-01590,SYN-CAND-01590-04,EXTERNAL_PARTNER,1,0.8277118993955404,0.798569725864124
137,SG-01590,SYN-CAND-01590-05,WHOLESALE,1,0.8325205062526908,0.7906432748538011
137,SG-01599,SYN-CAND-01599-01,LOCAL_DISCOUNT,1,0.7434312330433837,0.8673587081891581
137,SG-01599,SYN-CAND-01599-02,INTERNAL_REPURPOSE,1,0.7137516856648586,0.8212157330154947
137,SG-01599,SYN-CAND-01599-03,RETURN_TO_SUPPLIER,1,0.890549988847054,0.8146002317497103
137,SG-01599,SYN-CAND-01599-04,PROMOTIONAL_BONUS,1,0.754019397200728,0.8185096153846154
137,SG-01599,SYN-CAND-01599-05,WHOLESALE,0,0.32607544990535453,0.7906432748538011
137,SG-01599,SYN-CAND-01599-06,BUNDLE,1,0.8546320446774771,0.8613396004700352
137,SG-01599,SYN-CAND-01599-07,INTERNAL_USE,1,0.7090959670632621,0.7379480840543882
137,SG-01605,SYN-CAND-01605-01,PROMOTIONAL_BONUS,1,0.8304384602773482,0.8185096153846154
137,SG-01605,SYN-CAND-01605-02,BRANCH_TRANSFER,1,0.7896516015239522,0.8079231692677071
137,SG-01605,SYN-CAND-01605-03,EXTERNAL_PARTNER,0,0.8781325575810848,0.798569725864124
137,SG-01605,SYN-CAND-01605-04,RETURN_TO_SUPPLIER,1,0.7791245130577077,0.8146002317497103
137,SG-01605,SYN-CAND-01605-05,INTERNAL_USE,1,0.7915967036347117,0.7379480840543882
137,SG-01605,SYN-CAND-01605-06,DONATION,1,0.7479026983057725,0.6856106408706167
137,SG-01605,SYN-CAND-01605-07,BUNDLE,1,0.8879889401563831,0.8613396004700352
137,SG-01605,SYN-CAND-01605-08,WHOLESALE,1,0.7975544622307731,0.7906432748538011
137,SG-01609,SYN-CAND-01609-01,LOCAL_DISCOUNT,1,0.9002437006448948,0.8673587081891581
137,SG-01609,SYN-CAND-01609-02,EXTERNAL_PARTNER,1,0.5872491385619717,0.798569725864124
137,SG-01609,SYN-CAND-01609-03,RETURN_TO_SUPPLIER,0,0.8098571396020783,0.8146002317497103
137,SG-01609,SYN-CAND-01609-04,PROMOTIONAL_BONUS,1,0.8612527014887135,0.8185096153846154
137,SG-01609,SYN-CAND-01609-05,BUNDLE,1,0.797440838120467,0.8613396004700352
137,SG-01626,SYN-CAND-01626-01,RETURN_TO_SUPPLIER,1,0.8420623780078186,0.8146002317497103
137,SG-01626,SYN-CAND-01626-02,DONATION,0,0.7863816023844517,0.6856106408706167
137,SG-01635,SYN-CAND-01635-01,RETURN_TO_SUPPLIER,1,0.9098228465068816,0.8146002317497103
137,SG-01635,SYN-CAND-01635-02,BUNDLE,0,0.837955681781687,0.8613396004700352
137,SG-01635,SYN-CAND-01635-03,BRANCH_TRANSFER,1,0.7583858328125568,0.8079231692677071
137,SG-01643,SYN-CAND-01643-01,INTERNAL_REPURPOSE,1,0.8549325002530117,0.8212157330154947
137,SG-01643,SYN-CAND-01643-02,DONATION,1,0.5799551699784425,0.6856106408706167
137,SG-01643,SYN-CAND-01643-03,WHOLESALE,1,0.8630526243328366,0.7906432748538011
137,SG-01643,SYN-CAND-01643-04,PROMOTIONAL_BONUS,1,0.8492973400729168,0.8185096153846154
137,SG-01656,SYN-CAND-01656-01,LOCAL_DISCOUNT,1,0.850767868703263,0.8673587081891581
137,SG-01656,SYN-CAND-01656-02,INTERNAL_REPURPOSE,1,0.8307698990299772,0.8212157330154947
137,SG-01657,SYN-CAND-01657-01,WHOLESALE,1,0.8239710459454374,0.7906432748538011
137,SG-01657,SYN-CAND-01657-02,BUNDLE,1,0.8789899451657324,0.8613396004700352
137,SG-01657,SYN-CAND-01657-03,DONATION,1,0.7138642077019438,0.6856106408706167
137,SG-01669,SYN-CAND-01669-01,BUNDLE,1,0.8083617976089504,0.8613396004700352
137,SG-01669,SYN-CAND-01669-02,WHOLESALE,1,0.8505019901750334,0.7906432748538011
137,SG-01669,SYN-CAND-01669-03,EXTERNAL_PARTNER,1,0.8555688694243101,0.798569725864124
137,SG-01669,SYN-CAND-01669-04,PROMOTIONAL_BONUS,1,0.860743784240314,0.8185096153846154
137,SG-01669,SYN-CAND-01669-05,INTERNAL_REPURPOSE,1,0.8882747522188038,0.8212157330154947
137,SG-01669,SYN-CAND-01669-06,DONATION,1,0.7704679581700935,0.6856106408706167
137,SG-01672,SYN-CAND-01672-01,BUNDLE,0,0.8125599491797907,0.8613396004700352
137,SG-01672,SYN-CAND-01672-02,WHOLESALE,1,0.663637514932858,0.7906432748538011
137,SG-01672,SYN-CAND-01672-03,BRANCH_TRANSFER,1,0.7408351193270819,0.8079231692677071
137,SG-01672,SYN-CAND-01672-04,EXTERNAL_PARTNER,0,0.8032304918469477,0.798569725864124
137,SG-01672,SYN-CAND-01672-05,LOCAL_DISCOUNT,1,0.8992126065022775,0.8673587081891581
137,SG-01672,SYN-CAND-01672-06,DONATION,0,0.6557217597000052,0.6856106408706167
137,SG-01672,SYN-CAND-01672-07,PROMOTIONAL_BONUS,1,0.7679478796872186,0.8185096153846154
137,SG-01672,SYN-CAND-01672-08,INTERNAL_USE,0,0.5611959340156775,0.7379480840543882
137,SG-01677,SYN-CAND-01677-01,BRANCH_TRANSFER,1,0.8623537064110174,0.8079231692677071
137,SG-01677,SYN-CAND-01677-02,INTERNAL_REPURPOSE,1,0.8432165224102297,0.8212157330154947
137,SG-01677,SYN-CAND-01677-03,EXTERNAL_PARTNER,1,0.6452809068576495,0.798569725864124
137,SG-01681,SYN-CAND-01681-01,PROMOTIONAL_BONUS,1,0.7907669184810965,0.8185096153846154
137,SG-01681,SYN-CAND-01681-02,EXTERNAL_PARTNER,1,0.8086228450991444,0.798569725864124
137,SG-01681,SYN-CAND-01681-03,BRANCH_TRANSFER,1,0.6995855242905152,0.8079231692677071
137,SG-01681,SYN-CAND-01681-04,DONATION,1,0.7966432164992545,0.6856106408706167
137,SG-01681,SYN-CAND-01681-05,LOCAL_DISCOUNT,0,0.8554783835153812,0.8673587081891581
137,SG-01681,SYN-CAND-01681-06,BUNDLE,1,0.8428317744935617,0.8613396004700352
137,SG-01681,SYN-CAND-01681-07,RETURN_TO_SUPPLIER,1,0.8531046988386194,0.8146002317497103
137,SG-01681,SYN-CAND-01681-08,WHOLESALE,1,0.7616675923637284,0.7906432748538011
137,SG-01682,SYN-CAND-01682-01,DONATION,1,0.7360773612499315,0.6856106408706167
137,SG-01682,SYN-CAND-01682-02,INTERNAL_REPURPOSE,1,0.7982427004863811,0.8212157330154947
137,SG-01688,SYN-CAND-01688-01,EXTERNAL_PARTNER,0,0.7647203757949749,0.798569725864124
137,SG-01688,SYN-CAND-01688-02,DONATION,1,0.617636740672812,0.6856106408706167
137,SG-01688,SYN-CAND-01688-03,RETURN_TO_SUPPLIER,1,0.7972966821156476,0.8146002317497103
137,SG-01688,SYN-CAND-01688-04,WHOLESALE,1,0.7318817016286506,0.7906432748538011
137,SG-01690,SYN-CAND-01690-01,DONATION,0,0.5289078088742218,0.6856106408706167
137,SG-01690,SYN-CAND-01690-02,INTERNAL_REPURPOSE,1,0.8487902099421591,0.8212157330154947
137,SG-01690,SYN-CAND-01690-03,LOCAL_DISCOUNT,1,0.8188280365044763,0.8673587081891581
137,SG-01690,SYN-CAND-01690-04,BRANCH_TRANSFER,1,0.8751095582223231,0.8079231692677071
137,SG-01690,SYN-CAND-01690-05,BUNDLE,1,0.8648367607549354,0.8613396004700352
137,SG-01690,SYN-CAND-01690-06,INTERNAL_USE,0,0.6926720728896794,0.7379480840543882
137,SG-01691,SYN-CAND-01691-01,LOCAL_DISCOUNT,1,0.9181765927439393,0.8673587081891581
137,SG-01691,SYN-CAND-01691-02,BRANCH_TRANSFER,0,0.8460885429106079,0.8079231692677071
137,SG-01691,SYN-CAND-01691-03,BUNDLE,1,0.8927958471282282,0.8613396004700352
137,SG-01696,SYN-CAND-01696-01,INTERNAL_USE,1,0.6716595721841258,0.7379480840543882
137,SG-01696,SYN-CAND-01696-02,EXTERNAL_PARTNER,1,0.7870021948574659,0.798569725864124
137,SG-01696,SYN-CAND-01696-03,RETURN_TO_SUPPLIER,1,0.8382071475332427,0.8146002317497103
137,SG-01696,SYN-CAND-01696-04,WHOLESALE,1,0.8184413269022873,0.7906432748538011
137,SG-01696,SYN-CAND-01696-05,DONATION,1,0.503663499694571,0.6856106408706167
137,SG-01696,SYN-CAND-01696-06,BRANCH_TRANSFER,0,0.8318374684113575,0.8079231692677071
137,SG-01697,SYN-CAND-01697-01,INTERNAL_USE,1,0.787256913903121,0.7379480840543882
137,SG-01697,SYN-CAND-01697-02,BUNDLE,1,0.8973580524160402,0.8613396004700352
137,SG-01697,SYN-CAND-01697-03,RETURN_TO_SUPPLIER,1,0.7945927263024885,0.8146002317497103
137,SG-01708,SYN-CAND-01708-01,WHOLESALE,1,0.8067805947993011,0.7906432748538011
137,SG-01708,SYN-CAND-01708-02,LOCAL_DISCOUNT,1,0.8700407086993136,0.8673587081891581
137,SG-01708,SYN-CAND-01708-03,INTERNAL_REPURPOSE,1,0.7903635769791718,0.8212157330154947
137,SG-01708,SYN-CAND-01708-04,BUNDLE,1,0.8789555514081693,0.8613396004700352
137,SG-01708,SYN-CAND-01708-05,PROMOTIONAL_BONUS,1,0.8236204213699257,0.8185096153846154
137,SG-01708,SYN-CAND-01708-06,INTERNAL_USE,1,0.6460186708864054,0.7379480840543882
137,SG-01722,SYN-CAND-01722-01,INTERNAL_USE,0,0.7885085736927236,0.7379480840543882
137,SG-01722,SYN-CAND-01722-02,WHOLESALE,0,0.6903146453415391,0.7906432748538011
137,SG-01722,SYN-CAND-01722-03,BRANCH_TRANSFER,0,0.8517988657702292,0.8079231692677071
137,SG-01722,SYN-CAND-01722-04,EXTERNAL_PARTNER,1,0.8425435149142348,0.798569725864124
137,SG-01722,SYN-CAND-01722-05,INTERNAL_REPURPOSE,1,0.8827651999523424,0.8212157330154947
137,SG-01722,SYN-CAND-01722-06,PROMOTIONAL_BONUS,1,0.8613989199893473,0.8185096153846154
137,SG-01722,SYN-CAND-01722-07,BUNDLE,0,0.8774515393869656,0.8613396004700352
137,SG-01731,SYN-CAND-01731-01,INTERNAL_REPURPOSE,1,0.9263733653513886,0.8212157330154947
137,SG-01731,SYN-CAND-01731-02,LOCAL_DISCOUNT,1,0.90184939679437,0.8673587081891581
137,SG-01731,SYN-CAND-01731-03,BRANCH_TRANSFER,1,0.876433359713606,0.8079231692677071
137,SG-01731,SYN-CAND-01731-04,INTERNAL_USE,0,0.7845295339793069,0.7379480840543882
137,SG-01731,SYN-CAND-01731-05,DONATION,1,0.79256472852017,0.6856106408706167
137,SG-01731,SYN-CAND-01731-06,BUNDLE,1,0.8892478755079886,0.8613396004700352
137,SG-01737,SYN-CAND-01737-01,BRANCH_TRANSFER,1,0.8790752454928823,0.8079231692677071
137,SG-01737,SYN-CAND-01737-02,INTERNAL_REPURPOSE,1,0.8113154440988914,0.8212157330154947
137,SG-01737,SYN-CAND-01737-03,DONATION,0,0.75491829627129,0.6856106408706167
137,SG-01737,SYN-CAND-01737-04,PROMOTIONAL_BONUS,1,0.8231824717911594,0.8185096153846154
137,SG-01737,SYN-CAND-01737-05,RETURN_TO_SUPPLIER,1,0.7300598783597763,0.8146002317497103
137,SG-01737,SYN-CAND-01737-06,WHOLESALE,1,0.8228167231806476,0.7906432748538011
137,SG-01737,SYN-CAND-01737-07,BUNDLE,0,0.9089607055485965,0.8613396004700352
137,SG-01737,SYN-CAND-01737-08,LOCAL_DISCOUNT,1,0.8760777835213942,0.8673587081891581
137,SG-01739,SYN-CAND-01739-01,INTERNAL_USE,0,0.5916683521968039,0.7379480840543882
137,SG-01739,SYN-CAND-01739-02,BRANCH_TRANSFER,0,0.8500078096550813,0.8079231692677071
137,SG-01741,SYN-CAND-01741-01,INTERNAL_USE,1,0.7789146024249128,0.7379480840543882
137,SG-01741,SYN-CAND-01741-02,PROMOTIONAL_BONUS,1,0.7991388794185588,0.8185096153846154
137,SG-01741,SYN-CAND-01741-03,DONATION,1,0.7756018020235151,0.6856106408706167
137,SG-01741,SYN-CAND-01741-04,RETURN_TO_SUPPLIER,0,0.7356905128464366,0.8146002317497103
137,SG-01742,SYN-CAND-01742-01,BUNDLE,1,0.7938074130510904,0.8613396004700352
137,SG-01742,SYN-CAND-01742-02,BRANCH_TRANSFER,1,0.761797965671586,0.8079231692677071
137,SG-01742,SYN-CAND-01742-03,INTERNAL_REPURPOSE,0,0.874035661685928,0.8212157330154947
137,SG-01742,SYN-CAND-01742-04,INTERNAL_USE,1,0.7068770044222125,0.7379480840543882
137,SG-01745,SYN-CAND-01745-01,INTERNAL_USE,0,0.8413390968948982,0.7379480840543882
137,SG-01745,SYN-CAND-01745-02,RETURN_TO_SUPPLIER,1,0.9122732139009564,0.8146002317497103
137,SG-01745,SYN-CAND-01745-03,BUNDLE,1,0.8825532496940203,0.8613396004700352
137,SG-01745,SYN-CAND-01745-04,INTERNAL_REPURPOSE,0,0.8605620923509324,0.8212157330154947
137,SG-01745,SYN-CAND-01745-05,EXTERNAL_PARTNER,1,0.7594071590406055,0.798569725864124
137,SG-01745,SYN-CAND-01745-06,PROMOTIONAL_BONUS,1,0.8953493008503162,0.8185096153846154
137,SG-01748,SYN-CAND-01748-01,INTERNAL_REPURPOSE,1,0.8604594538114986,0.8212157330154947
137,SG-01748,SYN-CAND-01748-02,INTERNAL_USE,1,0.7506676426835052,0.7379480840543882
137,SG-01751,SYN-CAND-01751-01,DONATION,0,0.6486138556315585,0.6856106408706167
137,SG-01751,SYN-CAND-01751-02,WHOLESALE,1,0.7682073573456091,0.7906432748538011
137,SG-01751,SYN-CAND-01751-03,PROMOTIONAL_BONUS,0,0.6264266272185148,0.8185096153846154
137,SG-01751,SYN-CAND-01751-04,INTERNAL_USE,1,0.6549932072719977,0.7379480840543882
137,SG-01751,SYN-CAND-01751-05,EXTERNAL_PARTNER,1,0.8583843812711447,0.798569725864124
137,SG-01751,SYN-CAND-01751-06,RETURN_TO_SUPPLIER,1,0.857434567939358,0.8146002317497103
137,SG-01757,SYN-CAND-01757-01,LOCAL_DISCOUNT,1,0.714776481282606,0.8673587081891581
137,SG-01757,SYN-CAND-01757-02,INTERNAL_USE,1,0.7239799086566693,0.7379480840543882
137,SG-01757,SYN-CAND-01757-03,EXTERNAL_PARTNER,1,0.8618711811552558,0.798569725864124
137,SG-01762,SYN-CAND-01762-01,INTERNAL_USE,1,0.7277798147818054,0.7379480840543882
137,SG-01762,SYN-CAND-01762-02,BRANCH_TRANSFER,1,0.8693246322999258,0.8079231692677071
137,SG-01762,SYN-CAND-01762-03,LOCAL_DISCOUNT,1,0.8786021890330412,0.8673587081891581
137,SG-01762,SYN-CAND-01762-04,DONATION,0,0.6723380114189063,0.6856106408706167
137,SG-01762,SYN-CAND-01762-05,RETURN_TO_SUPPLIER,1,0.7294504780825376,0.8146002317497103
137,SG-01762,SYN-CAND-01762-06,BUNDLE,1,0.8050656165985164,0.8613396004700352
137,SG-01762,SYN-CAND-01762-07,PROMOTIONAL_BONUS,1,0.733971421440043,0.8185096153846154
137,SG-01763,SYN-CAND-01763-01,INTERNAL_USE,0,0.8391309687882592,0.7379480840543882
137,SG-01763,SYN-CAND-01763-02,PROMOTIONAL_BONUS,1,0.8496372795288726,0.8185096153846154
137,SG-01763,SYN-CAND-01763-03,LOCAL_DISCOUNT,1,0.8689322722231394,0.8673587081891581
137,SG-01763,SYN-CAND-01763-04,WHOLESALE,1,0.8071818906055283,0.7906432748538011
137,SG-01763,SYN-CAND-01763-05,DONATION,1,0.7040073525036661,0.6856106408706167
137,SG-01763,SYN-CAND-01763-06,BRANCH_TRANSFER,1,0.9041846163789583,0.8079231692677071
137,SG-01763,SYN-CAND-01763-07,INTERNAL_REPURPOSE,1,0.8592290182610932,0.8212157330154947
137,SG-01763,SYN-CAND-01763-08,BUNDLE,1,0.9250993770874916,0.8613396004700352
137,SG-01768,SYN-CAND-01768-01,WHOLESALE,1,0.8289429301763144,0.7906432748538011
137,SG-01768,SYN-CAND-01768-02,RETURN_TO_SUPPLIER,1,0.8798962298111972,0.8146002317497103
137,SG-01768,SYN-CAND-01768-03,BRANCH_TRANSFER,0,0.879616567084722,0.8079231692677071
137,SG-01768,SYN-CAND-01768-04,DONATION,0,0.8294990631049943,0.6856106408706167
137,SG-01768,SYN-CAND-01768-05,LOCAL_DISCOUNT,1,0.9134637810836422,0.8673587081891581
137,SG-01768,SYN-CAND-01768-06,BUNDLE,1,0.8740524673395879,0.8613396004700352
137,SG-01768,SYN-CAND-01768-07,INTERNAL_REPURPOSE,1,0.8436265960395869,0.8212157330154947
137,SG-01781,SYN-CAND-01781-01,PROMOTIONAL_BONUS,0,0.8763985472430074,0.8185096153846154
137,SG-01781,SYN-CAND-01781-02,DONATION,1,0.7830415620236768,0.6856106408706167
137,SG-01781,SYN-CAND-01781-03,LOCAL_DISCOUNT,1,0.878917448672722,0.8673587081891581
137,SG-01781,SYN-CAND-01781-04,EXTERNAL_PARTNER,1,0.8514484677772753,0.798569725864124
137,SG-01781,SYN-CAND-01781-05,INTERNAL_USE,1,0.7499144021790317,0.7379480840543882
137,SG-01788,SYN-CAND-01788-01,LOCAL_DISCOUNT,1,0.8584167853215774,0.8673587081891581
137,SG-01788,SYN-CAND-01788-02,INTERNAL_REPURPOSE,1,0.7342867423052238,0.8212157330154947
137,SG-01788,SYN-CAND-01788-03,BRANCH_TRANSFER,1,0.8380129643494683,0.8079231692677071
137,SG-01788,SYN-CAND-01788-04,WHOLESALE,1,0.8331962313148168,0.7906432748538011
137,SG-01798,SYN-CAND-01798-01,RETURN_TO_SUPPLIER,0,0.7372722440049765,0.8146002317497103
137,SG-01798,SYN-CAND-01798-02,BRANCH_TRANSFER,1,0.9032553892556462,0.8079231692677071
137,SG-01798,SYN-CAND-01798-03,LOCAL_DISCOUNT,0,0.7659455542527117,0.8673587081891581
137,SG-01798,SYN-CAND-01798-04,BUNDLE,1,0.8923845937427656,0.8613396004700352
137,SG-01798,SYN-CAND-01798-05,WHOLESALE,1,0.8415329271325193,0.7906432748538011
137,SG-01798,SYN-CAND-01798-06,DONATION,0,0.8158125247545652,0.6856106408706167
137,SG-01798,SYN-CAND-01798-07,INTERNAL_REPURPOSE,1,0.8984782943320653,0.8212157330154947
137,SG-01798,SYN-CAND-01798-08,PROMOTIONAL_BONUS,1,0.8371974248658152,0.8185096153846154
137,SG-01799,SYN-CAND-01799-01,BUNDLE,1,0.8542416625955509,0.8613396004700352
137,SG-01799,SYN-CAND-01799-02,DONATION,1,0.769803247849189,0.6856106408706167
137,SG-01799,SYN-CAND-01799-03,LOCAL_DISCOUNT,1,0.7867350789654513,0.8673587081891581
137,SG-01799,SYN-CAND-01799-04,PROMOTIONAL_BONUS,0,0.87291718175851,0.8185096153846154
137,SG-01799,SYN-CAND-01799-05,EXTERNAL_PARTNER,0,0.7923361692966823,0.798569725864124
137,SG-01799,SYN-CAND-01799-06,RETURN_TO_SUPPLIER,0,0.801241146486654,0.8146002317497103
137,SG-01809,SYN-CAND-01809-01,INTERNAL_USE,0,0.5711818341727791,0.7379480840543882
137,SG-01809,SYN-CAND-01809-02,EXTERNAL_PARTNER,1,0.877861936313478,0.798569725864124
137,SG-01809,SYN-CAND-01809-03,WHOLESALE,0,0.8315393548893596,0.7906432748538011
137,SG-01809,SYN-CAND-01809-04,BUNDLE,1,0.8421676904389456,0.8613396004700352
137,SG-01820,SYN-CAND-01820-01,WHOLESALE,1,0.8073658105235995,0.7906432748538011
137,SG-01820,SYN-CAND-01820-02,INTERNAL_USE,1,0.7301146101876319,0.7379480840543882
137,SG-01820,SYN-CAND-01820-03,BUNDLE,1,0.877392110606226,0.8613396004700352
137,SG-01836,SYN-CAND-01836-01,BUNDLE,1,0.8334843754683425,0.8613396004700352
137,SG-01836,SYN-CAND-01836-02,BRANCH_TRANSFER,1,0.9097779190670393,0.8079231692677071
137,SG-01836,SYN-CAND-01836-03,PROMOTIONAL_BONUS,1,0.9008089368009999,0.8185096153846154
137,SG-01836,SYN-CAND-01836-04,INTERNAL_REPURPOSE,1,0.8780856142839314,0.8212157330154947
137,SG-01836,SYN-CAND-01836-05,DONATION,1,0.8071936419217334,0.6856106408706167
137,SG-01836,SYN-CAND-01836-06,INTERNAL_USE,1,0.8474398921320196,0.7379480840543882
137,SG-01838,SYN-CAND-01838-01,INTERNAL_USE,1,0.7114061217760081,0.7379480840543882
137,SG-01838,SYN-CAND-01838-02,BRANCH_TRANSFER,0,0.8153798147441927,0.8079231692677071
137,SG-01838,SYN-CAND-01838-03,EXTERNAL_PARTNER,1,0.7131852679234361,0.798569725864124
137,SG-01838,SYN-CAND-01838-04,DONATION,0,0.46572398686743854,0.6856106408706167
137,SG-01838,SYN-CAND-01838-05,PROMOTIONAL_BONUS,0,0.8388163425889871,0.8185096153846154
137,SG-01838,SYN-CAND-01838-06,BUNDLE,1,0.8512589672085444,0.8613396004700352
137,SG-01838,SYN-CAND-01838-07,RETURN_TO_SUPPLIER,1,0.8545915516274836,0.8146002317497103
137,SG-01853,SYN-CAND-01853-01,RETURN_TO_SUPPLIER,1,0.8474270505138738,0.8146002317497103
137,SG-01853,SYN-CAND-01853-02,BUNDLE,1,0.8824480763469456,0.8613396004700352
137,SG-01853,SYN-CAND-01853-03,EXTERNAL_PARTNER,1,0.8341688560189163,0.798569725864124
137,SG-01853,SYN-CAND-01853-04,PROMOTIONAL_BONUS,1,0.717878041452003,0.8185096153846154
137,SG-01853,SYN-CAND-01853-05,WHOLESALE,0,0.7527073659887875,0.7906432748538011
137,SG-01853,SYN-CAND-01853-06,DONATION,1,0.7079168712769401,0.6856106408706167
137,SG-01858,SYN-CAND-01858-01,EXTERNAL_PARTNER,1,0.8438432903328329,0.798569725864124
137,SG-01858,SYN-CAND-01858-02,LOCAL_DISCOUNT,1,0.9086610246531132,0.8673587081891581
137,SG-01858,SYN-CAND-01858-03,BUNDLE,0,0.8500719773001668,0.8613396004700352
137,SG-01858,SYN-CAND-01858-04,INTERNAL_USE,0,0.7958382576872094,0.7379480840543882
137,SG-01858,SYN-CAND-01858-05,DONATION,1,0.7386056507992997,0.6856106408706167
137,SG-01863,SYN-CAND-01863-01,BUNDLE,1,0.8583894020070655,0.8613396004700352
137,SG-01863,SYN-CAND-01863-02,INTERNAL_USE,0,0.726970708639474,0.7379480840543882
137,SG-01863,SYN-CAND-01863-03,BRANCH_TRANSFER,0,0.7339695439767684,0.8079231692677071
137,SG-01867,SYN-CAND-01867-01,EXTERNAL_PARTNER,1,0.8225690125311558,0.798569725864124
137,SG-01867,SYN-CAND-01867-02,INTERNAL_REPURPOSE,1,0.8948636975242058,0.8212157330154947
137,SG-01867,SYN-CAND-01867-03,DONATION,0,0.7948977510784092,0.6856106408706167
137,SG-01869,SYN-CAND-01869-01,PROMOTIONAL_BONUS,0,0.8774803652426151,0.8185096153846154
137,SG-01869,SYN-CAND-01869-02,BUNDLE,0,0.8920598135620977,0.8613396004700352
137,SG-01869,SYN-CAND-01869-03,BRANCH_TRANSFER,1,0.8855726986094593,0.8079231692677071
137,SG-01869,SYN-CAND-01869-04,INTERNAL_REPURPOSE,1,0.897116332776327,0.8212157330154947
137,SG-01876,SYN-CAND-01876-01,BUNDLE,1,0.851394982434634,0.8613396004700352
137,SG-01876,SYN-CAND-01876-02,EXTERNAL_PARTNER,1,0.754097701190589,0.798569725864124
137,SG-01876,SYN-CAND-01876-03,INTERNAL_REPURPOSE,0,0.8123711277556195,0.8212157330154947
137,SG-01876,SYN-CAND-01876-04,DONATION,0,0.6607140002388723,0.6856106408706167
137,SG-01877,SYN-CAND-01877-01,BRANCH_TRANSFER,1,0.8478463599794973,0.8079231692677071
137,SG-01877,SYN-CAND-01877-02,RETURN_TO_SUPPLIER,0,0.8910580197306407,0.8146002317497103
137,SG-01877,SYN-CAND-01877-03,LOCAL_DISCOUNT,1,0.9050157121104202,0.8673587081891581
137,SG-01877,SYN-CAND-01877-04,INTERNAL_USE,0,0.7014395204821522,0.7379480840543882
137,SG-01877,SYN-CAND-01877-05,WHOLESALE,0,0.8285299090699303,0.7906432748538011
137,SG-01877,SYN-CAND-01877-06,INTERNAL_REPURPOSE,1,0.8828424415366907,0.8212157330154947
137,SG-01877,SYN-CAND-01877-07,BUNDLE,1,0.8964753822526724,0.8613396004700352
137,SG-01880,SYN-CAND-01880-01,BUNDLE,1,0.8237902237722595,0.8613396004700352
137,SG-01880,SYN-CAND-01880-02,PROMOTIONAL_BONUS,1,0.797354190085229,0.8185096153846154
137,SG-01882,SYN-CAND-01882-01,INTERNAL_USE,0,0.6487553218287619,0.7379480840543882
137,SG-01882,SYN-CAND-01882-02,INTERNAL_REPURPOSE,1,0.7313693921726697,0.8212157330154947
137,SG-01882,SYN-CAND-01882-03,DONATION,0,0.7105388860112483,0.6856106408706167
137,SG-01882,SYN-CAND-01882-04,BUNDLE,0,0.8079079395881505,0.8613396004700352
137,SG-01884,SYN-CAND-01884-01,BRANCH_TRANSFER,1,0.7328109056631074,0.8079231692677071
137,SG-01884,SYN-CAND-01884-02,EXTERNAL_PARTNER,1,0.9024848527993647,0.798569725864124
137,SG-01884,SYN-CAND-01884-03,INTERNAL_REPURPOSE,1,0.9166542742909131,0.8212157330154947
137,SG-01884,SYN-CAND-01884-04,BUNDLE,1,0.9031129655138467,0.8613396004700352
137,SG-01884,SYN-CAND-01884-05,PROMOTIONAL_BONUS,1,0.8819211058708644,0.8185096153846154
137,SG-01884,SYN-CAND-01884-06,DONATION,1,0.7101065001267781,0.6856106408706167
137,SG-01885,SYN-CAND-01885-01,RETURN_TO_SUPPLIER,1,0.8680143877977144,0.8146002317497103
137,SG-01885,SYN-CAND-01885-02,EXTERNAL_PARTNER,0,0.7828230335446792,0.798569725864124
137,SG-01885,SYN-CAND-01885-03,INTERNAL_USE,1,0.8194899956242342,0.7379480840543882
137,SG-01885,SYN-CAND-01885-04,PROMOTIONAL_BONUS,1,0.8700581966927495,0.8185096153846154
137,SG-01885,SYN-CAND-01885-05,INTERNAL_REPURPOSE,1,0.8722307608741876,0.8212157330154947
137,SG-01889,SYN-CAND-01889-01,LOCAL_DISCOUNT,0,0.8383701595719394,0.8673587081891581
137,SG-01889,SYN-CAND-01889-02,PROMOTIONAL_BONUS,1,0.8953439411135983,0.8185096153846154
137,SG-01889,SYN-CAND-01889-03,INTERNAL_USE,0,0.7078901246432231,0.7379480840543882
137,SG-01895,SYN-CAND-01895-01,EXTERNAL_PARTNER,0,0.745498493639573,0.798569725864124
137,SG-01895,SYN-CAND-01895-02,INTERNAL_REPURPOSE,1,0.8933706333003705,0.8212157330154947
137,SG-01895,SYN-CAND-01895-03,INTERNAL_USE,1,0.8340914779069986,0.7379480840543882
137,SG-01895,SYN-CAND-01895-04,BUNDLE,0,0.9171718206459799,0.8613396004700352
137,SG-01895,SYN-CAND-01895-05,DONATION,1,0.7175423245153039,0.6856106408706167
137,SG-01895,SYN-CAND-01895-06,LOCAL_DISCOUNT,1,0.898551918185243,0.8673587081891581
137,SG-01899,SYN-CAND-01899-01,BUNDLE,1,0.8721437997156017,0.8613396004700352
137,SG-01899,SYN-CAND-01899-02,EXTERNAL_PARTNER,0,0.7477257537897268,0.798569725864124
137,SG-01899,SYN-CAND-01899-03,INTERNAL_REPURPOSE,1,0.866633679481266,0.8212157330154947
137,SG-01899,SYN-CAND-01899-04,WHOLESALE,1,0.7507388431177726,0.7906432748538011
137,SG-01899,SYN-CAND-01899-05,RETURN_TO_SUPPLIER,1,0.8572253424930417,0.8146002317497103
137,SG-01905,SYN-CAND-01905-01,EXTERNAL_PARTNER,1,0.9142977738373306,0.798569725864124
137,SG-01905,SYN-CAND-01905-02,INTERNAL_REPURPOSE,1,0.8405703786532893,0.8212157330154947
137,SG-01905,SYN-CAND-01905-03,BRANCH_TRANSFER,1,0.7501379643410624,0.8079231692677071
137,SG-01905,SYN-CAND-01905-04,RETURN_TO_SUPPLIER,0,0.7984961681985073,0.8146002317497103
137,SG-01909,SYN-CAND-01909-01,WHOLESALE,1,0.8255881500255249,0.7906432748538011
137,SG-01909,SYN-CAND-01909-02,INTERNAL_REPURPOSE,1,0.8604968185240096,0.8212157330154947
137,SG-01909,SYN-CAND-01909-03,RETURN_TO_SUPPLIER,1,0.8821437091842571,0.8146002317497103
137,SG-01909,SYN-CAND-01909-04,EXTERNAL_PARTNER,1,0.9044811741278617,0.798569725864124
137,SG-01914,SYN-CAND-01914-01,RETURN_TO_SUPPLIER,1,0.8507004380812735,0.8146002317497103
137,SG-01914,SYN-CAND-01914-02,BUNDLE,0,0.9090447751775167,0.8613396004700352
137,SG-01914,SYN-CAND-01914-03,INTERNAL_REPURPOSE,0,0.7812637019410555,0.8212157330154947
137,SG-01914,SYN-CAND-01914-04,PROMOTIONAL_BONUS,1,0.8996158308445694,0.8185096153846154
137,SG-01914,SYN-CAND-01914-05,DONATION,1,0.8701839058733742,0.6856106408706167
137,SG-01914,SYN-CAND-01914-06,LOCAL_DISCOUNT,1,0.6951751838032098,0.8673587081891581
137,SG-01923,SYN-CAND-01923-01,BUNDLE,1,0.8780329389255461,0.8613396004700352
137,SG-01923,SYN-CAND-01923-02,RETURN_TO_SUPPLIER,1,0.8457884944147326,0.8146002317497103
137,SG-01923,SYN-CAND-01923-03,BRANCH_TRANSFER,0,0.8841565585593646,0.8079231692677071
137,SG-01923,SYN-CAND-01923-04,LOCAL_DISCOUNT,0,0.9245145265406692,0.8673587081891581
137,SG-01923,SYN-CAND-01923-05,EXTERNAL_PARTNER,0,0.779507354995604,0.798569725864124
137,SG-01923,SYN-CAND-01923-06,INTERNAL_USE,1,0.7943225957748437,0.7379480840543882
137,SG-01923,SYN-CAND-01923-07,INTERNAL_REPURPOSE,0,0.5715669575224557,0.8212157330154947
137,SG-01923,SYN-CAND-01923-08,DONATION,1,0.7152193716498496,0.6856106408706167
137,SG-01932,SYN-CAND-01932-01,DONATION,1,0.7137690775289635,0.6856106408706167
137,SG-01932,SYN-CAND-01932-02,LOCAL_DISCOUNT,1,0.920022155484236,0.8673587081891581
137,SG-01932,SYN-CAND-01932-03,INTERNAL_REPURPOSE,1,0.7538465168198808,0.8212157330154947
137,SG-01932,SYN-CAND-01932-04,RETURN_TO_SUPPLIER,1,0.8612080287205524,0.8146002317497103
137,SG-01932,SYN-CAND-01932-05,BUNDLE,1,0.8641570546424554,0.8613396004700352
137,SG-01935,SYN-CAND-01935-01,EXTERNAL_PARTNER,1,0.7989523090057861,0.798569725864124
137,SG-01935,SYN-CAND-01935-02,LOCAL_DISCOUNT,0,0.8888929558992686,0.8673587081891581
137,SG-01939,SYN-CAND-01939-01,WHOLESALE,1,0.8215172805977181,0.7906432748538011
137,SG-01939,SYN-CAND-01939-02,BRANCH_TRANSFER,1,0.8425881445960598,0.8079231692677071
137,SG-01939,SYN-CAND-01939-03,LOCAL_DISCOUNT,0,0.8510545493318148,0.8673587081891581
137,SG-01939,SYN-CAND-01939-04,BUNDLE,1,0.8404258681159081,0.8613396004700352
137,SG-01939,SYN-CAND-01939-05,INTERNAL_REPURPOSE,1,0.9112025388808878,0.8212157330154947
137,SG-01939,SYN-CAND-01939-06,PROMOTIONAL_BONUS,1,0.8075888049439267,0.8185096153846154
137,SG-01939,SYN-CAND-01939-07,DONATION,1,0.8417933396626913,0.6856106408706167
137,SG-01944,SYN-CAND-01944-01,PROMOTIONAL_BONUS,1,0.8805489842870096,0.8185096153846154
137,SG-01944,SYN-CAND-01944-02,LOCAL_DISCOUNT,1,0.9193601725185353,0.8673587081891581
137,SG-01948,SYN-CAND-01948-01,LOCAL_DISCOUNT,1,0.8621360855848514,0.8673587081891581
137,SG-01948,SYN-CAND-01948-02,WHOLESALE,1,0.8121548367254324,0.7906432748538011
137,SG-01948,SYN-CAND-01948-03,DONATION,0,0.7263171318623486,0.6856106408706167
137,SG-01948,SYN-CAND-01948-04,RETURN_TO_SUPPLIER,1,0.7957340290517441,0.8146002317497103
137,SG-01948,SYN-CAND-01948-05,EXTERNAL_PARTNER,0,0.8033625640992136,0.798569725864124
137,SG-01948,SYN-CAND-01948-06,PROMOTIONAL_BONUS,1,0.8790100024944535,0.8185096153846154
137,SG-01974,SYN-CAND-01974-01,BRANCH_TRANSFER,1,0.7433004728813382,0.8079231692677071
137,SG-01974,SYN-CAND-01974-02,INTERNAL_REPURPOSE,1,0.8686586664593265,0.8212157330154947
137,SG-01974,SYN-CAND-01974-03,PROMOTIONAL_BONUS,1,0.8668696499456139,0.8185096153846154
137,SG-01974,SYN-CAND-01974-04,INTERNAL_USE,1,0.7133757549150355,0.7379480840543882
137,SG-01974,SYN-CAND-01974-05,LOCAL_DISCOUNT,1,0.8925021219674892,0.8673587081891581
137,SG-01981,SYN-CAND-01981-01,DONATION,1,0.6330876021977798,0.6856106408706167
137,SG-01981,SYN-CAND-01981-02,WHOLESALE,1,0.8042420625914292,0.7906432748538011
137,SG-01981,SYN-CAND-01981-03,BRANCH_TRANSFER,1,0.8582968678753563,0.8079231692677071
137,SG-01987,SYN-CAND-01987-01,EXTERNAL_PARTNER,0,0.7819626182988648,0.798569725864124
137,SG-01987,SYN-CAND-01987-02,RETURN_TO_SUPPLIER,1,0.8942255943113623,0.8146002317497103
137,SG-01987,SYN-CAND-01987-03,LOCAL_DISCOUNT,1,0.8162553833485012,0.8673587081891581
137,SG-01987,SYN-CAND-01987-04,INTERNAL_REPURPOSE,1,0.8819138622621516,0.8212157330154947
137,SG-01987,SYN-CAND-01987-05,BRANCH_TRANSFER,1,0.8845692141727929,0.8079231692677071
137,SG-01987,SYN-CAND-01987-06,BUNDLE,1,0.9314295691541434,0.8613396004700352
137,SG-01987,SYN-CAND-01987-07,PROMOTIONAL_BONUS,1,0.8585704153466983,0.8185096153846154
137,SG-01987,SYN-CAND-01987-08,DONATION,1,0.7337666217761877,0.6856106408706167
137,SG-01994,SYN-CAND-01994-01,LOCAL_DISCOUNT,1,0.6342689852516571,0.8673587081891581
137,SG-01994,SYN-CAND-01994-02,PROMOTIONAL_BONUS,1,0.7991550606572437,0.8185096153846154
137,SG-01994,SYN-CAND-01994-03,RETURN_TO_SUPPLIER,1,0.7620181913995716,0.8146002317497103
137,SG-02005,SYN-CAND-02005-01,INTERNAL_USE,1,0.7749590734235583,0.7379480840543882
137,SG-02005,SYN-CAND-02005-02,PROMOTIONAL_BONUS,1,0.8660637918473245,0.8185096153846154
137,SG-02005,SYN-CAND-02005-03,BRANCH_TRANSFER,1,0.8937633998075968,0.8079231692677071
137,SG-02007,SYN-CAND-02007-01,EXTERNAL_PARTNER,1,0.8976954672750663,0.798569725864124
137,SG-02007,SYN-CAND-02007-02,PROMOTIONAL_BONUS,1,0.8692664855932892,0.8185096153846154
137,SG-02008,SYN-CAND-02008-01,INTERNAL_REPURPOSE,1,0.6414473217436969,0.8212157330154947
137,SG-02008,SYN-CAND-02008-02,BUNDLE,0,0.840662366303644,0.8613396004700352
137,SG-02008,SYN-CAND-02008-03,DONATION,0,0.6141524233304557,0.6856106408706167
137,SG-02008,SYN-CAND-02008-04,PROMOTIONAL_BONUS,1,0.8126686562833729,0.8185096153846154
137,SG-02008,SYN-CAND-02008-05,INTERNAL_USE,1,0.7668937946950662,0.7379480840543882
137,SG-02008,SYN-CAND-02008-06,BRANCH_TRANSFER,1,0.7930632402803088,0.8079231692677071
137,SG-02009,SYN-CAND-02009-01,PROMOTIONAL_BONUS,1,0.7714771020757059,0.8185096153846154
137,SG-02009,SYN-CAND-02009-02,INTERNAL_USE,1,0.7802693721643196,0.7379480840543882
137,SG-02009,SYN-CAND-02009-03,LOCAL_DISCOUNT,0,0.7073781848276269,0.8673587081891581
137,SG-02009,SYN-CAND-02009-04,INTERNAL_REPURPOSE,0,0.8451692782855743,0.8212157330154947
137,SG-02009,SYN-CAND-02009-05,WHOLESALE,1,0.8569093527915372,0.7906432748538011
137,SG-02009,SYN-CAND-02009-06,BUNDLE,1,0.8908995458377885,0.8613396004700352
137,SG-02021,SYN-CAND-02021-01,LOCAL_DISCOUNT,1,0.9118596162486178,0.8673587081891581
137,SG-02021,SYN-CAND-02021-02,WHOLESALE,1,0.7579288422555065,0.7906432748538011
137,SG-02021,SYN-CAND-02021-03,DONATION,1,0.7703530838651359,0.6856106408706167
137,SG-02021,SYN-CAND-02021-04,EXTERNAL_PARTNER,1,0.903187757979291,0.798569725864124
137,SG-02021,SYN-CAND-02021-05,INTERNAL_REPURPOSE,0,0.860482561386282,0.8212157330154947
137,SG-02023,SYN-CAND-02023-01,DONATION,1,0.7935595923085124,0.6856106408706167
137,SG-02023,SYN-CAND-02023-02,LOCAL_DISCOUNT,1,0.849238459168145,0.8673587081891581
137,SG-02023,SYN-CAND-02023-03,PROMOTIONAL_BONUS,1,0.6901604408676073,0.8185096153846154
137,SG-02026,SYN-CAND-02026-01,DONATION,1,0.6820363512765207,0.6856106408706167
137,SG-02026,SYN-CAND-02026-02,BUNDLE,1,0.8668036424100609,0.8613396004700352
137,SG-02030,SYN-CAND-02030-01,BRANCH_TRANSFER,0,0.7822797401316472,0.8079231692677071
137,SG-02030,SYN-CAND-02030-02,EXTERNAL_PARTNER,1,0.8240869245306748,0.798569725864124
137,SG-02030,SYN-CAND-02030-03,INTERNAL_USE,1,0.8389836771103902,0.7379480840543882
137,SG-02030,SYN-CAND-02030-04,INTERNAL_REPURPOSE,1,0.8833459162540576,0.8212157330154947
137,SG-02030,SYN-CAND-02030-05,WHOLESALE,1,0.7698322339794139,0.7906432748538011
137,SG-02030,SYN-CAND-02030-06,BUNDLE,1,0.8328337404857807,0.8613396004700352
137,SG-02030,SYN-CAND-02030-07,DONATION,1,0.6017779675093956,0.6856106408706167
137,SG-02044,SYN-CAND-02044-01,INTERNAL_USE,1,0.7877521851556257,0.7379480840543882
137,SG-02044,SYN-CAND-02044-02,RETURN_TO_SUPPLIER,1,0.9053590195059077,0.8146002317497103
137,SG-02044,SYN-CAND-02044-03,PROMOTIONAL_BONUS,1,0.8507148300566962,0.8185096153846154
137,SG-02044,SYN-CAND-02044-04,WHOLESALE,1,0.8846945136699329,0.7906432748538011
137,SG-02044,SYN-CAND-02044-05,DONATION,0,0.6811699855256745,0.6856106408706167
137,SG-02047,SYN-CAND-02047-01,INTERNAL_REPURPOSE,1,0.8010181934844629,0.8212157330154947
137,SG-02047,SYN-CAND-02047-02,RETURN_TO_SUPPLIER,1,0.7238204155867949,0.8146002317497103
137,SG-02047,SYN-CAND-02047-03,BUNDLE,1,0.797982461053209,0.8613396004700352
137,SG-02047,SYN-CAND-02047-04,LOCAL_DISCOUNT,1,0.8961359250717793,0.8673587081891581
137,SG-02047,SYN-CAND-02047-05,INTERNAL_USE,1,0.7463582215918239,0.7379480840543882
137,SG-02052,SYN-CAND-02052-01,EXTERNAL_PARTNER,1,0.8536767085699505,0.798569725864124
137,SG-02052,SYN-CAND-02052-02,INTERNAL_REPURPOSE,1,0.880288661292058,0.8212157330154947
137,SG-02052,SYN-CAND-02052-03,DONATION,1,0.7974100858348584,0.6856106408706167
137,SG-02052,SYN-CAND-02052-04,INTERNAL_USE,1,0.7866283882170023,0.7379480840543882
137,SG-02052,SYN-CAND-02052-05,RETURN_TO_SUPPLIER,1,0.8244435344597714,0.8146002317497103
137,SG-02052,SYN-CAND-02052-06,BRANCH_TRANSFER,1,0.8035768763947992,0.8079231692677071
137,SG-02060,SYN-CAND-02060-01,PROMOTIONAL_BONUS,1,0.875242312580005,0.8185096153846154
137,SG-02060,SYN-CAND-02060-02,DONATION,1,0.7191785949331875,0.6856106408706167
137,SG-02060,SYN-CAND-02060-03,EXTERNAL_PARTNER,1,0.8379113210059018,0.798569725864124
137,SG-02060,SYN-CAND-02060-04,RETURN_TO_SUPPLIER,1,0.7473868926700828,0.8146002317497103
137,SG-02060,SYN-CAND-02060-05,BRANCH_TRANSFER,1,0.8092599985849135,0.8079231692677071
137,SG-02070,SYN-CAND-02070-01,EXTERNAL_PARTNER,0,0.6856539357201833,0.798569725864124
137,SG-02070,SYN-CAND-02070-02,BRANCH_TRANSFER,1,0.8747796552354816,0.8079231692677071
137,SG-02070,SYN-CAND-02070-03,WHOLESALE,1,0.8297743995193244,0.7906432748538011
137,SG-02070,SYN-CAND-02070-04,PROMOTIONAL_BONUS,1,0.8294179225890974,0.8185096153846154
137,SG-02073,SYN-CAND-02073-01,LOCAL_DISCOUNT,1,0.8922781480991216,0.8673587081891581
137,SG-02073,SYN-CAND-02073-02,EXTERNAL_PARTNER,1,0.8987789056436042,0.798569725864124
137,SG-02073,SYN-CAND-02073-03,PROMOTIONAL_BONUS,1,0.9001520624929154,0.8185096153846154
137,SG-02084,SYN-CAND-02084-01,RETURN_TO_SUPPLIER,1,0.6298359742852216,0.8146002317497103
137,SG-02084,SYN-CAND-02084-02,LOCAL_DISCOUNT,1,0.9293054490244845,0.8673587081891581
137,SG-02084,SYN-CAND-02084-03,INTERNAL_USE,1,0.8008660065918082,0.7379480840543882
137,SG-02084,SYN-CAND-02084-04,EXTERNAL_PARTNER,1,0.8789733922857789,0.798569725864124
137,SG-02084,SYN-CAND-02084-05,WHOLESALE,0,0.788980342154231,0.7906432748538011
137,SG-02084,SYN-CAND-02084-06,BUNDLE,1,0.9273349640759498,0.8613396004700352
137,SG-02084,SYN-CAND-02084-07,DONATION,0,0.7067647338847224,0.6856106408706167
137,SG-02084,SYN-CAND-02084-08,BRANCH_TRANSFER,1,0.9130838287445848,0.8079231692677071
137,SG-02093,SYN-CAND-02093-01,EXTERNAL_PARTNER,0,0.8207281131340648,0.798569725864124
137,SG-02093,SYN-CAND-02093-02,INTERNAL_USE,1,0.8438998778961475,0.7379480840543882
137,SG-02093,SYN-CAND-02093-03,LOCAL_DISCOUNT,1,0.88058406023231,0.8673587081891581
137,SG-02093,SYN-CAND-02093-04,RETURN_TO_SUPPLIER,1,0.7906341454232321,0.8146002317497103
137,SG-02093,SYN-CAND-02093-05,WHOLESALE,1,0.8477313136863037,0.7906432748538011
137,SG-02093,SYN-CAND-02093-06,DONATION,0,0.7539803935065323,0.6856106408706167
137,SG-02093,SYN-CAND-02093-07,PROMOTIONAL_BONUS,1,0.7812626630174033,0.8185096153846154
137,SG-02093,SYN-CAND-02093-08,BRANCH_TRANSFER,0,0.883202229948053,0.8079231692677071
137,SG-02119,SYN-CAND-02119-01,PROMOTIONAL_BONUS,0,0.8507230704649619,0.8185096153846154
137,SG-02119,SYN-CAND-02119-02,DONATION,1,0.6927209011543872,0.6856106408706167
137,SG-02119,SYN-CAND-02119-03,INTERNAL_USE,1,0.7984693560943269,0.7379480840543882
137,SG-02119,SYN-CAND-02119-04,LOCAL_DISCOUNT,1,0.8737364648441723,0.8673587081891581
137,SG-02131,SYN-CAND-02131-01,LOCAL_DISCOUNT,1,0.8913342527433263,0.8673587081891581
137,SG-02131,SYN-CAND-02131-02,WHOLESALE,1,0.825683676929711,0.7906432748538011
137,SG-02131,SYN-CAND-02131-03,RETURN_TO_SUPPLIER,1,0.9176329333007113,0.8146002317497103
137,SG-02131,SYN-CAND-02131-04,BUNDLE,1,0.9226526703656999,0.8613396004700352
137,SG-02131,SYN-CAND-02131-05,DONATION,0,0.8601457791507043,0.6856106408706167
137,SG-02131,SYN-CAND-02131-06,INTERNAL_USE,0,0.8037279432787231,0.7379480840543882
137,SG-02131,SYN-CAND-02131-07,BRANCH_TRANSFER,0,0.8981212354758177,0.8079231692677071
137,SG-02133,SYN-CAND-02133-01,EXTERNAL_PARTNER,0,0.8119667486634469,0.798569725864124
137,SG-02133,SYN-CAND-02133-02,DONATION,0,0.7291594983251793,0.6856106408706167
137,SG-02133,SYN-CAND-02133-03,BUNDLE,1,0.9253499827597472,0.8613396004700352
137,SG-02133,SYN-CAND-02133-04,LOCAL_DISCOUNT,1,0.8838371344201101,0.8673587081891581
137,SG-02133,SYN-CAND-02133-05,INTERNAL_REPURPOSE,1,0.9063509353198058,0.8212157330154947
137,SG-02133,SYN-CAND-02133-06,PROMOTIONAL_BONUS,1,0.8007031168733237,0.8185096153846154
137,SG-02141,SYN-CAND-02141-01,WHOLESALE,0,0.7167533749956888,0.7906432748538011
137,SG-02141,SYN-CAND-02141-02,INTERNAL_REPURPOSE,1,0.8979583193988487,0.8212157330154947
137,SG-02145,SYN-CAND-02145-01,LOCAL_DISCOUNT,1,0.9111560625864554,0.8673587081891581
137,SG-02145,SYN-CAND-02145-02,RETURN_TO_SUPPLIER,1,0.831548581679855,0.8146002317497103
137,SG-02145,SYN-CAND-02145-03,EXTERNAL_PARTNER,1,0.8489155851957325,0.798569725864124
137,SG-02145,SYN-CAND-02145-04,INTERNAL_REPURPOSE,0,0.8646849443817374,0.8212157330154947
137,SG-02145,SYN-CAND-02145-05,BRANCH_TRANSFER,0,0.684793343480325,0.8079231692677071
137,SG-02145,SYN-CAND-02145-06,INTERNAL_USE,1,0.7442550061875545,0.7379480840543882
137,SG-02145,SYN-CAND-02145-07,WHOLESALE,0,0.8292338328669859,0.7906432748538011
137,SG-02145,SYN-CAND-02145-08,BUNDLE,1,0.8519926786036572,0.8613396004700352
137,SG-02163,SYN-CAND-02163-01,BUNDLE,1,0.9067559781758404,0.8613396004700352
137,SG-02163,SYN-CAND-02163-02,RETURN_TO_SUPPLIER,1,0.8311347943453391,0.8146002317497103
137,SG-02163,SYN-CAND-02163-03,WHOLESALE,1,0.83703368098716,0.7906432748538011
137,SG-02163,SYN-CAND-02163-04,INTERNAL_REPURPOSE,1,0.8051770704327142,0.8212157330154947
137,SG-02174,SYN-CAND-02174-01,INTERNAL_USE,1,0.8827408014817776,0.7379480840543882
137,SG-02174,SYN-CAND-02174-02,INTERNAL_REPURPOSE,1,0.8690343325858629,0.8212157330154947
137,SG-02174,SYN-CAND-02174-03,LOCAL_DISCOUNT,0,0.8999184507473342,0.8673587081891581
137,SG-02174,SYN-CAND-02174-04,RETURN_TO_SUPPLIER,1,0.8269751332323885,0.8146002317497103
137,SG-02174,SYN-CAND-02174-05,DONATION,1,0.706233438174597,0.6856106408706167
137,SG-02174,SYN-CAND-02174-06,PROMOTIONAL_BONUS,1,0.7857259015937789,0.8185096153846154
137,SG-02174,SYN-CAND-02174-07,EXTERNAL_PARTNER,1,0.8620977453127222,0.798569725864124
137,SG-02174,SYN-CAND-02174-08,BRANCH_TRANSFER,1,0.8038229551307368,0.8079231692677071
137,SG-02175,SYN-CAND-02175-01,WHOLESALE,1,0.7213626111996555,0.7906432748538011
137,SG-02175,SYN-CAND-02175-02,BRANCH_TRANSFER,1,0.8430835583335957,0.8079231692677071
137,SG-02175,SYN-CAND-02175-03,DONATION,1,0.6596939722468892,0.6856106408706167
137,SG-02184,SYN-CAND-02184-01,INTERNAL_REPURPOSE,0,0.8594645810968392,0.8212157330154947
137,SG-02184,SYN-CAND-02184-02,BRANCH_TRANSFER,1,0.8366071888212911,0.8079231692677071
137,SG-02184,SYN-CAND-02184-03,DONATION,1,0.7619854516212053,0.6856106408706167
137,SG-02184,SYN-CAND-02184-04,INTERNAL_USE,1,0.8184882722462431,0.7379480840543882
137,SG-02187,SYN-CAND-02187-01,RETURN_TO_SUPPLIER,1,0.7926561089863151,0.8146002317497103
137,SG-02187,SYN-CAND-02187-02,PROMOTIONAL_BONUS,1,0.8647381402742766,0.8185096153846154
137,SG-02187,SYN-CAND-02187-03,BUNDLE,0,0.7853947904654509,0.8613396004700352
137,SG-02187,SYN-CAND-02187-04,EXTERNAL_PARTNER,1,0.8506787473912527,0.798569725864124
137,SG-02187,SYN-CAND-02187-05,LOCAL_DISCOUNT,1,0.8930505059933227,0.8673587081891581
137,SG-02187,SYN-CAND-02187-06,BRANCH_TRANSFER,1,0.8276879740678214,0.8079231692677071
137,SG-02187,SYN-CAND-02187-07,DONATION,1,0.8254859693675041,0.6856106408706167
137,SG-02187,SYN-CAND-02187-08,INTERNAL_REPURPOSE,0,0.7815661103978161,0.8212157330154947
137,SG-02189,SYN-CAND-02189-01,LOCAL_DISCOUNT,1,0.8962680529832995,0.8673587081891581
137,SG-02189,SYN-CAND-02189-02,DONATION,1,0.5394623753291308,0.6856106408706167
137,SG-02189,SYN-CAND-02189-03,PROMOTIONAL_BONUS,1,0.8833859918861782,0.8185096153846154
137,SG-02189,SYN-CAND-02189-04,BRANCH_TRANSFER,1,0.8131283456035102,0.8079231692677071
137,SG-02189,SYN-CAND-02189-05,INTERNAL_USE,1,0.7316835134211847,0.7379480840543882
137,SG-02189,SYN-CAND-02189-06,INTERNAL_REPURPOSE,0,0.8366657199294337,0.8212157330154947
137,SG-02189,SYN-CAND-02189-07,EXTERNAL_PARTNER,1,0.8081276805542899,0.798569725864124
137,SG-02193,SYN-CAND-02193-01,INTERNAL_REPURPOSE,1,0.8649434787760765,0.8212157330154947
137,SG-02193,SYN-CAND-02193-02,WHOLESALE,1,0.8311259775971989,0.7906432748538011
137,SG-02193,SYN-CAND-02193-03,LOCAL_DISCOUNT,1,0.8718489475742239,0.8673587081891581
137,SG-02193,SYN-CAND-02193-04,PROMOTIONAL_BONUS,0,0.898553383170835,0.8185096153846154
137,SG-02193,SYN-CAND-02193-05,EXTERNAL_PARTNER,1,0.8504359091402688,0.798569725864124
137,SG-02193,SYN-CAND-02193-06,RETURN_TO_SUPPLIER,1,0.858978365492436,0.8146002317497103
137,SG-02193,SYN-CAND-02193-07,DONATION,1,0.7696327214655766,0.6856106408706167
137,SG-02193,SYN-CAND-02193-08,INTERNAL_USE,1,0.8119393886689603,0.7379480840543882
137,SG-02194,SYN-CAND-02194-01,EXTERNAL_PARTNER,0,0.6011803750493098,0.798569725864124
137,SG-02194,SYN-CAND-02194-02,PROMOTIONAL_BONUS,1,0.7932965162310665,0.8185096153846154
137,SG-02194,SYN-CAND-02194-03,DONATION,1,0.6828870481894168,0.6856106408706167
137,SG-02194,SYN-CAND-02194-04,BUNDLE,0,0.8272344585388526,0.8613396004700352
137,SG-02194,SYN-CAND-02194-05,INTERNAL_USE,1,0.8313702581400431,0.7379480840543882
137,SG-02219,SYN-CAND-02219-01,INTERNAL_USE,1,0.8079644113998384,0.7379480840543882
137,SG-02219,SYN-CAND-02219-02,BRANCH_TRANSFER,1,0.7682498257459803,0.8079231692677071
137,SG-02219,SYN-CAND-02219-03,INTERNAL_REPURPOSE,1,0.6238663286951844,0.8212157330154947
137,SG-02219,SYN-CAND-02219-04,EXTERNAL_PARTNER,1,0.7787201550921418,0.798569725864124
137,SG-02219,SYN-CAND-02219-05,DONATION,1,0.8886500412940334,0.6856106408706167
137,SG-02219,SYN-CAND-02219-06,PROMOTIONAL_BONUS,1,0.9156797862966065,0.8185096153846154
137,SG-02232,SYN-CAND-02232-01,LOCAL_DISCOUNT,1,0.8880764315997197,0.8673587081891581
137,SG-02232,SYN-CAND-02232-02,WHOLESALE,0,0.7153722008995029,0.7906432748538011
137,SG-02239,SYN-CAND-02239-01,BUNDLE,1,0.8887050399616185,0.8613396004700352
137,SG-02239,SYN-CAND-02239-02,INTERNAL_USE,0,0.7416954363830306,0.7379480840543882
137,SG-02239,SYN-CAND-02239-03,LOCAL_DISCOUNT,1,0.8619416206752801,0.8673587081891581
137,SG-02239,SYN-CAND-02239-04,WHOLESALE,1,0.8699879228025538,0.7906432748538011
137,SG-02239,SYN-CAND-02239-05,EXTERNAL_PARTNER,1,0.8612774235273817,0.798569725864124
137,SG-02239,SYN-CAND-02239-06,INTERNAL_REPURPOSE,1,0.8903909295174298,0.8212157330154947
137,SG-02250,SYN-CAND-02250-01,BUNDLE,1,0.8726449876646647,0.8613396004700352
137,SG-02250,SYN-CAND-02250-02,EXTERNAL_PARTNER,1,0.8077396979665517,0.798569725864124
137,SG-02250,SYN-CAND-02250-03,LOCAL_DISCOUNT,1,0.841802806869201,0.8673587081891581
137,SG-02250,SYN-CAND-02250-04,BRANCH_TRANSFER,0,0.7977971119094281,0.8079231692677071
137,SG-02250,SYN-CAND-02250-05,INTERNAL_USE,1,0.5804818563759944,0.7379480840543882
137,SG-02250,SYN-CAND-02250-06,INTERNAL_REPURPOSE,1,0.822963463066148,0.8212157330154947
137,SG-02250,SYN-CAND-02250-07,DONATION,1,0.7241973289131202,0.6856106408706167
137,SG-02250,SYN-CAND-02250-08,WHOLESALE,0,0.8558736980648056,0.7906432748538011
137,SG-02259,SYN-CAND-02259-01,LOCAL_DISCOUNT,1,0.8551018005968033,0.8673587081891581
137,SG-02259,SYN-CAND-02259-02,DONATION,1,0.5976295332388603,0.6856106408706167
137,SG-02263,SYN-CAND-02263-01,INTERNAL_REPURPOSE,0,0.8191850050591994,0.8212157330154947
137,SG-02263,SYN-CAND-02263-02,PROMOTIONAL_BONUS,1,0.8280008326108141,0.8185096153846154
137,SG-02263,SYN-CAND-02263-03,BRANCH_TRANSFER,0,0.837043675448789,0.8079231692677071
137,SG-02263,SYN-CAND-02263-04,EXTERNAL_PARTNER,1,0.8039893800343981,0.798569725864124
137,SG-02273,SYN-CAND-02273-01,BRANCH_TRANSFER,0,0.8320934836270966,0.8079231692677071
137,SG-02273,SYN-CAND-02273-02,BUNDLE,1,0.8657233682072596,0.8613396004700352
137,SG-02273,SYN-CAND-02273-03,RETURN_TO_SUPPLIER,1,0.8647912474741751,0.8146002317497103
137,SG-02273,SYN-CAND-02273-04,WHOLESALE,1,0.7933946501025233,0.7906432748538011
137,SG-02282,SYN-CAND-02282-01,RETURN_TO_SUPPLIER,0,0.7710084074720799,0.8146002317497103
137,SG-02282,SYN-CAND-02282-02,EXTERNAL_PARTNER,1,0.7727100444890831,0.798569725864124
137,SG-02282,SYN-CAND-02282-03,BRANCH_TRANSFER,1,0.7592226521390213,0.8079231692677071
137,SG-02289,SYN-CAND-02289-01,PROMOTIONAL_BONUS,1,0.6259429496498324,0.8185096153846154
137,SG-02289,SYN-CAND-02289-02,INTERNAL_REPURPOSE,1,0.8762007772574449,0.8212157330154947
137,SG-02289,SYN-CAND-02289-03,BUNDLE,1,0.8337706086605492,0.8613396004700352
137,SG-02299,SYN-CAND-02299-01,WHOLESALE,1,0.5363341958450817,0.7906432748538011
137,SG-02299,SYN-CAND-02299-02,BUNDLE,0,0.8582097115011857,0.8613396004700352
137,SG-02299,SYN-CAND-02299-03,RETURN_TO_SUPPLIER,1,0.6454334274268848,0.8146002317497103
137,SG-02299,SYN-CAND-02299-04,INTERNAL_REPURPOSE,1,0.7253892555897253,0.8212157330154947
137,SG-02304,SYN-CAND-02304-01,BUNDLE,1,0.8441705173850422,0.8613396004700352
137,SG-02304,SYN-CAND-02304-02,INTERNAL_REPURPOSE,1,0.7880936786773509,0.8212157330154947
137,SG-02304,SYN-CAND-02304-03,BRANCH_TRANSFER,1,0.8360196207392491,0.8079231692677071
137,SG-02304,SYN-CAND-02304-04,EXTERNAL_PARTNER,0,0.7276408494717762,0.798569725864124
137,SG-02308,SYN-CAND-02308-01,PROMOTIONAL_BONUS,1,0.8330542583008308,0.8185096153846154
137,SG-02308,SYN-CAND-02308-02,EXTERNAL_PARTNER,1,0.7967573955894725,0.798569725864124
137,SG-02308,SYN-CAND-02308-03,WHOLESALE,1,0.8039192749431062,0.7906432748538011
137,SG-02308,SYN-CAND-02308-04,INTERNAL_USE,1,0.7573226061943537,0.7379480840543882
137,SG-02308,SYN-CAND-02308-05,RETURN_TO_SUPPLIER,0,0.8163835526601715,0.8146002317497103
137,SG-02308,SYN-CAND-02308-06,INTERNAL_REPURPOSE,1,0.8717306982580865,0.8212157330154947
137,SG-02308,SYN-CAND-02308-07,DONATION,1,0.6952111111174721,0.6856106408706167
137,SG-02308,SYN-CAND-02308-08,LOCAL_DISCOUNT,0,0.8605851670266317,0.8673587081891581
137,SG-02319,SYN-CAND-02319-01,WHOLESALE,1,0.8523086124475803,0.7906432748538011
137,SG-02319,SYN-CAND-02319-02,PROMOTIONAL_BONUS,1,0.7596991491259873,0.8185096153846154
137,SG-02319,SYN-CAND-02319-03,DONATION,0,0.7282912560610644,0.6856106408706167
137,SG-02319,SYN-CAND-02319-04,BRANCH_TRANSFER,0,0.7657377393256534,0.8079231692677071
137,SG-02319,SYN-CAND-02319-05,LOCAL_DISCOUNT,0,0.8767958390252216,0.8673587081891581
137,SG-02319,SYN-CAND-02319-06,INTERNAL_REPURPOSE,1,0.853635160888733,0.8212157330154947
137,SG-02319,SYN-CAND-02319-07,INTERNAL_USE,1,0.7674257507035039,0.7379480840543882
137,SG-02319,SYN-CAND-02319-08,BUNDLE,1,0.9061307754323684,0.8613396004700352
137,SG-02342,SYN-CAND-02342-01,BRANCH_TRANSFER,0,0.9029426120771936,0.8079231692677071
137,SG-02342,SYN-CAND-02342-02,INTERNAL_USE,1,0.8665374369084652,0.7379480840543882
137,SG-02351,SYN-CAND-02351-01,BRANCH_TRANSFER,0,0.8477996916096069,0.8079231692677071
137,SG-02351,SYN-CAND-02351-02,BUNDLE,1,0.8833126469709615,0.8613396004700352
137,SG-02351,SYN-CAND-02351-03,DONATION,1,0.8122434145437334,0.6856106408706167
137,SG-02351,SYN-CAND-02351-04,PROMOTIONAL_BONUS,1,0.877470886089814,0.8185096153846154
137,SG-02351,SYN-CAND-02351-05,LOCAL_DISCOUNT,1,0.9224071619365533,0.8673587081891581
137,SG-02352,SYN-CAND-02352-01,LOCAL_DISCOUNT,1,0.9117424589038547,0.8673587081891581
137,SG-02352,SYN-CAND-02352-02,INTERNAL_USE,1,0.6404060764409956,0.7379480840543882
137,SG-02352,SYN-CAND-02352-03,INTERNAL_REPURPOSE,1,0.8936173283108239,0.8212157330154947
137,SG-02352,SYN-CAND-02352-04,BUNDLE,1,0.7523399412178816,0.8613396004700352
137,SG-02352,SYN-CAND-02352-05,BRANCH_TRANSFER,1,0.8597912351590058,0.8079231692677071
137,SG-02355,SYN-CAND-02355-01,EXTERNAL_PARTNER,1,0.8423413810562232,0.798569725864124
137,SG-02355,SYN-CAND-02355-02,INTERNAL_USE,1,0.7534933914986573,0.7379480840543882
137,SG-02355,SYN-CAND-02355-03,PROMOTIONAL_BONUS,1,0.8818756893347706,0.8185096153846154
137,SG-02355,SYN-CAND-02355-04,WHOLESALE,1,0.7560670843768081,0.7906432748538011
137,SG-02355,SYN-CAND-02355-05,BRANCH_TRANSFER,1,0.7958069361921499,0.8079231692677071
137,SG-02355,SYN-CAND-02355-06,LOCAL_DISCOUNT,1,0.8432812705285064,0.8673587081891581
137,SG-02382,SYN-CAND-02382-01,INTERNAL_REPURPOSE,1,0.8454081132388048,0.8212157330154947
137,SG-02382,SYN-CAND-02382-02,PROMOTIONAL_BONUS,1,0.8166777337076172,0.8185096153846154
137,SG-02384,SYN-CAND-02384-01,WHOLESALE,1,0.911701770192103,0.7906432748538011
137,SG-02384,SYN-CAND-02384-02,LOCAL_DISCOUNT,1,0.9148587048961702,0.8673587081891581
137,SG-02384,SYN-CAND-02384-03,EXTERNAL_PARTNER,1,0.8689442617584714,0.798569725864124
137,SG-02384,SYN-CAND-02384-04,PROMOTIONAL_BONUS,1,0.8501153476499568,0.8185096153846154
137,SG-02384,SYN-CAND-02384-05,INTERNAL_USE,1,0.7993133857868598,0.7379480840543882
137,SG-02384,SYN-CAND-02384-06,INTERNAL_REPURPOSE,1,0.9389397349901316,0.8212157330154947
137,SG-02387,SYN-CAND-02387-01,RETURN_TO_SUPPLIER,1,0.8203362116293073,0.8146002317497103
137,SG-02387,SYN-CAND-02387-02,WHOLESALE,1,0.871580999213648,0.7906432748538011
137,SG-02387,SYN-CAND-02387-03,DONATION,0,0.7840442278868461,0.6856106408706167
137,SG-02387,SYN-CAND-02387-04,INTERNAL_USE,1,0.7559668167022003,0.7379480840543882
137,SG-02393,SYN-CAND-02393-01,EXTERNAL_PARTNER,1,0.84237593498297,0.798569725864124
137,SG-02393,SYN-CAND-02393-02,BUNDLE,1,0.8097803918522533,0.8613396004700352
137,SG-02393,SYN-CAND-02393-03,RETURN_TO_SUPPLIER,1,0.7856946223261776,0.8146002317497103
137,SG-02393,SYN-CAND-02393-04,WHOLESALE,1,0.7323968920825704,0.7906432748538011
137,SG-02393,SYN-CAND-02393-05,BRANCH_TRANSFER,1,0.8796018878147768,0.8079231692677071
137,SG-02393,SYN-CAND-02393-06,INTERNAL_USE,1,0.628369252623463,0.7379480840543882
137,SG-02396,SYN-CAND-02396-01,WHOLESALE,1,0.78412952876142,0.7906432748538011
137,SG-02396,SYN-CAND-02396-02,INTERNAL_REPURPOSE,1,0.8013141828300979,0.8212157330154947
137,SG-02396,SYN-CAND-02396-03,PROMOTIONAL_BONUS,1,0.8391114982379324,0.8185096153846154
137,SG-02396,SYN-CAND-02396-04,BUNDLE,1,0.8913300571299142,0.8613396004700352
137,SG-02396,SYN-CAND-02396-05,INTERNAL_USE,1,0.5762805659316748,0.7379480840543882
137,SG-02396,SYN-CAND-02396-06,DONATION,1,0.6492787139388079,0.6856106408706167
137,SG-02396,SYN-CAND-02396-07,LOCAL_DISCOUNT,1,0.863264598479627,0.8673587081891581
137,SG-02396,SYN-CAND-02396-08,RETURN_TO_SUPPLIER,1,0.6299459431503722,0.8146002317497103
2026,SG-00001,SYN-CAND-00001-01,INTERNAL_USE,1,0.8118365825038374,0.7357575757575757
2026,SG-00001,SYN-CAND-00001-02,DONATION,1,0.8049328450814721,0.6874251497005988
2026,SG-00007,SYN-CAND-00007-01,EXTERNAL_PARTNER,1,0.7806043921546165,0.7966903073286052
2026,SG-00007,SYN-CAND-00007-02,DONATION,1,0.8231723866643184,0.6874251497005988
2026,SG-00007,SYN-CAND-00007-03,BUNDLE,1,0.8446875885031225,0.8556701030927835
2026,SG-00007,SYN-CAND-00007-04,LOCAL_DISCOUNT,0,0.8789214516849498,0.8531468531468531
2026,SG-00007,SYN-CAND-00007-05,BRANCH_TRANSFER,0,0.7819073326927461,0.8136200716845878
2026,SG-00007,SYN-CAND-00007-06,WHOLESALE,0,0.8374442550008124,0.800942285041225
2026,SG-00007,SYN-CAND-00007-07,INTERNAL_USE,1,0.7662465717525837,0.7357575757575757
2026,SG-00012,SYN-CAND-00012-01,RETURN_TO_SUPPLIER,1,0.9006500626059226,0.8155111633372503
2026,SG-00012,SYN-CAND-00012-02,PROMOTIONAL_BONUS,1,0.7630471777522436,0.8256227758007118
2026,SG-00012,SYN-CAND-00012-03,EXTERNAL_PARTNER,1,0.9006448230207703,0.7966903073286052
2026,SG-00012,SYN-CAND-00012-04,INTERNAL_USE,1,0.7582594330005301,0.7357575757575757
2026,SG-00012,SYN-CAND-00012-05,LOCAL_DISCOUNT,1,0.9021483515734178,0.8531468531468531
2026,SG-00012,SYN-CAND-00012-06,WHOLESALE,1,0.8564003350108161,0.800942285041225
2026,SG-00021,SYN-CAND-00021-01,INTERNAL_USE,1,0.7339929087855137,0.7357575757575757
2026,SG-00021,SYN-CAND-00021-02,LOCAL_DISCOUNT,1,0.6476625254566964,0.8531468531468531
2026,SG-00026,SYN-CAND-00026-01,BUNDLE,1,0.9011823716504561,0.8556701030927835
2026,SG-00026,SYN-CAND-00026-02,RETURN_TO_SUPPLIER,1,0.8252698118034393,0.8155111633372503
2026,SG-00031,SYN-CAND-00031-01,RETURN_TO_SUPPLIER,1,0.8754622286680912,0.8155111633372503
2026,SG-00031,SYN-CAND-00031-02,PROMOTIONAL_BONUS,0,0.8286660796421851,0.8256227758007118
2026,SG-00031,SYN-CAND-00031-03,DONATION,0,0.6937583292780626,0.6874251497005988
2026,SG-00031,SYN-CAND-00031-04,LOCAL_DISCOUNT,1,0.7925575994500262,0.8531468531468531
2026,SG-00031,SYN-CAND-00031-05,INTERNAL_USE,1,0.7748353706223591,0.7357575757575757
2026,SG-00046,SYN-CAND-00046-01,WHOLESALE,1,0.8664251246707787,0.800942285041225
2026,SG-00046,SYN-CAND-00046-02,DONATION,1,0.7351057111856402,0.6874251497005988
2026,SG-00046,SYN-CAND-00046-03,INTERNAL_REPURPOSE,1,0.8519186275325905,0.8252080856123662
2026,SG-00046,SYN-CAND-00046-04,EXTERNAL_PARTNER,0,0.7828640087748373,0.7966903073286052
2026,SG-00046,SYN-CAND-00046-05,INTERNAL_USE,1,0.7465843414567711,0.7357575757575757
2026,SG-00046,SYN-CAND-00046-06,RETURN_TO_SUPPLIER,1,0.8392061627028149,0.8155111633372503
2026,SG-00058,SYN-CAND-00058-01,EXTERNAL_PARTNER,1,0.8770667422726964,0.7966903073286052
2026,SG-00058,SYN-CAND-00058-02,PROMOTIONAL_BONUS,0,0.8421664077249345,0.8256227758007118
2026,SG-00058,SYN-CAND-00058-03,RETURN_TO_SUPPLIER,1,0.7904737194528654,0.8155111633372503
2026,SG-00058,SYN-CAND-00058-04,BRANCH_TRANSFER,1,0.853848945086524,0.8136200716845878
2026,SG-00058,SYN-CAND-00058-05,LOCAL_DISCOUNT,1,0.7870214831692868,0.8531468531468531
2026,SG-00060,SYN-CAND-00060-01,WHOLESALE,1,0.8776266365506029,0.800942285041225
2026,SG-00060,SYN-CAND-00060-02,EXTERNAL_PARTNER,1,0.852154318919382,0.7966903073286052
2026,SG-00060,SYN-CAND-00060-03,PROMOTIONAL_BONUS,0,0.9120872454165153,0.8256227758007118
2026,SG-00060,SYN-CAND-00060-04,INTERNAL_REPURPOSE,1,0.8419757637069647,0.8252080856123662
2026,SG-00061,SYN-CAND-00061-01,RETURN_TO_SUPPLIER,1,0.7169798786326227,0.8155111633372503
2026,SG-00061,SYN-CAND-00061-02,DONATION,1,0.7724754813000322,0.6874251497005988
2026,SG-00061,SYN-CAND-00061-03,LOCAL_DISCOUNT,1,0.8708977418247899,0.8531468531468531
2026,SG-00079,SYN-CAND-00079-01,LOCAL_DISCOUNT,1,0.8698140553486917,0.8531468531468531
2026,SG-00079,SYN-CAND-00079-02,DONATION,1,0.7188177589055085,0.6874251497005988
2026,SG-00080,SYN-CAND-00080-01,BRANCH_TRANSFER,1,0.8329499265563572,0.8136200716845878
2026,SG-00080,SYN-CAND-00080-02,EXTERNAL_PARTNER,1,0.8442883111986278,0.7966903073286052
2026,SG-00080,SYN-CAND-00080-03,LOCAL_DISCOUNT,1,0.8251303466370378,0.8531468531468531
2026,SG-00080,SYN-CAND-00080-04,PROMOTIONAL_BONUS,1,0.8950736261053777,0.8256227758007118
2026,SG-00081,SYN-CAND-00081-01,WHOLESALE,1,0.846429392000544,0.800942285041225
2026,SG-00081,SYN-CAND-00081-02,LOCAL_DISCOUNT,1,0.8447908845313395,0.8531468531468531
2026,SG-00081,SYN-CAND-00081-03,BRANCH_TRANSFER,0,0.8617206329173562,0.8136200716845878
2026,SG-00081,SYN-CAND-00081-04,DONATION,0,0.780488019778923,0.6874251497005988
2026,SG-00108,SYN-CAND-00108-01,LOCAL_DISCOUNT,1,0.9028779449468208,0.8531468531468531
2026,SG-00108,SYN-CAND-00108-02,DONATION,1,0.7348905457892535,0.6874251497005988
2026,SG-00108,SYN-CAND-00108-03,WHOLESALE,1,0.794739715369907,0.800942285041225
2026,SG-00108,SYN-CAND-00108-04,INTERNAL_USE,1,0.7376949213668249,0.7357575757575757
2026,SG-00108,SYN-CAND-00108-05,INTERNAL_REPURPOSE,1,0.9180191461506503,0.8252080856123662
2026,SG-00109,SYN-CAND-00109-01,LOCAL_DISCOUNT,0,0.852334280803289,0.8531468531468531
2026,SG-00109,SYN-CAND-00109-02,INTERNAL_USE,1,0.6785694326271913,0.7357575757575757
2026,SG-00109,SYN-CAND-00109-03,EXTERNAL_PARTNER,1,0.8950603636921924,0.7966903073286052
2026,SG-00115,SYN-CAND-00115-01,INTERNAL_REPURPOSE,1,0.8406196585341354,0.8252080856123662
2026,SG-00115,SYN-CAND-00115-02,LOCAL_DISCOUNT,1,0.7735538085975422,0.8531468531468531
2026,SG-00115,SYN-CAND-00115-03,BUNDLE,1,0.8888176364468204,0.8556701030927835
2026,SG-00115,SYN-CAND-00115-04,RETURN_TO_SUPPLIER,1,0.6661211997242884,0.8155111633372503
2026,SG-00115,SYN-CAND-00115-05,WHOLESALE,0,0.5897796608848614,0.800942285041225
2026,SG-00115,SYN-CAND-00115-06,INTERNAL_USE,1,0.7495681660105606,0.7357575757575757
2026,SG-00115,SYN-CAND-00115-07,DONATION,0,0.8094312043201177,0.6874251497005988
2026,SG-00115,SYN-CAND-00115-08,EXTERNAL_PARTNER,0,0.8499616528440365,0.7966903073286052
2026,SG-00117,SYN-CAND-00117-01,DONATION,1,0.7214809405159581,0.6874251497005988
2026,SG-00117,SYN-CAND-00117-02,INTERNAL_REPURPOSE,1,0.8167114052871273,0.8252080856123662
2026,SG-00117,SYN-CAND-00117-03,EXTERNAL_PARTNER,1,0.8732539562754941,0.7966903073286052
2026,SG-00117,SYN-CAND-00117-04,RETURN_TO_SUPPLIER,1,0.8264878561216841,0.8155111633372503
2026,SG-00117,SYN-CAND-00117-05,BUNDLE,1,0.901729704853158,0.8556701030927835
2026,SG-00117,SYN-CAND-00117-06,PROMOTIONAL_BONUS,1,0.7067097561939647,0.8256227758007118
2026,SG-00117,SYN-CAND-00117-07,WHOLESALE,0,0.7781444060611914,0.800942285041225
2026,SG-00123,SYN-CAND-00123-01,INTERNAL_REPURPOSE,1,0.8615571983413074,0.8252080856123662
2026,SG-00123,SYN-CAND-00123-02,PROMOTIONAL_BONUS,1,0.7386003936197423,0.8256227758007118
2026,SG-00123,SYN-CAND-00123-03,BRANCH_TRANSFER,0,0.8222411494253186,0.8136200716845878
2026,SG-00123,SYN-CAND-00123-04,EXTERNAL_PARTNER,0,0.6170435221643858,0.7966903073286052
2026,SG-00123,SYN-CAND-00123-05,LOCAL_DISCOUNT,1,0.6825115550620422,0.8531468531468531
2026,SG-00123,SYN-CAND-00123-06,RETURN_TO_SUPPLIER,1,0.7827462027983534,0.8155111633372503
2026,SG-00123,SYN-CAND-00123-07,INTERNAL_USE,1,0.6850366953112822,0.7357575757575757
2026,SG-00151,SYN-CAND-00151-01,BUNDLE,1,0.9020700218895801,0.8556701030927835
2026,SG-00151,SYN-CAND-00151-02,INTERNAL_REPURPOSE,1,0.855926342749764,0.8252080856123662
2026,SG-00151,SYN-CAND-00151-03,DONATION,1,0.7061390379625286,0.6874251497005988
2026,SG-00151,SYN-CAND-00151-04,EXTERNAL_PARTNER,1,0.8230935475133874,0.7966903073286052
2026,SG-00151,SYN-CAND-00151-05,RETURN_TO_SUPPLIER,1,0.8882348415059113,0.8155111633372503
2026,SG-00151,SYN-CAND-00151-06,WHOLESALE,1,0.7762885034246333,0.800942285041225
2026,SG-00151,SYN-CAND-00151-07,BRANCH_TRANSFER,1,0.88379624103138,0.8136200716845878
2026,SG-00165,SYN-CAND-00165-01,LOCAL_DISCOUNT,1,0.8609724261666888,0.8531468531468531
2026,SG-00165,SYN-CAND-00165-02,BUNDLE,1,0.6808783403777459,0.8556701030927835
2026,SG-00165,SYN-CAND-00165-03,INTERNAL_USE,0,0.6727204473510564,0.7357575757575757
2026,SG-00174,SYN-CAND-00174-01,INTERNAL_USE,1,0.8385708997735091,0.7357575757575757
2026,SG-00174,SYN-CAND-00174-02,BRANCH_TRANSFER,0,0.7350030496468133,0.8136200716845878
2026,SG-00174,SYN-CAND-00174-03,INTERNAL_REPURPOSE,1,0.8989833901475183,0.8252080856123662
2026,SG-00174,SYN-CAND-00174-04,RETURN_TO_SUPPLIER,1,0.8949846296648002,0.8155111633372503
2026,SG-00174,SYN-CAND-00174-05,WHOLESALE,1,0.86021709617172,0.800942285041225
2026,SG-00174,SYN-CAND-00174-06,LOCAL_DISCOUNT,1,0.9271704886979907,0.8531468531468531
2026,SG-00174,SYN-CAND-00174-07,BUNDLE,0,0.9128655009163535,0.8556701030927835
2026,SG-00174,SYN-CAND-00174-08,PROMOTIONAL_BONUS,1,0.8849836213140094,0.8256227758007118
2026,SG-00180,SYN-CAND-00180-01,INTERNAL_USE,1,0.7831344817573251,0.7357575757575757
2026,SG-00180,SYN-CAND-00180-02,INTERNAL_REPURPOSE,1,0.826689740177625,0.8252080856123662
2026,SG-00180,SYN-CAND-00180-03,WHOLESALE,1,0.876792680667476,0.800942285041225
2026,SG-00180,SYN-CAND-00180-04,BRANCH_TRANSFER,0,0.7934776620894058,0.8136200716845878
2026,SG-00180,SYN-CAND-00180-05,RETURN_TO_SUPPLIER,1,0.8195271030042799,0.8155111633372503
2026,SG-00186,SYN-CAND-00186-01,PROMOTIONAL_BONUS,0,0.7919907341554624,0.8256227758007118
2026,SG-00186,SYN-CAND-00186-02,BUNDLE,1,0.8944175286742474,0.8556701030927835
2026,SG-00186,SYN-CAND-00186-03,BRANCH_TRANSFER,1,0.8714276825018004,0.8136200716845878
2026,SG-00186,SYN-CAND-00186-04,DONATION,1,0.7851210489557221,0.6874251497005988
2026,SG-00186,SYN-CAND-00186-05,RETURN_TO_SUPPLIER,0,0.8384938284509593,0.8155111633372503
2026,SG-00186,SYN-CAND-00186-06,WHOLESALE,1,0.8146585334874754,0.800942285041225
2026,SG-00186,SYN-CAND-00186-07,LOCAL_DISCOUNT,1,0.7739277215425628,0.8531468531468531
2026,SG-00186,SYN-CAND-00186-08,INTERNAL_USE,1,0.7723131313042139,0.7357575757575757
2026,SG-00190,SYN-CAND-00190-01,INTERNAL_REPURPOSE,1,0.8501214393508991,0.8252080856123662
2026,SG-00190,SYN-CAND-00190-02,WHOLESALE,1,0.8415859879881368,0.800942285041225
2026,SG-00196,SYN-CAND-00196-01,BUNDLE,1,0.863032800643185,0.8556701030927835
2026,SG-00196,SYN-CAND-00196-02,LOCAL_DISCOUNT,1,0.8665373694125276,0.8531468531468531
2026,SG-00196,SYN-CAND-00196-03,WHOLESALE,0,0.7805177503611229,0.800942285041225
2026,SG-00196,SYN-CAND-00196-04,INTERNAL_REPURPOSE,1,0.8804679865946069,0.8252080856123662
2026,SG-00196,SYN-CAND-00196-05,RETURN_TO_SUPPLIER,1,0.707134500822417,0.8155111633372503
2026,SG-00196,SYN-CAND-00196-06,BRANCH_TRANSFER,0,0.6745539256097903,0.8136200716845878
2026,SG-00198,SYN-CAND-00198-01,DONATION,1,0.7993851361468353,0.6874251497005988
2026,SG-00198,SYN-CAND-00198-02,LOCAL_DISCOUNT,1,0.8770482549676559,0.8531468531468531
2026,SG-00198,SYN-CAND-00198-03,INTERNAL_USE,1,0.7580639639568727,0.7357575757575757
2026,SG-00198,SYN-CAND-00198-04,BRANCH_TRANSFER,1,0.8532221801163034,0.8136200716845878
2026,SG-00198,SYN-CAND-00198-05,INTERNAL_REPURPOSE,1,0.8946533317400124,0.8252080856123662
2026,SG-00198,SYN-CAND-00198-06,PROMOTIONAL_BONUS,0,0.909273212094713,0.8256227758007118
2026,SG-00198,SYN-CAND-00198-07,RETURN_TO_SUPPLIER,0,0.853333930054852,0.8155111633372503
2026,SG-00209,SYN-CAND-00209-01,WHOLESALE,1,0.8256392648632495,0.800942285041225
2026,SG-00209,SYN-CAND-00209-02,INTERNAL_REPURPOSE,1,0.9132846704363786,0.8252080856123662
2026,SG-00209,SYN-CAND-00209-03,INTERNAL_USE,1,0.6535981532789631,0.7357575757575757
2026,SG-00209,SYN-CAND-00209-04,LOCAL_DISCOUNT,0,0.8136706540160723,0.8531468531468531
2026,SG-00209,SYN-CAND-00209-05,EXTERNAL_PARTNER,1,0.8822359169033787,0.7966903073286052
2026,SG-00209,SYN-CAND-00209-06,DONATION,0,0.7925258936539753,0.6874251497005988
2026,SG-00209,SYN-CAND-00209-07,RETURN_TO_SUPPLIER,1,0.8504437318494339,0.8155111633372503
2026,SG-00211,SYN-CAND-00211-01,EXTERNAL_PARTNER,0,0.8464698584802429,0.7966903073286052
2026,SG-00211,SYN-CAND-00211-02,INTERNAL_REPURPOSE,1,0.8759561163917227,0.8252080856123662
2026,SG-00211,SYN-CAND-00211-03,INTERNAL_USE,1,0.7749106525641721,0.7357575757575757
2026,SG-00211,SYN-CAND-00211-04,LOCAL_DISCOUNT,1,0.8225922015808881,0.8531468531468531
2026,SG-00211,SYN-CAND-00211-05,PROMOTIONAL_BONUS,1,0.9283503343652854,0.8256227758007118
2026,SG-00211,SYN-CAND-00211-06,BRANCH_TRANSFER,1,0.7937061980437286,0.8136200716845878
2026,SG-00214,SYN-CAND-00214-01,LOCAL_DISCOUNT,1,0.7732279365994988,0.8531468531468531
2026,SG-00214,SYN-CAND-00214-02,EXTERNAL_PARTNER,1,0.8402702772777674,0.7966903073286052
2026,SG-00214,SYN-CAND-00214-03,RETURN_TO_SUPPLIER,1,0.8930770773101449,0.8155111633372503
2026,SG-00223,SYN-CAND-00223-01,EXTERNAL_PARTNER,1,0.894253680362243,0.7966903073286052
2026,SG-00223,SYN-CAND-00223-02,WHOLESALE,1,0.8050868765632302,0.800942285041225
2026,SG-00226,SYN-CAND-00226-01,INTERNAL_REPURPOSE,1,0.8209370655650767,0.8252080856123662
2026,SG-00226,SYN-CAND-00226-02,WHOLESALE,1,0.774188275976922,0.800942285041225
2026,SG-00226,SYN-CAND-00226-03,LOCAL_DISCOUNT,0,0.9026724561493905,0.8531468531468531
2026,SG-00226,SYN-CAND-00226-04,DONATION,0,0.8058141084177637,0.6874251497005988
2026,SG-00227,SYN-CAND-00227-01,LOCAL_DISCOUNT,1,0.7563941760098588,0.8531468531468531
2026,SG-00227,SYN-CAND-00227-02,DONATION,1,0.6740107733122409,0.6874251497005988
2026,SG-00237,SYN-CAND-00237-01,PROMOTIONAL_BONUS,0,0.8785383852791909,0.8256227758007118
2026,SG-00237,SYN-CAND-00237-02,BUNDLE,1,0.8815398362912945,0.8556701030927835
2026,SG-00237,SYN-CAND-00237-03,BRANCH_TRANSFER,0,0.7304466027890079,0.8136200716845878
2026,SG-00237,SYN-CAND-00237-04,LOCAL_DISCOUNT,1,0.8956306058266891,0.8531468531468531
2026,SG-00237,SYN-CAND-00237-05,INTERNAL_USE,1,0.7476835323850068,0.7357575757575757
2026,SG-00244,SYN-CAND-00244-01,BRANCH_TRANSFER,1,0.8798271367496939,0.8136200716845878
2026,SG-00244,SYN-CAND-00244-02,RETURN_TO_SUPPLIER,1,0.8972369391537542,0.8155111633372503
2026,SG-00244,SYN-CAND-00244-03,DONATION,1,0.718526125470522,0.6874251497005988
2026,SG-00244,SYN-CAND-00244-04,PROMOTIONAL_BONUS,1,0.919984480078131,0.8256227758007118
2026,SG-00244,SYN-CAND-00244-05,INTERNAL_REPURPOSE,0,0.7164651485351422,0.8252080856123662
2026,SG-00255,SYN-CAND-00255-01,EXTERNAL_PARTNER,1,0.7652078829019797,0.7966903073286052
2026,SG-00255,SYN-CAND-00255-02,LOCAL_DISCOUNT,1,0.8522573374467762,0.8531468531468531
2026,SG-00255,SYN-CAND-00255-03,BRANCH_TRANSFER,1,0.843279657734794,0.8136200716845878
2026,SG-00255,SYN-CAND-00255-04,WHOLESALE,1,0.8526731551201645,0.800942285041225
2026,SG-00255,SYN-CAND-00255-05,PROMOTIONAL_BONUS,1,0.8411611689996451,0.8256227758007118
2026,SG-00255,SYN-CAND-00255-06,RETURN_TO_SUPPLIER,1,0.876806217143425,0.8155111633372503
2026,SG-00255,SYN-CAND-00255-07,BUNDLE,1,0.9143686483200263,0.8556701030927835
2026,SG-00255,SYN-CAND-00255-08,INTERNAL_USE,0,0.7128666148127083,0.7357575757575757
2026,SG-00269,SYN-CAND-00269-01,BUNDLE,1,0.8208386935034508,0.8556701030927835
2026,SG-00269,SYN-CAND-00269-02,LOCAL_DISCOUNT,1,0.9083974030079158,0.8531468531468531
2026,SG-00275,SYN-CAND-00275-01,WHOLESALE,1,0.8137589051705614,0.800942285041225
2026,SG-00275,SYN-CAND-00275-02,RETURN_TO_SUPPLIER,1,0.8458763192608031,0.8155111633372503
2026,SG-00275,SYN-CAND-00275-03,BRANCH_TRANSFER,1,0.723323520664022,0.8136200716845878
2026,SG-00275,SYN-CAND-00275-04,EXTERNAL_PARTNER,0,0.7500295945260158,0.7966903073286052
2026,SG-00275,SYN-CAND-00275-05,INTERNAL_USE,0,0.7757566613135022,0.7357575757575757
2026,SG-00275,SYN-CAND-00275-06,BUNDLE,1,0.8613536945498259,0.8556701030927835
2026,SG-00275,SYN-CAND-00275-07,INTERNAL_REPURPOSE,1,0.7518144153518,0.8252080856123662
2026,SG-00282,SYN-CAND-00282-01,LOCAL_DISCOUNT,1,0.853542484225195,0.8531468531468531
2026,SG-00282,SYN-CAND-00282-02,INTERNAL_REPURPOSE,0,0.8304469297296085,0.8252080856123662
2026,SG-00283,SYN-CAND-00283-01,INTERNAL_REPURPOSE,1,0.8266889095230935,0.8252080856123662
2026,SG-00283,SYN-CAND-00283-02,BUNDLE,1,0.8501810592935808,0.8556701030927835
2026,SG-00284,SYN-CAND-00284-01,LOCAL_DISCOUNT,1,0.8883768386994036,0.8531468531468531
2026,SG-00284,SYN-CAND-00284-02,RETURN_TO_SUPPLIER,1,0.596117003046568,0.8155111633372503
2026,SG-00284,SYN-CAND-00284-03,BUNDLE,1,0.7671083854337318,0.8556701030927835
2026,SG-00284,SYN-CAND-00284-04,WHOLESALE,0,0.8976899297018238,0.800942285041225
2026,SG-00284,SYN-CAND-00284-05,INTERNAL_REPURPOSE,1,0.900981993849632,0.8252080856123662
2026,SG-00284,SYN-CAND-00284-06,PROMOTIONAL_BONUS,1,0.9027847769324401,0.8256227758007118
2026,SG-00305,SYN-CAND-00305-01,WHOLESALE,0,0.6524498214069719,0.800942285041225
2026,SG-00305,SYN-CAND-00305-02,INTERNAL_REPURPOSE,1,0.8190460940144768,0.8252080856123662
2026,SG-00305,SYN-CAND-00305-03,DONATION,1,0.66676178170835,0.6874251497005988
2026,SG-00305,SYN-CAND-00305-04,INTERNAL_USE,1,0.7405582254003646,0.7357575757575757
2026,SG-00305,SYN-CAND-00305-05,BRANCH_TRANSFER,1,0.8654972772698794,0.8136200716845878
2026,SG-00309,SYN-CAND-00309-01,EXTERNAL_PARTNER,1,0.8310546753204323,0.7966903073286052
2026,SG-00309,SYN-CAND-00309-02,DONATION,1,0.743965757674735,0.6874251497005988
2026,SG-00309,SYN-CAND-00309-03,BUNDLE,1,0.742742770668845,0.8556701030927835
2026,SG-00318,SYN-CAND-00318-01,DONATION,1,0.7809328177381405,0.6874251497005988
2026,SG-00318,SYN-CAND-00318-02,BUNDLE,0,0.8403689500967841,0.8556701030927835
2026,SG-00318,SYN-CAND-00318-03,WHOLESALE,1,0.8687095983386353,0.800942285041225
2026,SG-00318,SYN-CAND-00318-04,INTERNAL_USE,1,0.6672260992234766,0.7357575757575757
2026,SG-00318,SYN-CAND-00318-05,PROMOTIONAL_BONUS,1,0.8825978133303957,0.8256227758007118
2026,SG-00318,SYN-CAND-00318-06,EXTERNAL_PARTNER,1,0.8980265672816078,0.7966903073286052
2026,SG-00318,SYN-CAND-00318-07,INTERNAL_REPURPOSE,1,0.8471034842758388,0.8252080856123662
2026,SG-00319,SYN-CAND-00319-01,BUNDLE,1,0.7149522508307943,0.8556701030927835
2026,SG-00319,SYN-CAND-00319-02,INTERNAL_REPURPOSE,0,0.8977702291672788,0.8252080856123662
2026,SG-00319,SYN-CAND-00319-03,INTERNAL_USE,1,0.7223657633635465,0.7357575757575757
2026,SG-00319,SYN-CAND-00319-04,PROMOTIONAL_BONUS,1,0.897231203674988,0.8256227758007118
2026,SG-00319,SYN-CAND-00319-05,RETURN_TO_SUPPLIER,1,0.8152297931324537,0.8155111633372503
2026,SG-00319,SYN-CAND-00319-06,EXTERNAL_PARTNER,1,0.845916027711213,0.7966903073286052
2026,SG-00327,SYN-CAND-00327-01,INTERNAL_REPURPOSE,1,0.6950300516832137,0.8252080856123662
2026,SG-00327,SYN-CAND-00327-02,LOCAL_DISCOUNT,1,0.8878589537967563,0.8531468531468531
2026,SG-00327,SYN-CAND-00327-03,RETURN_TO_SUPPLIER,1,0.8610213914857183,0.8155111633372503
2026,SG-00327,SYN-CAND-00327-04,BUNDLE,1,0.8738885636835916,0.8556701030927835
2026,SG-00327,SYN-CAND-00327-05,PROMOTIONAL_BONUS,0,0.8285065463856393,0.8256227758007118
2026,SG-00327,SYN-CAND-00327-06,WHOLESALE,0,0.7776547969080544,0.800942285041225
2026,SG-00327,SYN-CAND-00327-07,EXTERNAL_PARTNER,1,0.8558680106313055,0.7966903073286052
2026,SG-00327,SYN-CAND-00327-08,DONATION,1,0.5641808686226834,0.6874251497005988
2026,SG-00333,SYN-CAND-00333-01,RETURN_TO_SUPPLIER,1,0.7508953914353428,0.8155111633372503
2026,SG-00333,SYN-CAND-00333-02,BUNDLE,1,0.7051543334879745,0.8556701030927835
2026,SG-00333,SYN-CAND-00333-03,INTERNAL_REPURPOSE,0,0.7348050856041684,0.8252080856123662
2026,SG-00333,SYN-CAND-00333-04,EXTERNAL_PARTNER,1,0.8286381864544586,0.7966903073286052
2026,SG-00333,SYN-CAND-00333-05,WHOLESALE,1,0.7148988238489296,0.800942285041225
2026,SG-00333,SYN-CAND-00333-06,INTERNAL_USE,1,0.7514108977352358,0.7357575757575757
2026,SG-00333,SYN-CAND-00333-07,DONATION,1,0.8277233095431785,0.6874251497005988
2026,SG-00337,SYN-CAND-00337-01,BRANCH_TRANSFER,1,0.8431133678854186,0.8136200716845878
2026,SG-00337,SYN-CAND-00337-02,PROMOTIONAL_BONUS,1,0.8732754094446573,0.8256227758007118
2026,SG-00337,SYN-CAND-00337-03,BUNDLE,1,0.7452647583145094,0.8556701030927835
2026,SG-00337,SYN-CAND-00337-04,INTERNAL_REPURPOSE,1,0.9205229357751444,0.8252080856123662
2026,SG-00337,SYN-CAND-00337-05,DONATION,0,0.8475413386736602,0.6874251497005988
2026,SG-00347,SYN-CAND-00347-01,INTERNAL_REPURPOSE,1,0.887254471372161,0.8252080856123662
2026,SG-00347,SYN-CAND-00347-02,RETURN_TO_SUPPLIER,1,0.6558522537626561,0.8155111633372503
2026,SG-00347,SYN-CAND-00347-03,BUNDLE,1,0.902603097815093,0.8556701030927835
2026,SG-00347,SYN-CAND-00347-04,EXTERNAL_PARTNER,1,0.8582289206415301,0.7966903073286052
2026,SG-00347,SYN-CAND-00347-05,LOCAL_DISCOUNT,1,0.9092610530707057,0.8531468531468531
2026,SG-00353,SYN-CAND-00353-01,INTERNAL_USE,0,0.6576573371703964,0.7357575757575757
2026,SG-00353,SYN-CAND-00353-02,DONATION,1,0.7448815739961613,0.6874251497005988
2026,SG-00353,SYN-CAND-00353-03,INTERNAL_REPURPOSE,1,0.6762995415045298,0.8252080856123662
2026,SG-00353,SYN-CAND-00353-04,LOCAL_DISCOUNT,1,0.74123756644228,0.8531468531468531
2026,SG-00353,SYN-CAND-00353-05,BRANCH_TRANSFER,1,0.6451206191441062,0.8136200716845878
2026,SG-00353,SYN-CAND-00353-06,WHOLESALE,1,0.7134364315615211,0.800942285041225
2026,SG-00353,SYN-CAND-00353-07,EXTERNAL_PARTNER,1,0.6825297809445537,0.7966903073286052
2026,SG-00353,SYN-CAND-00353-08,BUNDLE,1,0.8635056855021304,0.8556701030927835
2026,SG-00355,SYN-CAND-00355-01,BRANCH_TRANSFER,1,0.6991004583657596,0.8136200716845878
2026,SG-00355,SYN-CAND-00355-02,DONATION,1,0.8308579614854139,0.6874251497005988
2026,SG-00366,SYN-CAND-00366-01,PROMOTIONAL_BONUS,1,0.8891799499494365,0.8256227758007118
2026,SG-00366,SYN-CAND-00366-02,LOCAL_DISCOUNT,1,0.8527514157332741,0.8531468531468531
2026,SG-00366,SYN-CAND-00366-03,DONATION,0,0.6856794378493875,0.6874251497005988
2026,SG-00366,SYN-CAND-00366-04,INTERNAL_REPURPOSE,0,0.8630772349416644,0.8252080856123662
2026,SG-00366,SYN-CAND-00366-05,BUNDLE,1,0.90475224891443,0.8556701030927835
2026,SG-00368,SYN-CAND-00368-01,WHOLESALE,0,0.8447646926367004,0.800942285041225
2026,SG-00368,SYN-CAND-00368-02,DONATION,1,0.6491554680462138,0.6874251497005988
2026,SG-00368,SYN-CAND-00368-03,BUNDLE,1,0.8889240281470782,0.8556701030927835
2026,SG-00368,SYN-CAND-00368-04,EXTERNAL_PARTNER,1,0.7974660172754299,0.7966903073286052
2026,SG-00368,SYN-CAND-00368-05,LOCAL_DISCOUNT,1,0.9078483730901084,0.8531468531468531
2026,SG-00379,SYN-CAND-00379-01,BRANCH_TRANSFER,1,0.9027192615158885,0.8136200716845878
2026,SG-00379,SYN-CAND-00379-02,INTERNAL_USE,1,0.7517004136597374,0.7357575757575757
2026,SG-00379,SYN-CAND-00379-03,DONATION,1,0.6133933521927166,0.6874251497005988
2026,SG-00379,SYN-CAND-00379-04,PROMOTIONAL_BONUS,1,0.826356383958189,0.8256227758007118
2026,SG-00379,SYN-CAND-00379-05,RETURN_TO_SUPPLIER,1,0.7906132909545447,0.8155111633372503
2026,SG-00379,SYN-CAND-00379-06,WHOLESALE,1,0.828046419839464,0.800942285041225
2026,SG-00379,SYN-CAND-00379-07,EXTERNAL_PARTNER,1,0.8076807695590921,0.7966903073286052
2026,SG-00379,SYN-CAND-00379-08,BUNDLE,1,0.8913611604658622,0.8556701030927835
2026,SG-00380,SYN-CAND-00380-01,INTERNAL_REPURPOSE,1,0.8755427518241842,0.8252080856123662
2026,SG-00380,SYN-CAND-00380-02,RETURN_TO_SUPPLIER,1,0.8153646117416673,0.8155111633372503
2026,SG-00380,SYN-CAND-00380-03,LOCAL_DISCOUNT,1,0.9021158670566464,0.8531468531468531
2026,SG-00405,SYN-CAND-00405-01,LOCAL_DISCOUNT,1,0.8637282319747978,0.8531468531468531
2026,SG-00405,SYN-CAND-00405-02,BUNDLE,1,0.8884070652452699,0.8556701030927835
2026,SG-00405,SYN-CAND-00405-03,EXTERNAL_PARTNER,1,0.7872316811287612,0.7966903073286052
2026,SG-00405,SYN-CAND-00405-04,WHOLESALE,0,0.8461510580861265,0.800942285041225
2026,SG-00412,SYN-CAND-00412-01,BUNDLE,1,0.9082992634694285,0.8556701030927835
2026,SG-00412,SYN-CAND-00412-02,WHOLESALE,1,0.8536186986641359,0.800942285041225
2026,SG-00412,SYN-CAND-00412-03,EXTERNAL_PARTNER,1,0.8451866794987885,0.7966903073286052
2026,SG-00412,SYN-CAND-00412-04,PROMOTIONAL_BONUS,1,0.8729350842569981,0.8256227758007118
2026,SG-00412,SYN-CAND-00412-05,INTERNAL_REPURPOSE,1,0.7646212438972122,0.8252080856123662
2026,SG-00412,SYN-CAND-00412-06,RETURN_TO_SUPPLIER,1,0.8589977637151839,0.8155111633372503
2026,SG-00412,SYN-CAND-00412-07,DONATION,1,0.8640991444361693,0.6874251497005988
2026,SG-00412,SYN-CAND-00412-08,BRANCH_TRANSFER,0,0.7923104301972921,0.8136200716845878
2026,SG-00414,SYN-CAND-00414-01,INTERNAL_USE,1,0.6605497848263163,0.7357575757575757
2026,SG-00414,SYN-CAND-00414-02,INTERNAL_REPURPOSE,1,0.813875354818556,0.8252080856123662
2026,SG-00435,SYN-CAND-00435-01,RETURN_TO_SUPPLIER,1,0.7349605154332335,0.8155111633372503
2026,SG-00435,SYN-CAND-00435-02,BRANCH_TRANSFER,0,0.8822404426781969,0.8136200716845878
2026,SG-00445,SYN-CAND-00445-01,INTERNAL_USE,1,0.8875115781865599,0.7357575757575757
2026,SG-00445,SYN-CAND-00445-02,WHOLESALE,1,0.8468967794181025,0.800942285041225
2026,SG-00445,SYN-CAND-00445-03,BRANCH_TRANSFER,1,0.8885815067604551,0.8136200716845878
2026,SG-00445,SYN-CAND-00445-04,BUNDLE,1,0.8549530827923992,0.8556701030927835
2026,SG-00449,SYN-CAND-00449-01,RETURN_TO_SUPPLIER,0,0.8355808287171806,0.8155111633372503
2026,SG-00449,SYN-CAND-00449-02,DONATION,0,0.7502504201870908,0.6874251497005988
2026,SG-00453,SYN-CAND-00453-01,DONATION,1,0.7318783334148973,0.6874251497005988
2026,SG-00453,SYN-CAND-00453-02,PROMOTIONAL_BONUS,1,0.8873180508024899,0.8256227758007118
2026,SG-00469,SYN-CAND-00469-01,RETURN_TO_SUPPLIER,1,0.73228314936998,0.8155111633372503
2026,SG-00469,SYN-CAND-00469-02,PROMOTIONAL_BONUS,1,0.8403667240998157,0.8256227758007118
2026,SG-00469,SYN-CAND-00469-03,INTERNAL_USE,1,0.7577181399032923,0.7357575757575757
2026,SG-00469,SYN-CAND-00469-04,LOCAL_DISCOUNT,0,0.8800921428921653,0.8531468531468531
2026,SG-00469,SYN-CAND-00469-05,EXTERNAL_PARTNER,1,0.8995285267893784,0.7966903073286052
2026,SG-00469,SYN-CAND-00469-06,DONATION,1,0.6922302212462168,0.6874251497005988
2026,SG-00469,SYN-CAND-00469-07,INTERNAL_REPURPOSE,1,0.8734288575986281,0.8252080856123662
2026,SG-00469,SYN-CAND-00469-08,BUNDLE,1,0.7957000319773033,0.8556701030927835
2026,SG-00471,SYN-CAND-00471-01,PROMOTIONAL_BONUS,1,0.782737131567766,0.8256227758007118
2026,SG-00471,SYN-CAND-00471-02,BRANCH_TRANSFER,1,0.853167463938542,0.8136200716845878
2026,SG-00471,SYN-CAND-00471-03,RETURN_TO_SUPPLIER,1,0.8908668541194952,0.8155111633372503
2026,SG-00471,SYN-CAND-00471-04,BUNDLE,1,0.8684511170289401,0.8556701030927835
2026,SG-00471,SYN-CAND-00471-05,WHOLESALE,1,0.9078407463881716,0.800942285041225
2026,SG-00471,SYN-CAND-00471-06,EXTERNAL_PARTNER,1,0.6954985458284851,0.7966903073286052
2026,SG-00471,SYN-CAND-00471-07,LOCAL_DISCOUNT,1,0.8483560759740099,0.8531468531468531
2026,SG-00471,SYN-CAND-00471-08,INTERNAL_USE,1,0.7545780548748273,0.7357575757575757
2026,SG-00473,SYN-CAND-00473-01,LOCAL_DISCOUNT,1,0.9029605414597094,0.8531468531468531
2026,SG-00473,SYN-CAND-00473-02,RETURN_TO_SUPPLIER,0,0.8517093000741676,0.8155111633372503
2026,SG-00478,SYN-CAND-00478-01,BUNDLE,1,0.7826089631033337,0.8556701030927835
2026,SG-00478,SYN-CAND-00478-02,DONATION,0,0.4370179829140143,0.6874251497005988
2026,SG-00478,SYN-CAND-00478-03,WHOLESALE,1,0.8563251213865657,0.800942285041225
2026,SG-00478,SYN-CAND-00478-04,EXTERNAL_PARTNER,1,0.7549769522171695,0.7966903073286052
2026,SG-00478,SYN-CAND-00478-05,BRANCH_TRANSFER,1,0.802185054662582,0.8136200716845878
2026,SG-00480,SYN-CAND-00480-01,PROMOTIONAL_BONUS,1,0.7827492350633564,0.8256227758007118
2026,SG-00480,SYN-CAND-00480-02,EXTERNAL_PARTNER,1,0.8806607911516399,0.7966903073286052
2026,SG-00480,SYN-CAND-00480-03,RETURN_TO_SUPPLIER,1,0.7420714954899259,0.8155111633372503
2026,SG-00485,SYN-CAND-00485-01,DONATION,1,0.6756310861533673,0.6874251497005988
2026,SG-00485,SYN-CAND-00485-02,EXTERNAL_PARTNER,1,0.854596943305712,0.7966903073286052
2026,SG-00485,SYN-CAND-00485-03,LOCAL_DISCOUNT,1,0.8596120584317395,0.8531468531468531
2026,SG-00485,SYN-CAND-00485-04,BUNDLE,1,0.8455660649852408,0.8556701030927835
2026,SG-00499,SYN-CAND-00499-01,LOCAL_DISCOUNT,1,0.9012574219977769,0.8531468531468531
2026,SG-00499,SYN-CAND-00499-02,INTERNAL_REPURPOSE,1,0.8126625760884331,0.8252080856123662
2026,SG-00508,SYN-CAND-00508-01,EXTERNAL_PARTNER,1,0.8825839701068839,0.7966903073286052
2026,SG-00508,SYN-CAND-00508-02,WHOLESALE,1,0.8575998873145764,0.800942285041225
2026,SG-00508,SYN-CAND-00508-03,BUNDLE,1,0.8176078884869983,0.8556701030927835
2026,SG-00508,SYN-CAND-00508-04,INTERNAL_REPURPOSE,1,0.7805790231128182,0.8252080856123662
2026,SG-00527,SYN-CAND-00527-01,DONATION,0,0.6818562747148609,0.6874251497005988
2026,SG-00527,SYN-CAND-00527-02,BUNDLE,1,0.766890947386321,0.8556701030927835
2026,SG-00527,SYN-CAND-00527-03,EXTERNAL_PARTNER,1,0.9067583614591418,0.7966903073286052
2026,SG-00540,SYN-CAND-00540-01,DONATION,1,0.8121287847923029,0.6874251497005988
2026,SG-00540,SYN-CAND-00540-02,INTERNAL_REPURPOSE,1,0.9163330563214029,0.8252080856123662
2026,SG-00540,SYN-CAND-00540-03,EXTERNAL_PARTNER,1,0.9038654207640152,0.7966903073286052
2026,SG-00541,SYN-CAND-00541-01,INTERNAL_USE,1,0.6472987024196999,0.7357575757575757
2026,SG-00541,SYN-CAND-00541-02,INTERNAL_REPURPOSE,1,0.738736459007534,0.8252080856123662
2026,SG-00541,SYN-CAND-00541-03,LOCAL_DISCOUNT,1,0.6551601712321694,0.8531468531468531
2026,SG-00541,SYN-CAND-00541-04,WHOLESALE,1,0.870123747862234,0.800942285041225
2026,SG-00541,SYN-CAND-00541-05,RETURN_TO_SUPPLIER,0,0.7254035706154703,0.8155111633372503
2026,SG-00541,SYN-CAND-00541-06,BUNDLE,1,0.8317166614920251,0.8556701030927835
2026,SG-00543,SYN-CAND-00543-01,LOCAL_DISCOUNT,0,0.8545167106516338,0.8531468531468531
2026,SG-00543,SYN-CAND-00543-02,BRANCH_TRANSFER,1,0.874316512021106,0.8136200716845878
2026,SG-00543,SYN-CAND-00543-03,BUNDLE,0,0.7127726114656902,0.8556701030927835
2026,SG-00543,SYN-CAND-00543-04,PROMOTIONAL_BONUS,1,0.8382543760312446,0.8256227758007118
2026,SG-00543,SYN-CAND-00543-05,DONATION,1,0.7625536165946071,0.6874251497005988
2026,SG-00543,SYN-CAND-00543-06,INTERNAL_USE,1,0.7314015295732107,0.7357575757575757
2026,SG-00543,SYN-CAND-00543-07,EXTERNAL_PARTNER,1,0.7567512424412995,0.7966903073286052
2026,SG-00553,SYN-CAND-00553-01,INTERNAL_USE,0,0.8467166045984905,0.7357575757575757
2026,SG-00553,SYN-CAND-00553-02,LOCAL_DISCOUNT,1,0.8759967578356929,0.8531468531468531
2026,SG-00553,SYN-CAND-00553-03,DONATION,1,0.7129079369038888,0.6874251497005988
2026,SG-00553,SYN-CAND-00553-04,WHOLESALE,1,0.7731646292338394,0.800942285041225
2026,SG-00553,SYN-CAND-00553-05,EXTERNAL_PARTNER,0,0.7429301976113294,0.7966903073286052
2026,SG-00564,SYN-CAND-00564-01,WHOLESALE,1,0.839971460429298,0.800942285041225
2026,SG-00564,SYN-CAND-00564-02,RETURN_TO_SUPPLIER,1,0.8580489790011129,0.8155111633372503
2026,SG-00564,SYN-CAND-00564-03,PROMOTIONAL_BONUS,0,0.6452344424342051,0.8256227758007118
2026,SG-00579,SYN-CAND-00579-01,WHOLESALE,1,0.8590753583570754,0.800942285041225
2026,SG-00579,SYN-CAND-00579-02,PROMOTIONAL_BONUS,1,0.8552093560977986,0.8256227758007118
2026,SG-00579,SYN-CAND-00579-03,RETURN_TO_SUPPLIER,1,0.8922054274338626,0.8155111633372503
2026,SG-00579,SYN-CAND-00579-04,INTERNAL_REPURPOSE,1,0.807181903798111,0.8252080856123662
2026,SG-00579,SYN-CAND-00579-05,BRANCH_TRANSFER,1,0.8359050819808258,0.8136200716845878
2026,SG-00595,SYN-CAND-00595-01,EXTERNAL_PARTNER,0,0.7168846911171008,0.7966903073286052
2026,SG-00595,SYN-CAND-00595-02,DONATION,1,0.6480398884362683,0.6874251497005988
2026,SG-00595,SYN-CAND-00595-03,BUNDLE,1,0.9165268337767437,0.8556701030927835
2026,SG-00595,SYN-CAND-00595-04,BRANCH_TRANSFER,1,0.7561924738565642,0.8136200716845878
2026,SG-00595,SYN-CAND-00595-05,INTERNAL_REPURPOSE,1,0.7142892000236694,0.8252080856123662
2026,SG-00602,SYN-CAND-00602-01,LOCAL_DISCOUNT,1,0.8118898809711742,0.8531468531468531
2026,SG-00602,SYN-CAND-00602-02,PROMOTIONAL_BONUS,1,0.7716985646360478,0.8256227758007118
2026,SG-00602,SYN-CAND-00602-03,BUNDLE,1,0.9117884182308326,0.8556701030927835
2026,SG-00602,SYN-CAND-00602-04,DONATION,1,0.6733262063552012,0.6874251497005988
2026,SG-00603,SYN-CAND-00603-01,RETURN_TO_SUPPLIER,1,0.9019441136243841,0.8155111633372503
2026,SG-00603,SYN-CAND-00603-02,LOCAL_DISCOUNT,1,0.9262346593918304,0.8531468531468531
2026,SG-00618,SYN-CAND-00618-01,PROMOTIONAL_BONUS,1,0.8255831216287123,0.8256227758007118
2026,SG-00618,SYN-CAND-00618-02,INTERNAL_REPURPOSE,1,0.7317397030321208,0.8252080856123662
2026,SG-00618,SYN-CAND-00618-03,WHOLESALE,1,0.4950042497118356,0.800942285041225
2026,SG-00618,SYN-CAND-00618-04,RETURN_TO_SUPPLIER,1,0.84419384379557,0.8155111633372503
2026,SG-00619,SYN-CAND-00619-01,INTERNAL_REPURPOSE,1,0.8562357962590504,0.8252080856123662
2026,SG-00619,SYN-CAND-00619-02,BUNDLE,1,0.8891547772304013,0.8556701030927835
2026,SG-00619,SYN-CAND-00619-03,LOCAL_DISCOUNT,1,0.8025255465776893,0.8531468531468531
2026,SG-00619,SYN-CAND-00619-04,WHOLESALE,0,0.8674529210542246,0.800942285041225
2026,SG-00619,SYN-CAND-00619-05,RETURN_TO_SUPPLIER,1,0.7772923744591297,0.8155111633372503
2026,SG-00619,SYN-CAND-00619-06,BRANCH_TRANSFER,1,0.881422291363975,0.8136200716845878
2026,SG-00619,SYN-CAND-00619-07,PROMOTIONAL_BONUS,0,0.7523378146976142,0.8256227758007118
2026,SG-00621,SYN-CAND-00621-01,EXTERNAL_PARTNER,1,0.837654479013406,0.7966903073286052
2026,SG-00621,SYN-CAND-00621-02,BUNDLE,0,0.846040103653297,0.8556701030927835
2026,SG-00621,SYN-CAND-00621-03,INTERNAL_REPURPOSE,0,0.6787381242023944,0.8252080856123662
2026,SG-00621,SYN-CAND-00621-04,BRANCH_TRANSFER,0,0.7689051197368862,0.8136200716845878
2026,SG-00621,SYN-CAND-00621-05,PROMOTIONAL_BONUS,1,0.824424078163368,0.8256227758007118
2026,SG-00621,SYN-CAND-00621-06,LOCAL_DISCOUNT,1,0.7983007723278739,0.8531468531468531
2026,SG-00628,SYN-CAND-00628-01,LOCAL_DISCOUNT,1,0.8642483015712566,0.8531468531468531
2026,SG-00628,SYN-CAND-00628-02,BUNDLE,1,0.7987930331288514,0.8556701030927835
2026,SG-00635,SYN-CAND-00635-01,WHOLESALE,0,0.7127953230117494,0.800942285041225
2026,SG-00635,SYN-CAND-00635-02,LOCAL_DISCOUNT,1,0.8904566968758058,0.8531468531468531
2026,SG-00639,SYN-CAND-00639-01,RETURN_TO_SUPPLIER,1,0.7296936567609769,0.8155111633372503
2026,SG-00639,SYN-CAND-00639-02,DONATION,0,0.6308900000538514,0.6874251497005988
2026,SG-00639,SYN-CAND-00639-03,BUNDLE,1,0.8541783574720279,0.8556701030927835
2026,SG-00639,SYN-CAND-00639-04,BRANCH_TRANSFER,1,0.801355473015177,0.8136200716845878
2026,SG-00639,SYN-CAND-00639-05,WHOLESALE,1,0.7911498372497219,0.800942285041225
2026,SG-00639,SYN-CAND-00639-06,INTERNAL_USE,1,0.7178189156750296,0.7357575757575757
2026,SG-00639,SYN-CAND-00639-07,EXTERNAL_PARTNER,1,0.5879408233256587,0.7966903073286052
2026,SG-00639,SYN-CAND-00639-08,PROMOTIONAL_BONUS,1,0.8421864224772203,0.8256227758007118
2026,SG-00640,SYN-CAND-00640-01,EXTERNAL_PARTNER,0,0.7772722781770209,0.7966903073286052
2026,SG-00640,SYN-CAND-00640-02,LOCAL_DISCOUNT,1,0.8558416802918242,0.8531468531468531
2026,SG-00640,SYN-CAND-00640-03,INTERNAL_REPURPOSE,1,0.7892894511173599,0.8252080856123662
2026,SG-00640,SYN-CAND-00640-04,INTERNAL_USE,0,0.6983715821084945,0.7357575757575757
2026,SG-00640,SYN-CAND-00640-05,RETURN_TO_SUPPLIER,1,0.8806763801347793,0.8155111633372503
2026,SG-00640,SYN-CAND-00640-06,BRANCH_TRANSFER,1,0.8370779887386867,0.8136200716845878
2026,SG-00640,SYN-CAND-00640-07,DONATION,0,0.8559560035248965,0.6874251497005988
2026,SG-00650,SYN-CAND-00650-01,BUNDLE,1,0.8335623690505777,0.8556701030927835
2026,SG-00650,SYN-CAND-00650-02,RETURN_TO_SUPPLIER,1,0.8318599317422171,0.8155111633372503
2026,SG-00684,SYN-CAND-00684-01,EXTERNAL_PARTNER,0,0.8297618011266273,0.7966903073286052
2026,SG-00684,SYN-CAND-00684-02,BUNDLE,1,0.8520463379725334,0.8556701030927835
2026,SG-00684,SYN-CAND-00684-03,LOCAL_DISCOUNT,1,0.8546773501005512,0.8531468531468531
2026,SG-00684,SYN-CAND-00684-04,INTERNAL_USE,0,0.7023388751001488,0.7357575757575757
2026,SG-00684,SYN-CAND-00684-05,BRANCH_TRANSFER,0,0.6677276621993211,0.8136200716845878
2026,SG-00685,SYN-CAND-00685-01,DONATION,1,0.7516991415942316,0.6874251497005988
2026,SG-00685,SYN-CAND-00685-02,BRANCH_TRANSFER,1,0.903541200241154,0.8136200716845878
2026,SG-00685,SYN-CAND-00685-03,PROMOTIONAL_BONUS,1,0.7871826469309327,0.8256227758007118
2026,SG-00685,SYN-CAND-00685-04,WHOLESALE,1,0.792892337462727,0.800942285041225
2026,SG-00685,SYN-CAND-00685-05,INTERNAL_REPURPOSE,1,0.5851551948627888,0.8252080856123662
2026,SG-00685,SYN-CAND-00685-06,LOCAL_DISCOUNT,1,0.8502434736709746,0.8531468531468531
2026,SG-00693,SYN-CAND-00693-01,INTERNAL_USE,1,0.6542716156952695,0.7357575757575757
2026,SG-00693,SYN-CAND-00693-02,RETURN_TO_SUPPLIER,1,0.8398705619040073,0.8155111633372503
2026,SG-00693,SYN-CAND-00693-03,PROMOTIONAL_BONUS,1,0.8368519860583638,0.8256227758007118
2026,SG-00694,SYN-CAND-00694-01,DONATION,0,0.7555765160624477,0.6874251497005988
2026,SG-00694,SYN-CAND-00694-02,BRANCH_TRANSFER,1,0.8507682058581226,0.8136200716845878
2026,SG-00694,SYN-CAND-00694-03,PROMOTIONAL_BONUS,0,0.8678295337389693,0.8256227758007118
2026,SG-00694,SYN-CAND-00694-04,RETURN_TO_SUPPLIER,1,0.8779943625404207,0.8155111633372503
2026,SG-00694,SYN-CAND-00694-05,BUNDLE,0,0.8607648026482726,0.8556701030927835
2026,SG-00694,SYN-CAND-00694-06,INTERNAL_USE,1,0.6813791908594957,0.7357575757575757
2026,SG-00694,SYN-CAND-00694-07,WHOLESALE,1,0.8584714613265585,0.800942285041225
2026,SG-00697,SYN-CAND-00697-01,RETURN_TO_SUPPLIER,1,0.8191775105277994,0.8155111633372503
2026,SG-00697,SYN-CAND-00697-02,INTERNAL_USE,1,0.773881644686269,0.7357575757575757
2026,SG-00697,SYN-CAND-00697-03,INTERNAL_REPURPOSE,1,0.7220596566171512,0.8252080856123662
2026,SG-00701,SYN-CAND-00701-01,DONATION,1,0.7528240544882804,0.6874251497005988
2026,SG-00701,SYN-CAND-00701-02,PROMOTIONAL_BONUS,1,0.7446551052086235,0.8256227758007118
2026,SG-00701,SYN-CAND-00701-03,LOCAL_DISCOUNT,1,0.8950198674769869,0.8531468531468531
2026,SG-00701,SYN-CAND-00701-04,WHOLESALE,0,0.8366138026371942,0.800942285041225
2026,SG-00701,SYN-CAND-00701-05,BRANCH_TRANSFER,1,0.8778306331680412,0.8136200716845878
2026,SG-00701,SYN-CAND-00701-06,INTERNAL_USE,0,0.6365131948870054,0.7357575757575757
2026,SG-00724,SYN-CAND-00724-01,PROMOTIONAL_BONUS,1,0.7603968065279557,0.8256227758007118
2026,SG-00724,SYN-CAND-00724-02,LOCAL_DISCOUNT,1,0.7904905432872475,0.8531468531468531
2026,SG-00724,SYN-CAND-00724-03,RETURN_TO_SUPPLIER,1,0.7375716944976819,0.8155111633372503
2026,SG-00724,SYN-CAND-00724-04,DONATION,1,0.7671058444391359,0.6874251497005988
2026,SG-00724,SYN-CAND-00724-05,INTERNAL_REPURPOSE,1,0.7771121494506152,0.8252080856123662
2026,SG-00724,SYN-CAND-00724-06,INTERNAL_USE,1,0.7804551038121915,0.7357575757575757
2026,SG-00727,SYN-CAND-00727-01,INTERNAL_REPURPOSE,1,0.9102794592201464,0.8252080856123662
2026,SG-00727,SYN-CAND-00727-02,WHOLESALE,1,0.8721875488181788,0.800942285041225
2026,SG-00727,SYN-CAND-00727-03,DONATION,1,0.7889547362985821,0.6874251497005988
2026,SG-00727,SYN-CAND-00727-04,RETURN_TO_SUPPLIER,0,0.7108940097555937,0.8155111633372503
2026,SG-00727,SYN-CAND-00727-05,EXTERNAL_PARTNER,0,0.8497989860012721,0.7966903073286052
2026,SG-00727,SYN-CAND-00727-06,PROMOTIONAL_BONUS,1,0.8640695742606029,0.8256227758007118
2026,SG-00727,SYN-CAND-00727-07,INTERNAL_USE,1,0.72658972952961,0.7357575757575757
2026,SG-00727,SYN-CAND-00727-08,LOCAL_DISCOUNT,1,0.8245052882482432,0.8531468531468531
2026,SG-00729,SYN-CAND-00729-01,EXTERNAL_PARTNER,1,0.8531521737364883,0.7966903073286052
2026,SG-00729,SYN-CAND-00729-02,WHOLESALE,1,0.7568134663873175,0.800942285041225
2026,SG-00729,SYN-CAND-00729-03,INTERNAL_REPURPOSE,0,0.6281407454524441,0.8252080856123662
2026,SG-00729,SYN-CAND-00729-04,PROMOTIONAL_BONUS,1,0.9171247724846424,0.8256227758007118
2026,SG-00729,SYN-CAND-00729-05,BRANCH_TRANSFER,1,0.8619912746064924,0.8136200716845878
2026,SG-00729,SYN-CAND-00729-06,INTERNAL_USE,1,0.7307897546159213,0.7357575757575757
2026,SG-00729,SYN-CAND-00729-07,DONATION,1,0.7439012919300378,0.6874251497005988
2026,SG-00729,SYN-CAND-00729-08,LOCAL_DISCOUNT,1,0.8585214217664172,0.8531468531468531
2026,SG-00734,SYN-CAND-00734-01,PROMOTIONAL_BONUS,1,0.8161641956147608,0.8256227758007118
2026,SG-00734,SYN-CAND-00734-02,BRANCH_TRANSFER,1,0.8960884723401632,0.8136200716845878
2026,SG-00734,SYN-CAND-00734-03,INTERNAL_USE,0,0.756798310616175,0.7357575757575757
2026,SG-00734,SYN-CAND-00734-04,WHOLESALE,1,0.8089133249420422,0.800942285041225
2026,SG-00734,SYN-CAND-00734-05,RETURN_TO_SUPPLIER,0,0.7783844691023375,0.8155111633372503
2026,SG-00734,SYN-CAND-00734-06,DONATION,0,0.7407542159541121,0.6874251497005988
2026,SG-00737,SYN-CAND-00737-01,WHOLESALE,1,0.9067961192499444,0.800942285041225
2026,SG-00737,SYN-CAND-00737-02,INTERNAL_USE,0,0.6554395316197882,0.7357575757575757
2026,SG-00737,SYN-CAND-00737-03,PROMOTIONAL_BONUS,1,0.5765158281071191,0.8256227758007118
2026,SG-00737,SYN-CAND-00737-04,LOCAL_DISCOUNT,1,0.8727755113051506,0.8531468531468531
2026,SG-00746,SYN-CAND-00746-01,DONATION,1,0.7304514593520341,0.6874251497005988
2026,SG-00746,SYN-CAND-00746-02,PROMOTIONAL_BONUS,1,0.879996174081063,0.8256227758007118
2026,SG-00749,SYN-CAND-00749-01,INTERNAL_USE,0,0.6187072124925556,0.7357575757575757
2026,SG-00749,SYN-CAND-00749-02,WHOLESALE,1,0.7249799006621698,0.800942285041225
2026,SG-00749,SYN-CAND-00749-03,DONATION,1,0.7249283429155223,0.6874251497005988
2026,SG-00756,SYN-CAND-00756-01,PROMOTIONAL_BONUS,1,0.8637437496565736,0.8256227758007118
2026,SG-00756,SYN-CAND-00756-02,INTERNAL_USE,1,0.6632054596447164,0.7357575757575757
2026,SG-00756,SYN-CAND-00756-03,BRANCH_TRANSFER,1,0.7109185308596477,0.8136200716845878
2026,SG-00756,SYN-CAND-00756-04,EXTERNAL_PARTNER,1,0.7244649596942242,0.7966903073286052
2026,SG-00756,SYN-CAND-00756-05,LOCAL_DISCOUNT,1,0.7108561042467457,0.8531468531468531
2026,SG-00756,SYN-CAND-00756-06,DONATION,1,0.7174711352628794,0.6874251497005988
2026,SG-00756,SYN-CAND-00756-07,BUNDLE,1,0.8539131886044505,0.8556701030927835
2026,SG-00756,SYN-CAND-00756-08,RETURN_TO_SUPPLIER,1,0.8375969509213222,0.8155111633372503
2026,SG-00763,SYN-CAND-00763-01,INTERNAL_REPURPOSE,1,0.8305960554402264,0.8252080856123662
2026,SG-00763,SYN-CAND-00763-02,WHOLESALE,1,0.6719432431590339,0.800942285041225
2026,SG-00763,SYN-CAND-00763-03,BRANCH_TRANSFER,1,0.8906412744341201,0.8136200716845878
2026,SG-00763,SYN-CAND-00763-04,RETURN_TO_SUPPLIER,1,0.8387638952078127,0.8155111633372503
2026,SG-00763,SYN-CAND-00763-05,PROMOTIONAL_BONUS,1,0.890441062241181,0.8256227758007118
2026,SG-00777,SYN-CAND-00777-01,LOCAL_DISCOUNT,1,0.8311569495039821,0.8531468531468531
2026,SG-00777,SYN-CAND-00777-02,BUNDLE,1,0.8496907131135595,0.8556701030927835
2026,SG-00777,SYN-CAND-00777-03,INTERNAL_REPURPOSE,0,0.7426130342466305,0.8252080856123662
2026,SG-00777,SYN-CAND-00777-04,WHOLESALE,1,0.7254278810553093,0.800942285041225
2026,SG-00783,SYN-CAND-00783-01,PROMOTIONAL_BONUS,1,0.8997631104454616,0.8256227758007118
2026,SG-00783,SYN-CAND-00783-02,WHOLESALE,1,0.8623832268184617,0.800942285041225
2026,SG-00783,SYN-CAND-00783-03,BRANCH_TRANSFER,1,0.7825551526481958,0.8136200716845878
2026,SG-00783,SYN-CAND-00783-04,BUNDLE,1,0.8853310235551759,0.8556701030927835
2026,SG-00783,SYN-CAND-00783-05,INTERNAL_REPURPOSE,1,0.8764401363423842,0.8252080856123662
2026,SG-00801,SYN-CAND-00801-01,EXTERNAL_PARTNER,1,0.8879238563590464,0.7966903073286052
2026,SG-00801,SYN-CAND-00801-02,LOCAL_DISCOUNT,1,0.8931695586835838,0.8531468531468531
2026,SG-00801,SYN-CAND-00801-03,RETURN_TO_SUPPLIER,1,0.7424991194401312,0.8155111633372503
2026,SG-00801,SYN-CAND-00801-04,INTERNAL_REPURPOSE,1,0.8486907416174189,0.8252080856123662
2026,SG-00801,SYN-CAND-00801-05,PROMOTIONAL_BONUS,1,0.8077121219129791,0.8256227758007118
2026,SG-00813,SYN-CAND-00813-01,EXTERNAL_PARTNER,1,0.8672848087479643,0.7966903073286052
2026,SG-00813,SYN-CAND-00813-02,RETURN_TO_SUPPLIER,1,0.8234216850172278,0.8155111633372503
2026,SG-00822,SYN-CAND-00822-01,DONATION,0,0.5309741612629388,0.6874251497005988
2026,SG-00822,SYN-CAND-00822-02,INTERNAL_REPURPOSE,1,0.81933048925761,0.8252080856123662
2026,SG-00822,SYN-CAND-00822-03,INTERNAL_USE,0,0.7543509766253103,0.7357575757575757
2026,SG-00822,SYN-CAND-00822-04,EXTERNAL_PARTNER,1,0.8760900526493544,0.7966903073286052
2026,SG-00822,SYN-CAND-00822-05,WHOLESALE,1,0.8798096542921345,0.800942285041225
2026,SG-00822,SYN-CAND-00822-06,BRANCH_TRANSFER,1,0.8897389220416427,0.8136200716845878
2026,SG-00822,SYN-CAND-00822-07,PROMOTIONAL_BONUS,1,0.8681551416843708,0.8256227758007118
2026,SG-00828,SYN-CAND-00828-01,INTERNAL_USE,1,0.6473691606711315,0.7357575757575757
2026,SG-00828,SYN-CAND-00828-02,BUNDLE,1,0.8353766827066552,0.8556701030927835
2026,SG-00828,SYN-CAND-00828-03,INTERNAL_REPURPOSE,0,0.6678995985554093,0.8252080856123662
2026,SG-00828,SYN-CAND-00828-04,LOCAL_DISCOUNT,1,0.8884495758064757,0.8531468531468531
2026,SG-00828,SYN-CAND-00828-05,DONATION,1,0.7900238051884075,0.6874251497005988
2026,SG-00828,SYN-CAND-00828-06,WHOLESALE,1,0.7750628104230504,0.800942285041225
2026,SG-00828,SYN-CAND-00828-07,PROMOTIONAL_BONUS,1,0.7434935938332667,0.8256227758007118
2026,SG-00828,SYN-CAND-00828-08,EXTERNAL_PARTNER,1,0.7115613751829948,0.7966903073286052
2026,SG-00832,SYN-CAND-00832-01,BRANCH_TRANSFER,1,0.842000746868239,0.8136200716845878
2026,SG-00832,SYN-CAND-00832-02,WHOLESALE,1,0.8367129397394263,0.800942285041225
2026,SG-00832,SYN-CAND-00832-03,BUNDLE,1,0.7274265974252341,0.8556701030927835
2026,SG-00832,SYN-CAND-00832-04,INTERNAL_USE,1,0.7237445895647948,0.7357575757575757
2026,SG-00832,SYN-CAND-00832-05,PROMOTIONAL_BONUS,1,0.8158553761576627,0.8256227758007118
2026,SG-00832,SYN-CAND-00832-06,EXTERNAL_PARTNER,1,0.7806780085517895,0.7966903073286052
2026,SG-00848,SYN-CAND-00848-01,DONATION,0,0.6916038603438414,0.6874251497005988
2026,SG-00848,SYN-CAND-00848-02,EXTERNAL_PARTNER,1,0.8206235389917026,0.7966903073286052
2026,SG-00848,SYN-CAND-00848-03,BRANCH_TRANSFER,1,0.8906681525962645,0.8136200716845878
2026,SG-00856,SYN-CAND-00856-01,BRANCH_TRANSFER,1,0.8634386758561657,0.8136200716845878
2026,SG-00856,SYN-CAND-00856-02,WHOLESALE,0,0.8327193417757979,0.800942285041225
2026,SG-00856,SYN-CAND-00856-03,DONATION,1,0.8770898887213204,0.6874251497005988
2026,SG-00856,SYN-CAND-00856-04,RETURN_TO_SUPPLIER,0,0.8961676190327242,0.8155111633372503
2026,SG-00856,SYN-CAND-00856-05,PROMOTIONAL_BONUS,0,0.8723187204118148,0.8256227758007118
2026,SG-00856,SYN-CAND-00856-06,LOCAL_DISCOUNT,1,0.9006712178558739,0.8531468531468531
2026,SG-00856,SYN-CAND-00856-07,INTERNAL_REPURPOSE,1,0.8386440301507212,0.8252080856123662
2026,SG-00857,SYN-CAND-00857-01,BRANCH_TRANSFER,0,0.8657531156361419,0.8136200716845878
2026,SG-00857,SYN-CAND-00857-02,INTERNAL_REPURPOSE,0,0.8850352883841179,0.8252080856123662
2026,SG-00857,SYN-CAND-00857-03,BUNDLE,1,0.8740211858525239,0.8556701030927835
2026,SG-00857,SYN-CAND-00857-04,INTERNAL_USE,1,0.7519065316547655,0.7357575757575757
2026,SG-00865,SYN-CAND-00865-01,INTERNAL_USE,0,0.6579100707683352,0.7357575757575757
2026,SG-00865,SYN-CAND-00865-02,WHOLESALE,1,0.6732466620138189,0.800942285041225
2026,SG-00865,SYN-CAND-00865-03,EXTERNAL_PARTNER,1,0.7238522005248009,0.7966903073286052
2026,SG-00865,SYN-CAND-00865-04,DONATION,1,0.6278671177862215,0.6874251497005988
2026,SG-00865,SYN-CAND-00865-05,BRANCH_TRANSFER,1,0.8277776742684876,0.8136200716845878
2026,SG-00865,SYN-CAND-00865-06,INTERNAL_REPURPOSE,1,0.8297029381338231,0.8252080856123662
2026,SG-00865,SYN-CAND-00865-07,PROMOTIONAL_BONUS,1,0.8466592276909373,0.8256227758007118
2026,SG-00865,SYN-CAND-00865-08,RETURN_TO_SUPPLIER,1,0.8668413892525528,0.8155111633372503
2026,SG-00873,SYN-CAND-00873-01,INTERNAL_USE,0,0.7358747667142688,0.7357575757575757
2026,SG-00873,SYN-CAND-00873-02,LOCAL_DISCOUNT,1,0.9257204757588166,0.8531468531468531
2026,SG-00873,SYN-CAND-00873-03,PROMOTIONAL_BONUS,0,0.7964424167197368,0.8256227758007118
2026,SG-00873,SYN-CAND-00873-04,BUNDLE,1,0.9031892801580756,0.8556701030927835
2026,SG-00873,SYN-CAND-00873-05,INTERNAL_REPURPOSE,1,0.9014212904434712,0.8252080856123662
2026,SG-00873,SYN-CAND-00873-06,DONATION,0,0.6032679525468458,0.6874251497005988
2026,SG-00873,SYN-CAND-00873-07,RETURN_TO_SUPPLIER,1,0.7261668011216534,0.8155111633372503
2026,SG-00873,SYN-CAND-00873-08,EXTERNAL_PARTNER,1,0.8306173159608731,0.7966903073286052
2026,SG-00884,SYN-CAND-00884-01,BUNDLE,1,0.9252541409365729,0.8556701030927835
2026,SG-00884,SYN-CAND-00884-02,RETURN_TO_SUPPLIER,1,0.821858484030679,0.8155111633372503
2026,SG-00884,SYN-CAND-00884-03,WHOLESALE,1,0.8400520963364718,0.800942285041225
2026,SG-00884,SYN-CAND-00884-04,PROMOTIONAL_BONUS,0,0.8931999364418229,0.8256227758007118
2026,SG-00884,SYN-CAND-00884-05,INTERNAL_REPURPOSE,1,0.8915376203959782,0.8252080856123662
2026,SG-00884,SYN-CAND-00884-06,DONATION,1,0.7206381635411958,0.6874251497005988
2026,SG-00884,SYN-CAND-00884-07,EXTERNAL_PARTNER,1,0.8094447327376824,0.7966903073286052
2026,SG-00884,SYN-CAND-00884-08,LOCAL_DISCOUNT,1,0.8962059643194453,0.8531468531468531
2026,SG-00888,SYN-CAND-00888-01,DONATION,1,0.688051027824063,0.6874251497005988
2026,SG-00888,SYN-CAND-00888-02,PROMOTIONAL_BONUS,0,0.6744848442212487,0.8256227758007118
2026,SG-00888,SYN-CAND-00888-03,EXTERNAL_PARTNER,1,0.4938907552830218,0.7966903073286052
2026,SG-00888,SYN-CAND-00888-04,RETURN_TO_SUPPLIER,0,0.8277597990916947,0.8155111633372503
2026,SG-00888,SYN-CAND-00888-05,BUNDLE,1,0.8054164159906569,0.8556701030927835
2026,SG-00888,SYN-CAND-00888-06,LOCAL_DISCOUNT,1,0.8580063189999138,0.8531468531468531
2026,SG-00888,SYN-CAND-00888-07,INTERNAL_REPURPOSE,1,0.804536138501217,0.8252080856123662
2026,SG-00888,SYN-CAND-00888-08,INTERNAL_USE,1,0.710048617884161,0.7357575757575757
2026,SG-00901,SYN-CAND-00901-01,PROMOTIONAL_BONUS,1,0.8605164233596382,0.8256227758007118
2026,SG-00901,SYN-CAND-00901-02,BRANCH_TRANSFER,1,0.8559640531558147,0.8136200716845878
2026,SG-00901,SYN-CAND-00901-03,WHOLESALE,1,0.8363739506741737,0.800942285041225
2026,SG-00901,SYN-CAND-00901-04,INTERNAL_REPURPOSE,1,0.8754807825891596,0.8252080856123662
2026,SG-00901,SYN-CAND-00901-05,DONATION,1,0.7476043829900262,0.6874251497005988
2026,SG-00901,SYN-CAND-00901-06,EXTERNAL_PARTNER,0,0.8666237586406398,0.7966903073286052
2026,SG-00901,SYN-CAND-00901-07,RETURN_TO_SUPPLIER,1,0.8939259870417097,0.8155111633372503
2026,SG-00901,SYN-CAND-00901-08,INTERNAL_USE,1,0.6622309027049937,0.7357575757575757
2026,SG-00917,SYN-CAND-00917-01,RETURN_TO_SUPPLIER,1,0.7744731178777813,0.8155111633372503
2026,SG-00917,SYN-CAND-00917-02,EXTERNAL_PARTNER,1,0.7530948268234234,0.7966903073286052
2026,SG-00917,SYN-CAND-00917-03,PROMOTIONAL_BONUS,1,0.8633264666212539,0.8256227758007118
2026,SG-00917,SYN-CAND-00917-04,BRANCH_TRANSFER,1,0.8355209096663102,0.8136200716845878
2026,SG-00917,SYN-CAND-00917-05,INTERNAL_REPURPOSE,1,0.8556909532475337,0.8252080856123662
2026,SG-00933,SYN-CAND-00933-01,PROMOTIONAL_BONUS,0,0.851483803203505,0.8256227758007118
2026,SG-00933,SYN-CAND-00933-02,BRANCH_TRANSFER,1,0.7353136597688064,0.8136200716845878
2026,SG-00933,SYN-CAND-00933-03,DONATION,1,0.6838305478450051,0.6874251497005988
2026,SG-00934,SYN-CAND-00934-01,PROMOTIONAL_BONUS,1,0.7598138157371838,0.8256227758007118
2026,SG-00934,SYN-CAND-00934-02,DONATION,1,0.7140385378016685,0.6874251497005988
2026,SG-00934,SYN-CAND-00934-03,INTERNAL_REPURPOSE,1,0.772772392754517,0.8252080856123662
2026,SG-00934,SYN-CAND-00934-04,BUNDLE,1,0.8731713260713397,0.8556701030927835
2026,SG-00934,SYN-CAND-00934-05,LOCAL_DISCOUNT,0,0.7540440952980939,0.8531468531468531
2026,SG-00934,SYN-CAND-00934-06,EXTERNAL_PARTNER,1,0.4036244085350026,0.7966903073286052
2026,SG-00935,SYN-CAND-00935-01,WHOLESALE,1,0.8632026340307329,0.800942285041225
2026,SG-00935,SYN-CAND-00935-02,INTERNAL_USE,0,0.7551484057400878,0.7357575757575757
2026,SG-00935,SYN-CAND-00935-03,LOCAL_DISCOUNT,1,0.8596986594755679,0.8531468531468531
2026,SG-00935,SYN-CAND-00935-04,EXTERNAL_PARTNER,0,0.792517025370127,0.7966903073286052
2026,SG-00935,SYN-CAND-00935-05,DONATION,1,0.8838118194920686,0.6874251497005988
2026,SG-00952,SYN-CAND-00952-01,WHOLESALE,1,0.8227295638248806,0.800942285041225
2026,SG-00952,SYN-CAND-00952-02,EXTERNAL_PARTNER,0,0.7280990976061057,0.7966903073286052
2026,SG-00952,SYN-CAND-00952-03,PROMOTIONAL_BONUS,0,0.850779298510277,0.8256227758007118
2026,SG-00952,SYN-CAND-00952-04,INTERNAL_USE,1,0.6625474123788111,0.7357575757575757
2026,SG-00952,SYN-CAND-00952-05,BRANCH_TRANSFER,1,0.8925485432005725,0.8136200716845878
2026,SG-00952,SYN-CAND-00952-06,LOCAL_DISCOUNT,1,0.8625301030740063,0.8531468531468531
2026,SG-00952,SYN-CAND-00952-07,RETURN_TO_SUPPLIER,1,0.8681205346329839,0.8155111633372503
2026,SG-00952,SYN-CAND-00952-08,BUNDLE,1,0.8564637459162521,0.8556701030927835
2026,SG-00954,SYN-CAND-00954-01,EXTERNAL_PARTNER,1,0.6589028914177478,0.7966903073286052
2026,SG-00954,SYN-CAND-00954-02,WHOLESALE,1,0.7982877498406338,0.800942285041225
2026,SG-00954,SYN-CAND-00954-03,LOCAL_DISCOUNT,1,0.9119183785787562,0.8531468531468531
2026,SG-00954,SYN-CAND-00954-04,BUNDLE,1,0.9095527774035675,0.8556701030927835
2026,SG-00954,SYN-CAND-00954-05,INTERNAL_USE,1,0.8127451933564401,0.7357575757575757
2026,SG-00954,SYN-CAND-00954-06,RETURN_TO_SUPPLIER,1,0.8375759247487865,0.8155111633372503
2026,SG-00955,SYN-CAND-00955-01,BRANCH_TRANSFER,1,0.8687863636431333,0.8136200716845878
2026,SG-00955,SYN-CAND-00955-02,EXTERNAL_PARTNER,0,0.8355429207741742,0.7966903073286052
2026,SG-00955,SYN-CAND-00955-03,WHOLESALE,1,0.7987192386380111,0.800942285041225
2026,SG-00955,SYN-CAND-00955-04,RETURN_TO_SUPPLIER,1,0.8403838426386826,0.8155111633372503
2026,SG-00955,SYN-CAND-00955-05,INTERNAL_USE,1,0.7290435341170473,0.7357575757575757
2026,SG-00955,SYN-CAND-00955-06,LOCAL_DISCOUNT,1,0.7550689676081483,0.8531468531468531
2026,SG-00955,SYN-CAND-00955-07,INTERNAL_REPURPOSE,1,0.8577111051683809,0.8252080856123662
2026,SG-00956,SYN-CAND-00956-01,WHOLESALE,1,0.7315238044972072,0.800942285041225
2026,SG-00956,SYN-CAND-00956-02,INTERNAL_USE,0,0.7684871772344523,0.7357575757575757
2026,SG-00956,SYN-CAND-00956-03,LOCAL_DISCOUNT,1,0.8104021545338259,0.8531468531468531
2026,SG-00956,SYN-CAND-00956-04,PROMOTIONAL_BONUS,1,0.7298791368086608,0.8256227758007118
2026,SG-00956,SYN-CAND-00956-05,RETURN_TO_SUPPLIER,1,0.7895122601120667,0.8155111633372503
2026,SG-00956,SYN-CAND-00956-06,BUNDLE,1,0.85613190400377,0.8556701030927835
2026,SG-00964,SYN-CAND-00964-01,EXTERNAL_PARTNER,1,0.8211503526868075,0.7966903073286052
2026,SG-00964,SYN-CAND-00964-02,DONATION,0,0.7964021766873421,0.6874251497005988
2026,SG-00986,SYN-CAND-00986-01,BUNDLE,0,0.7951960117513746,0.8556701030927835
2026,SG-00986,SYN-CAND-00986-02,LOCAL_DISCOUNT,1,0.8965069968386293,0.8531468531468531
2026,SG-00986,SYN-CAND-00986-03,PROMOTIONAL_BONUS,0,0.8999892455497134,0.8256227758007118
2026,SG-00986,SYN-CAND-00986-04,DONATION,0,0.5708757539782549,0.6874251497005988
2026,SG-00986,SYN-CAND-00986-05,EXTERNAL_PARTNER,0,0.7639339047187648,0.7966903073286052
2026,SG-00986,SYN-CAND-00986-06,WHOLESALE,1,0.8175521844948165,0.800942285041225
2026,SG-00986,SYN-CAND-00986-07,INTERNAL_REPURPOSE,1,0.8379838980204217,0.8252080856123662
2026,SG-00986,SYN-CAND-00986-08,RETURN_TO_SUPPLIER,0,0.7962781269088154,0.8155111633372503
2026,SG-00989,SYN-CAND-00989-01,INTERNAL_USE,1,0.7737058810467451,0.7357575757575757
2026,SG-00989,SYN-CAND-00989-02,BRANCH_TRANSFER,1,0.7495833683469875,0.8136200716845878
2026,SG-00989,SYN-CAND-00989-03,BUNDLE,0,0.9051251686415783,0.8556701030927835
2026,SG-00989,SYN-CAND-00989-04,EXTERNAL_PARTNER,1,0.8541746087179396,0.7966903073286052
2026,SG-00989,SYN-CAND-00989-05,DONATION,1,0.5877329349326457,0.6874251497005988
2026,SG-00989,SYN-CAND-00989-06,INTERNAL_REPURPOSE,1,0.8323141958235455,0.8252080856123662
2026,SG-00994,SYN-CAND-00994-01,BUNDLE,1,0.8537095057764895,0.8556701030927835
2026,SG-00994,SYN-CAND-00994-02,DONATION,1,0.6876907650900116,0.6874251497005988
2026,SG-00994,SYN-CAND-00994-03,LOCAL_DISCOUNT,1,0.8876130183769676,0.8531468531468531
2026,SG-00994,SYN-CAND-00994-04,WHOLESALE,1,0.8567032383482674,0.800942285041225
2026,SG-00994,SYN-CAND-00994-05,INTERNAL_USE,1,0.6978070269768443,0.7357575757575757
2026,SG-00994,SYN-CAND-00994-06,RETURN_TO_SUPPLIER,1,0.8730004271004098,0.8155111633372503
2026,SG-00994,SYN-CAND-00994-07,INTERNAL_REPURPOSE,0,0.888504522007731,0.8252080856123662
2026,SG-00998,SYN-CAND-00998-01,DONATION,1,0.7716686612084592,0.6874251497005988
2026,SG-00998,SYN-CAND-00998-02,PROMOTIONAL_BONUS,1,0.8648574352436645,0.8256227758007118
2026,SG-01003,SYN-CAND-01003-01,INTERNAL_USE,1,0.7212303377103747,0.7357575757575757
2026,SG-01003,SYN-CAND-01003-02,INTERNAL_REPURPOSE,1,0.7068476706380747,0.8252080856123662
2026,SG-01003,SYN-CAND-01003-03,PROMOTIONAL_BONUS,0,0.8043410272615013,0.8256227758007118
2026,SG-01003,SYN-CAND-01003-04,BRANCH_TRANSFER,1,0.8281998076455589,0.8136200716845878
2026,SG-01003,SYN-CAND-01003-05,DONATION,1,0.7776100545830537,0.6874251497005988
2026,SG-01009,SYN-CAND-01009-01,EXTERNAL_PARTNER,1,0.6761478010780723,0.7966903073286052
2026,SG-01009,SYN-CAND-01009-02,WHOLESALE,1,0.9074570222730822,0.800942285041225
2026,SG-01009,SYN-CAND-01009-03,BRANCH_TRANSFER,1,0.8619278082819342,0.8136200716845878
2026,SG-01009,SYN-CAND-01009-04,BUNDLE,1,0.9117602816610444,0.8556701030927835
2026,SG-01010,SYN-CAND-01010-01,RETURN_TO_SUPPLIER,1,0.830718267740672,0.8155111633372503
2026,SG-01010,SYN-CAND-01010-02,EXTERNAL_PARTNER,1,0.7683535848550881,0.7966903073286052
2026,SG-01013,SYN-CAND-01013-01,BUNDLE,0,0.8736284479292067,0.8556701030927835
2026,SG-01013,SYN-CAND-01013-02,BRANCH_TRANSFER,1,0.8383184876715453,0.8136200716845878
2026,SG-01013,SYN-CAND-01013-03,PROMOTIONAL_BONUS,1,0.8662779422119371,0.8256227758007118
2026,SG-01013,SYN-CAND-01013-04,LOCAL_DISCOUNT,1,0.8014972369879281,0.8531468531468531
2026,SG-01013,SYN-CAND-01013-05,INTERNAL_REPURPOSE,1,0.8669806315603396,0.8252080856123662
2026,SG-01021,SYN-CAND-01021-01,EXTERNAL_PARTNER,0,0.8524289393509387,0.7966903073286052
2026,SG-01021,SYN-CAND-01021-02,INTERNAL_USE,1,0.709026026066245,0.7357575757575757
2026,SG-01021,SYN-CAND-01021-03,BRANCH_TRANSFER,1,0.8352004013511851,0.8136200716845878
2026,SG-01021,SYN-CAND-01021-04,LOCAL_DISCOUNT,1,0.7392649395632812,0.8531468531468531
2026,SG-01021,SYN-CAND-01021-05,DONATION,1,0.7372182044125029,0.6874251497005988
2026,SG-01021,SYN-CAND-01021-06,INTERNAL_REPURPOSE,1,0.8730749704267042,0.8252080856123662
2026,SG-01021,SYN-CAND-01021-07,BUNDLE,1,0.8998093622017538,0.8556701030927835
2026,SG-01021,SYN-CAND-01021-08,RETURN_TO_SUPPLIER,1,0.9078946843892106,0.8155111633372503
2026,SG-01032,SYN-CAND-01032-01,LOCAL_DISCOUNT,1,0.8071028688838191,0.8531468531468531
2026,SG-01032,SYN-CAND-01032-02,INTERNAL_USE,1,0.6959910604717295,0.7357575757575757
2026,SG-01032,SYN-CAND-01032-03,BRANCH_TRANSFER,1,0.7981265569410605,0.8136200716845878
2026,SG-01039,SYN-CAND-01039-01,BUNDLE,1,0.8197056629363167,0.8556701030927835
2026,SG-01039,SYN-CAND-01039-02,EXTERNAL_PARTNER,1,0.830593773154256,0.7966903073286052
2026,SG-01039,SYN-CAND-01039-03,INTERNAL_REPURPOSE,1,0.8820927227229631,0.8252080856123662
2026,SG-01039,SYN-CAND-01039-04,INTERNAL_USE,0,0.7364940689385878,0.7357575757575757
2026,SG-01039,SYN-CAND-01039-05,BRANCH_TRANSFER,0,0.6895125572429064,0.8136200716845878
2026,SG-01044,SYN-CAND-01044-01,LOCAL_DISCOUNT,0,0.9292892878546761,0.8531468531468531
2026,SG-01044,SYN-CAND-01044-02,INTERNAL_USE,1,0.7479147241506956,0.7357575757575757
2026,SG-01044,SYN-CAND-01044-03,BUNDLE,1,0.7649429464886707,0.8556701030927835
2026,SG-01044,SYN-CAND-01044-04,INTERNAL_REPURPOSE,1,0.8286019775853305,0.8252080856123662
2026,SG-01044,SYN-CAND-01044-05,BRANCH_TRANSFER,1,0.8242840816001886,0.8136200716845878
2026,SG-01044,SYN-CAND-01044-06,EXTERNAL_PARTNER,1,0.8235069059083229,0.7966903073286052
2026,SG-01045,SYN-CAND-01045-01,BUNDLE,1,0.8476447920394835,0.8556701030927835
2026,SG-01045,SYN-CAND-01045-02,DONATION,0,0.6288068452884339,0.6874251497005988
2026,SG-01045,SYN-CAND-01045-03,PROMOTIONAL_BONUS,1,0.7963586784873142,0.8256227758007118
2026,SG-01045,SYN-CAND-01045-04,EXTERNAL_PARTNER,0,0.5964605773576368,0.7966903073286052
2026,SG-01045,SYN-CAND-01045-05,BRANCH_TRANSFER,0,0.8651127382470577,0.8136200716845878
2026,SG-01045,SYN-CAND-01045-06,INTERNAL_USE,1,0.8045251181132365,0.7357575757575757
2026,SG-01045,SYN-CAND-01045-07,LOCAL_DISCOUNT,0,0.9016854875629293,0.8531468531468531
2026,SG-01055,SYN-CAND-01055-01,BRANCH_TRANSFER,1,0.9268377684462336,0.8136200716845878
2026,SG-01055,SYN-CAND-01055-02,WHOLESALE,1,0.7671724630727079,0.800942285041225
2026,SG-01055,SYN-CAND-01055-03,DONATION,1,0.6810521554895747,0.6874251497005988
2026,SG-01055,SYN-CAND-01055-04,BUNDLE,1,0.9103195846239657,0.8556701030927835
2026,SG-01055,SYN-CAND-01055-05,RETURN_TO_SUPPLIER,1,0.6897326382937765,0.8155111633372503
2026,SG-01055,SYN-CAND-01055-06,INTERNAL_USE,0,0.7611295686753875,0.7357575757575757
2026,SG-01055,SYN-CAND-01055-07,INTERNAL_REPURPOSE,1,0.7914284786106208,0.8252080856123662
2026,SG-01063,SYN-CAND-01063-01,WHOLESALE,0,0.7486710157560803,0.800942285041225
2026,SG-01063,SYN-CAND-01063-02,PROMOTIONAL_BONUS,1,0.881870445972686,0.8256227758007118
2026,SG-01063,SYN-CAND-01063-03,EXTERNAL_PARTNER,1,0.8928937995679815,0.7966903073286052
2026,SG-01063,SYN-CAND-01063-04,INTERNAL_REPURPOSE,1,0.8286994540195989,0.8252080856123662
2026,SG-01063,SYN-CAND-01063-05,INTERNAL_USE,1,0.6833720904741395,0.7357575757575757
2026,SG-01063,SYN-CAND-01063-06,LOCAL_DISCOUNT,0,0.8538028184811046,0.8531468531468531
2026,SG-01063,SYN-CAND-01063-07,BUNDLE,1,0.9028962644597872,0.8556701030927835
2026,SG-01081,SYN-CAND-01081-01,RETURN_TO_SUPPLIER,1,0.6355861596937199,0.8155111633372503
2026,SG-01081,SYN-CAND-01081-02,BUNDLE,1,0.5938591889009727,0.8556701030927835
2026,SG-01083,SYN-CAND-01083-01,WHOLESALE,1,0.8901291402250312,0.800942285041225
2026,SG-01083,SYN-CAND-01083-02,DONATION,1,0.7542715968901171,0.6874251497005988
2026,SG-01083,SYN-CAND-01083-03,INTERNAL_USE,0,0.8235968523811793,0.7357575757575757
2026,SG-01083,SYN-CAND-01083-04,RETURN_TO_SUPPLIER,1,0.7396803219568023,0.8155111633372503
2026,SG-01083,SYN-CAND-01083-05,LOCAL_DISCOUNT,1,0.8170643620434898,0.8531468531468531
2026,SG-01083,SYN-CAND-01083-06,BUNDLE,1,0.8748462753735857,0.8556701030927835
2026,SG-01083,SYN-CAND-01083-07,INTERNAL_REPURPOSE,0,0.846025770534651,0.8252080856123662
2026,SG-01086,SYN-CAND-01086-01,INTERNAL_USE,0,0.6522945394063425,0.7357575757575757
2026,SG-01086,SYN-CAND-01086-02,PROMOTIONAL_BONUS,1,0.8534937606968164,0.8256227758007118
2026,SG-01086,SYN-CAND-01086-03,BRANCH_TRANSFER,0,0.7287051680917983,0.8136200716845878
2026,SG-01086,SYN-CAND-01086-04,INTERNAL_REPURPOSE,1,0.8996337183627797,0.8252080856123662
2026,SG-01086,SYN-CAND-01086-05,WHOLESALE,1,0.8399449194032155,0.800942285041225
2026,SG-01086,SYN-CAND-01086-06,BUNDLE,1,0.8821917568095438,0.8556701030927835
2026,SG-01087,SYN-CAND-01087-01,INTERNAL_USE,1,0.787907189977382,0.7357575757575757
2026,SG-01087,SYN-CAND-01087-02,DONATION,1,0.624277355944809,0.6874251497005988
2026,SG-01087,SYN-CAND-01087-03,RETURN_TO_SUPPLIER,0,0.8748213546531981,0.8155111633372503
2026,SG-01087,SYN-CAND-01087-04,EXTERNAL_PARTNER,1,0.7522109008498298,0.7966903073286052
2026,SG-01089,SYN-CAND-01089-01,DONATION,1,0.7332458639954889,0.6874251497005988
2026,SG-01089,SYN-CAND-01089-02,EXTERNAL_PARTNER,1,0.8122347809120732,0.7966903073286052
2026,SG-01089,SYN-CAND-01089-03,RETURN_TO_SUPPLIER,1,0.8828180721395679,0.8155111633372503
2026,SG-01089,SYN-CAND-01089-04,BUNDLE,1,0.7850876860823492,0.8556701030927835
2026,SG-01089,SYN-CAND-01089-05,LOCAL_DISCOUNT,0,0.88885706531195,0.8531468531468531
2026,SG-01089,SYN-CAND-01089-06,PROMOTIONAL_BONUS,1,0.8615251456218551,0.8256227758007118
2026,SG-01099,SYN-CAND-01099-01,LOCAL_DISCOUNT,1,0.8092577640888183,0.8531468531468531
2026,SG-01099,SYN-CAND-01099-02,BUNDLE,1,0.7802054167298816,0.8556701030927835
2026,SG-01099,SYN-CAND-01099-03,BRANCH_TRANSFER,0,0.549204807749317,0.8136200716845878
2026,SG-01101,SYN-CAND-01101-01,PROMOTIONAL_BONUS,1,0.8517177770195052,0.8256227758007118
2026,SG-01101,SYN-CAND-01101-02,INTERNAL_REPURPOSE,1,0.6650342626010199,0.8252080856123662
2026,SG-01101,SYN-CAND-01101-03,WHOLESALE,1,0.8155998205601304,0.800942285041225
2026,SG-01102,SYN-CAND-01102-01,WHOLESALE,1,0.7630855443016478,0.800942285041225
2026,SG-01102,SYN-CAND-01102-02,EXTERNAL_PARTNER,1,0.8153032805457294,0.7966903073286052
2026,SG-01102,SYN-CAND-01102-03,RETURN_TO_SUPPLIER,1,0.7880756774525653,0.8155111633372503
2026,SG-01102,SYN-CAND-01102-04,INTERNAL_USE,1,0.6826934461635514,0.7357575757575757
2026,SG-01102,SYN-CAND-01102-05,LOCAL_DISCOUNT,1,0.8931977309633583,0.8531468531468531
2026,SG-01103,SYN-CAND-01103-01,PROMOTIONAL_BONUS,1,0.7932930171382202,0.8256227758007118
2026,SG-01103,SYN-CAND-01103-02,EXTERNAL_PARTNER,1,0.8475171178475518,0.7966903073286052
2026,SG-01103,SYN-CAND-01103-03,BUNDLE,1,0.8959158032565264,0.8556701030927835
2026,SG-01103,SYN-CAND-01103-04,INTERNAL_USE,0,0.7084660843874964,0.7357575757575757
2026,SG-01103,SYN-CAND-01103-05,INTERNAL_REPURPOSE,1,0.8099254737814487,0.8252080856123662
2026,SG-01103,SYN-CAND-01103-06,DONATION,1,0.6957315409610634,0.6874251497005988
2026,SG-01104,SYN-CAND-01104-01,PROMOTIONAL_BONUS,1,0.8490242822172435,0.8256227758007118
2026,SG-01104,SYN-CAND-01104-02,INTERNAL_USE,1,0.7382919958017654,0.7357575757575757
2026,SG-01104,SYN-CAND-01104-03,BRANCH_TRANSFER,1,0.846101078191157,0.8136200716845878
2026,SG-01104,SYN-CAND-01104-04,INTERNAL_REPURPOSE,1,0.7950796985022287,0.8252080856123662
2026,SG-01104,SYN-CAND-01104-05,BUNDLE,1,0.8255778844630457,0.8556701030927835
2026,SG-01104,SYN-CAND-01104-06,EXTERNAL_PARTNER,1,0.8484154898015477,0.7966903073286052
2026,SG-01104,SYN-CAND-01104-07,RETURN_TO_SUPPLIER,1,0.8541367582680923,0.8155111633372503
2026,SG-01109,SYN-CAND-01109-01,BUNDLE,1,0.9060230523591307,0.8556701030927835
2026,SG-01109,SYN-CAND-01109-02,RETURN_TO_SUPPLIER,1,0.8527019204147545,0.8155111633372503
2026,SG-01109,SYN-CAND-01109-03,DONATION,0,0.8036207666795564,0.6874251497005988
2026,SG-01109,SYN-CAND-01109-04,INTERNAL_REPURPOSE,1,0.8193445480563369,0.8252080856123662
2026,SG-01109,SYN-CAND-01109-05,BRANCH_TRANSFER,1,0.9008344556992318,0.8136200716845878
2026,SG-01109,SYN-CAND-01109-06,WHOLESALE,1,0.8765101997457944,0.800942285041225
2026,SG-01116,SYN-CAND-01116-01,PROMOTIONAL_BONUS,1,0.5926937420589606,0.8256227758007118
2026,SG-01116,SYN-CAND-01116-02,BUNDLE,1,0.7448599412967977,0.8556701030927835
2026,SG-01116,SYN-CAND-01116-03,INTERNAL_USE,0,0.7463014280667666,0.7357575757575757
2026,SG-01116,SYN-CAND-01116-04,LOCAL_DISCOUNT,1,0.6349452479317108,0.8531468531468531
2026,SG-01116,SYN-CAND-01116-05,INTERNAL_REPURPOSE,1,0.5979693297376772,0.8252080856123662
2026,SG-01116,SYN-CAND-01116-06,BRANCH_TRANSFER,1,0.8726258501742041,0.8136200716845878
2026,SG-01116,SYN-CAND-01116-07,DONATION,1,0.6768889904704639,0.6874251497005988
2026,SG-01116,SYN-CAND-01116-08,EXTERNAL_PARTNER,1,0.7629224374272446,0.7966903073286052
2026,SG-01123,SYN-CAND-01123-01,BUNDLE,1,0.8939936160751614,0.8556701030927835
2026,SG-01123,SYN-CAND-01123-02,BRANCH_TRANSFER,1,0.8606453339871475,0.8136200716845878
2026,SG-01123,SYN-CAND-01123-03,INTERNAL_USE,1,0.7191409626702598,0.7357575757575757
2026,SG-01123,SYN-CAND-01123-04,LOCAL_DISCOUNT,1,0.8179651508826944,0.8531468531468531
2026,SG-01123,SYN-CAND-01123-05,EXTERNAL_PARTNER,1,0.7749427756659445,0.7966903073286052
2026,SG-01123,SYN-CAND-01123-06,DONATION,1,0.6203466325072213,0.6874251497005988
2026,SG-01123,SYN-CAND-01123-07,INTERNAL_REPURPOSE,1,0.8548134529997033,0.8252080856123662
2026,SG-01123,SYN-CAND-01123-08,WHOLESALE,1,0.8090671832114843,0.800942285041225
2026,SG-01126,SYN-CAND-01126-01,RETURN_TO_SUPPLIER,1,0.8107787342448529,0.8155111633372503
2026,SG-01126,SYN-CAND-01126-02,BRANCH_TRANSFER,1,0.7713257866579519,0.8136200716845878
2026,SG-01126,SYN-CAND-01126-03,PROMOTIONAL_BONUS,0,0.7920642918281471,0.8256227758007118
2026,SG-01126,SYN-CAND-01126-04,INTERNAL_USE,1,0.7269881120052244,0.7357575757575757
2026,SG-01126,SYN-CAND-01126-05,DONATION,1,0.7258446045465443,0.6874251497005988
2026,SG-01131,SYN-CAND-01131-01,INTERNAL_USE,1,0.8101893005296681,0.7357575757575757
2026,SG-01131,SYN-CAND-01131-02,WHOLESALE,0,0.9159183351734852,0.800942285041225
2026,SG-01131,SYN-CAND-01131-03,BUNDLE,1,0.8297373267421854,0.8556701030927835
2026,SG-01132,SYN-CAND-01132-01,BRANCH_TRANSFER,1,0.8420116370607673,0.8136200716845878
2026,SG-01132,SYN-CAND-01132-02,EXTERNAL_PARTNER,1,0.8729703103233468,0.7966903073286052
2026,SG-01139,SYN-CAND-01139-01,INTERNAL_REPURPOSE,1,0.7153381356761512,0.8252080856123662
2026,SG-01139,SYN-CAND-01139-02,LOCAL_DISCOUNT,1,0.891708615177224,0.8531468531468531
2026,SG-01139,SYN-CAND-01139-03,INTERNAL_USE,1,0.7438851265248406,0.7357575757575757
2026,SG-01139,SYN-CAND-01139-04,WHOLESALE,0,0.799541835113548,0.800942285041225
2026,SG-01139,SYN-CAND-01139-05,EXTERNAL_PARTNER,1,0.6758707408035277,0.7966903073286052
2026,SG-01139,SYN-CAND-01139-06,RETURN_TO_SUPPLIER,0,0.8866988530681549,0.8155111633372503
2026,SG-01139,SYN-CAND-01139-07,DONATION,0,0.6959956974635694,0.6874251497005988
2026,SG-01145,SYN-CAND-01145-01,WHOLESALE,1,0.6146993204838664,0.800942285041225
2026,SG-01145,SYN-CAND-01145-02,INTERNAL_REPURPOSE,1,0.8364141940149059,0.8252080856123662
2026,SG-01152,SYN-CAND-01152-01,LOCAL_DISCOUNT,1,0.829276317742273,0.8531468531468531
2026,SG-01152,SYN-CAND-01152-02,BRANCH_TRANSFER,1,0.8404414728560125,0.8136200716845878
2026,SG-01152,SYN-CAND-01152-03,PROMOTIONAL_BONUS,1,0.8544369335703859,0.8256227758007118
2026,SG-01152,SYN-CAND-01152-04,INTERNAL_REPURPOSE,1,0.8883500932195116,0.8252080856123662
2026,SG-01152,SYN-CAND-01152-05,EXTERNAL_PARTNER,1,0.7884252610520165,0.7966903073286052
2026,SG-01152,SYN-CAND-01152-06,RETURN_TO_SUPPLIER,1,0.842091524019273,0.8155111633372503
2026,SG-01153,SYN-CAND-01153-01,LOCAL_DISCOUNT,1,0.9177578037666242,0.8531468531468531
2026,SG-01153,SYN-CAND-01153-02,BRANCH_TRANSFER,1,0.8033682268968428,0.8136200716845878
2026,SG-01153,SYN-CAND-01153-03,INTERNAL_REPURPOSE,1,0.7745076048449604,0.8252080856123662
2026,SG-01153,SYN-CAND-01153-04,WHOLESALE,0,0.8034055474838646,0.800942285041225
2026,SG-01153,SYN-CAND-01153-05,EXTERNAL_PARTNER,1,0.8652079146201546,0.7966903073286052
2026,SG-01153,SYN-CAND-01153-06,DONATION,0,0.7955853589123084,0.6874251497005988
2026,SG-01153,SYN-CAND-01153-07,RETURN_TO_SUPPLIER,0,0.7758039764519719,0.8155111633372503
2026,SG-01153,SYN-CAND-01153-08,PROMOTIONAL_BONUS,0,0.88247648939485,0.8256227758007118
2026,SG-01160,SYN-CAND-01160-01,BUNDLE,1,0.8787019477627657,0.8556701030927835
2026,SG-01160,SYN-CAND-01160-02,INTERNAL_USE,1,0.7337861559884151,0.7357575757575757
2026,SG-01160,SYN-CAND-01160-03,DONATION,0,0.8299771890582813,0.6874251497005988
2026,SG-01160,SYN-CAND-01160-04,LOCAL_DISCOUNT,1,0.7895896122959283,0.8531468531468531
2026,SG-01160,SYN-CAND-01160-05,BRANCH_TRANSFER,1,0.8277684388238129,0.8136200716845878
2026,SG-01160,SYN-CAND-01160-06,RETURN_TO_SUPPLIER,0,0.8546618337593247,0.8155111633372503
2026,SG-01160,SYN-CAND-01160-07,PROMOTIONAL_BONUS,1,0.7350684358240683,0.8256227758007118
2026,SG-01164,SYN-CAND-01164-01,INTERNAL_REPURPOSE,1,0.9024643585056428,0.8252080856123662
2026,SG-01164,SYN-CAND-01164-02,LOCAL_DISCOUNT,1,0.8949207269600046,0.8531468531468531
2026,SG-01164,SYN-CAND-01164-03,EXTERNAL_PARTNER,1,0.8626723598744879,0.7966903073286052
2026,SG-01164,SYN-CAND-01164-04,BUNDLE,1,0.906218967382389,0.8556701030927835
2026,SG-01164,SYN-CAND-01164-05,WHOLESALE,1,0.8321700190052427,0.800942285041225
2026,SG-01164,SYN-CAND-01164-06,DONATION,1,0.6958412692476003,0.6874251497005988
2026,SG-01164,SYN-CAND-01164-07,INTERNAL_USE,1,0.6858812508617209,0.7357575757575757
2026,SG-01168,SYN-CAND-01168-01,LOCAL_DISCOUNT,1,0.8730064128021927,0.8531468531468531
2026,SG-01168,SYN-CAND-01168-02,INTERNAL_USE,1,0.8037483115387846,0.7357575757575757
2026,SG-01168,SYN-CAND-01168-03,WHOLESALE,1,0.8591091428517429,0.800942285041225
2026,SG-01168,SYN-CAND-01168-04,BUNDLE,1,0.8115608576938392,0.8556701030927835
2026,SG-01177,SYN-CAND-01177-01,BRANCH_TRANSFER,1,0.8315006552546381,0.8136200716845878
2026,SG-01177,SYN-CAND-01177-02,PROMOTIONAL_BONUS,0,0.6967730011214222,0.8256227758007118
2026,SG-01177,SYN-CAND-01177-03,EXTERNAL_PARTNER,1,0.7032875246988992,0.7966903073286052
2026,SG-01177,SYN-CAND-01177-04,LOCAL_DISCOUNT,1,0.6295850606485383,0.8531468531468531
2026,SG-01177,SYN-CAND-01177-05,DONATION,1,0.5892068997353118,0.6874251497005988
2026,SG-01177,SYN-CAND-01177-06,INTERNAL_REPURPOSE,1,0.8694313706332828,0.8252080856123662
2026,SG-01179,SYN-CAND-01179-01,DONATION,1,0.7933937600473691,0.6874251497005988
2026,SG-01179,SYN-CAND-01179-02,EXTERNAL_PARTNER,0,0.8842761487344412,0.7966903073286052
2026,SG-01180,SYN-CAND-01180-01,EXTERNAL_PARTNER,1,0.769489064344129,0.7966903073286052
2026,SG-01180,SYN-CAND-01180-02,BUNDLE,0,0.9155271899975985,0.8556701030927835
2026,SG-01184,SYN-CAND-01184-01,EXTERNAL_PARTNER,1,0.8927459429085577,0.7966903073286052
2026,SG-01184,SYN-CAND-01184-02,BRANCH_TRANSFER,1,0.7815301246359552,0.8136200716845878
2026,SG-01184,SYN-CAND-01184-03,PROMOTIONAL_BONUS,1,0.8395610562579865,0.8256227758007118
2026,SG-01184,SYN-CAND-01184-04,WHOLESALE,1,0.8632846525518991,0.800942285041225
2026,SG-01184,SYN-CAND-01184-05,LOCAL_DISCOUNT,1,0.8602196208523923,0.8531468531468531
2026,SG-01184,SYN-CAND-01184-06,BUNDLE,0,0.8455561218756146,0.8556701030927835
2026,SG-01197,SYN-CAND-01197-01,BUNDLE,0,0.8810186295660218,0.8556701030927835
2026,SG-01197,SYN-CAND-01197-02,WHOLESALE,1,0.8882621249838989,0.800942285041225
2026,SG-01197,SYN-CAND-01197-03,LOCAL_DISCOUNT,1,0.7940616773505672,0.8531468531468531
2026,SG-01198,SYN-CAND-01198-01,EXTERNAL_PARTNER,0,0.7933740324254797,0.7966903073286052
2026,SG-01198,SYN-CAND-01198-02,BRANCH_TRANSFER,1,0.837370195059692,0.8136200716845878
2026,SG-01199,SYN-CAND-01199-01,EXTERNAL_PARTNER,1,0.5069739603339055,0.7966903073286052
2026,SG-01199,SYN-CAND-01199-02,BRANCH_TRANSFER,1,0.815621264605059,0.8136200716845878
2026,SG-01199,SYN-CAND-01199-03,BUNDLE,1,0.868233846234784,0.8556701030927835
2026,SG-01207,SYN-CAND-01207-01,PROMOTIONAL_BONUS,1,0.8371495446586207,0.8256227758007118
2026,SG-01207,SYN-CAND-01207-02,RETURN_TO_SUPPLIER,1,0.8771330917256948,0.8155111633372503
2026,SG-01207,SYN-CAND-01207-03,BRANCH_TRANSFER,0,0.8905378807108171,0.8136200716845878
2026,SG-01207,SYN-CAND-01207-04,WHOLESALE,0,0.8048010410778446,0.800942285041225
2026,SG-01207,SYN-CAND-01207-05,DONATION,0,0.6712513464611193,0.6874251497005988
2026,SG-01209,SYN-CAND-01209-01,WHOLESALE,1,0.7944373968088411,0.800942285041225
2026,SG-01209,SYN-CAND-01209-02,BRANCH_TRANSFER,0,0.8399923847666844,0.8136200716845878
2026,SG-01209,SYN-CAND-01209-03,DONATION,1,0.6508433430055751,0.6874251497005988
2026,SG-01209,SYN-CAND-01209-04,RETURN_TO_SUPPLIER,1,0.8636262535686526,0.8155111633372503
2026,SG-01209,SYN-CAND-01209-05,LOCAL_DISCOUNT,1,0.8196740233365689,0.8531468531468531
2026,SG-01216,SYN-CAND-01216-01,BRANCH_TRANSFER,1,0.8206455453717865,0.8136200716845878
2026,SG-01216,SYN-CAND-01216-02,EXTERNAL_PARTNER,1,0.8843866605579676,0.7966903073286052
2026,SG-01216,SYN-CAND-01216-03,PROMOTIONAL_BONUS,1,0.916099497574937,0.8256227758007118
2026,SG-01216,SYN-CAND-01216-04,LOCAL_DISCOUNT,1,0.8200831879377887,0.8531468531468531
2026,SG-01216,SYN-CAND-01216-05,INTERNAL_REPURPOSE,1,0.8662431173688008,0.8252080856123662
2026,SG-01221,SYN-CAND-01221-01,EXTERNAL_PARTNER,1,0.8313008205192867,0.7966903073286052
2026,SG-01221,SYN-CAND-01221-02,PROMOTIONAL_BONUS,1,0.8761431756133334,0.8256227758007118
2026,SG-01221,SYN-CAND-01221-03,INTERNAL_USE,1,0.7729646349507949,0.7357575757575757
2026,SG-01221,SYN-CAND-01221-04,DONATION,1,0.7777527580488277,0.6874251497005988
2026,SG-01223,SYN-CAND-01223-01,INTERNAL_USE,0,0.7550158456396378,0.7357575757575757
2026,SG-01223,SYN-CAND-01223-02,PROMOTIONAL_BONUS,1,0.7540535552904821,0.8256227758007118
2026,SG-01223,SYN-CAND-01223-03,RETURN_TO_SUPPLIER,1,0.7326715505849891,0.8155111633372503
2026,SG-01223,SYN-CAND-01223-04,BRANCH_TRANSFER,1,0.7688063966197357,0.8136200716845878
2026,SG-01223,SYN-CAND-01223-05,EXTERNAL_PARTNER,1,0.8598192457805413,0.7966903073286052
2026,SG-01223,SYN-CAND-01223-06,WHOLESALE,1,0.766858056684908,0.800942285041225
2026,SG-01229,SYN-CAND-01229-01,EXTERNAL_PARTNER,1,0.9271351565552923,0.7966903073286052
2026,SG-01229,SYN-CAND-01229-02,DONATION,0,0.808586532371027,0.6874251497005988
2026,SG-01229,SYN-CAND-01229-03,RETURN_TO_SUPPLIER,0,0.8168831894303429,0.8155111633372503
2026,SG-01229,SYN-CAND-01229-04,BRANCH_TRANSFER,1,0.7584464394262721,0.8136200716845878
2026,SG-01231,SYN-CAND-01231-01,WHOLESALE,1,0.682550965021977,0.800942285041225
2026,SG-01231,SYN-CAND-01231-02,BRANCH_TRANSFER,1,0.8624082725567157,0.8136200716845878
2026,SG-01231,SYN-CAND-01231-03,DONATION,0,0.4474915032990406,0.6874251497005988
2026,SG-01232,SYN-CAND-01232-01,DONATION,1,0.7523977574646245,0.6874251497005988
2026,SG-01232,SYN-CAND-01232-02,INTERNAL_REPURPOSE,1,0.6593962950316506,0.8252080856123662
2026,SG-01232,SYN-CAND-01232-03,RETURN_TO_SUPPLIER,0,0.7992138958450334,0.8155111633372503
2026,SG-01232,SYN-CAND-01232-04,LOCAL_DISCOUNT,1,0.8710663031196153,0.8531468531468531
2026,SG-01232,SYN-CAND-01232-05,BRANCH_TRANSFER,1,0.7769256702475287,0.8136200716845878
2026,SG-01232,SYN-CAND-01232-06,BUNDLE,1,0.8004666091640491,0.8556701030927835
2026,SG-01232,SYN-CAND-01232-07,EXTERNAL_PARTNER,1,0.7842549326802782,0.7966903073286052
2026,SG-01232,SYN-CAND-01232-08,WHOLESALE,1,0.8359686358705346,0.800942285041225
2026,SG-01234,SYN-CAND-01234-01,LOCAL_DISCOUNT,1,0.9041880758530663,0.8531468531468531
2026,SG-01234,SYN-CAND-01234-02,BUNDLE,1,0.886932113241711,0.8556701030927835
2026,SG-01234,SYN-CAND-01234-03,RETURN_TO_SUPPLIER,1,0.688828526128631,0.8155111633372503
2026,SG-01234,SYN-CAND-01234-04,DONATION,1,0.6067233318490645,0.6874251497005988
2026,SG-01234,SYN-CAND-01234-05,WHOLESALE,1,0.8540766433183995,0.800942285041225
2026,SG-01234,SYN-CAND-01234-06,PROMOTIONAL_BONUS,1,0.8049805674478223,0.8256227758007118
2026,SG-01235,SYN-CAND-01235-01,LOCAL_DISCOUNT,1,0.8863789794874832,0.8531468531468531
2026,SG-01235,SYN-CAND-01235-02,EXTERNAL_PARTNER,1,0.8701492578383172,0.7966903073286052
2026,SG-01235,SYN-CAND-01235-03,WHOLESALE,1,0.7873249469093386,0.800942285041225
2026,SG-01235,SYN-CAND-01235-04,PROMOTIONAL_BONUS,1,0.7746414406870727,0.8256227758007118
2026,SG-01235,SYN-CAND-01235-05,BRANCH_TRANSFER,1,0.7662719200112925,0.8136200716845878
2026,SG-01240,SYN-CAND-01240-01,RETURN_TO_SUPPLIER,1,0.8662699394275559,0.8155111633372503
2026,SG-01240,SYN-CAND-01240-02,INTERNAL_USE,0,0.7069465441068863,0.7357575757575757
2026,SG-01244,SYN-CAND-01244-01,LOCAL_DISCOUNT,1,0.8079018584086617,0.8531468531468531
2026,SG-01244,SYN-CAND-01244-02,BUNDLE,1,0.8548958532870795,0.8556701030927835
2026,SG-01244,SYN-CAND-01244-03,INTERNAL_USE,1,0.6847367666705254,0.7357575757575757
2026,SG-01244,SYN-CAND-01244-04,INTERNAL_REPURPOSE,1,0.8617621584287268,0.8252080856123662
2026,SG-01244,SYN-CAND-01244-05,EXTERNAL_PARTNER,1,0.8869494060366133,0.7966903073286052
2026,SG-01244,SYN-CAND-01244-06,PROMOTIONAL_BONUS,1,0.8697644352974414,0.8256227758007118
2026,SG-01244,SYN-CAND-01244-07,DONATION,1,0.7428273597600077,0.6874251497005988
2026,SG-01247,SYN-CAND-01247-01,PROMOTIONAL_BONUS,1,0.8815816240284969,0.8256227758007118
2026,SG-01247,SYN-CAND-01247-02,EXTERNAL_PARTNER,1,0.6987709041389059,0.7966903073286052
2026,SG-01247,SYN-CAND-01247-03,BRANCH_TRANSFER,0,0.800573403623993,0.8136200716845878
2026,SG-01251,SYN-CAND-01251-01,DONATION,1,0.690569730940176,0.6874251497005988
2026,SG-01251,SYN-CAND-01251-02,WHOLESALE,1,0.8130567941646634,0.800942285041225
2026,SG-01251,SYN-CAND-01251-03,BUNDLE,1,0.8533496688260346,0.8556701030927835
2026,SG-01252,SYN-CAND-01252-01,LOCAL_DISCOUNT,1,0.8964612589526032,0.8531468531468531
2026,SG-01252,SYN-CAND-01252-02,INTERNAL_REPURPOSE,0,0.7767535855193829,0.8252080856123662
2026,SG-01252,SYN-CAND-01252-03,BRANCH_TRANSFER,1,0.846064984252489,0.8136200716845878
2026,SG-01252,SYN-CAND-01252-04,EXTERNAL_PARTNER,1,0.8760616895658302,0.7966903073286052
2026,SG-01259,SYN-CAND-01259-01,EXTERNAL_PARTNER,1,0.8892290380298724,0.7966903073286052
2026,SG-01259,SYN-CAND-01259-02,BRANCH_TRANSFER,1,0.8990722044489999,0.8136200716845878
2026,SG-01259,SYN-CAND-01259-03,PROMOTIONAL_BONUS,1,0.9252213493399188,0.8256227758007118
2026,SG-01259,SYN-CAND-01259-04,WHOLESALE,0,0.841069886576446,0.800942285041225
2026,SG-01261,SYN-CAND-01261-01,DONATION,1,0.8666861141226117,0.6874251497005988
2026,SG-01261,SYN-CAND-01261-02,PROMOTIONAL_BONUS,1,0.8594313161292331,0.8256227758007118
2026,SG-01261,SYN-CAND-01261-03,INTERNAL_USE,1,0.7363489740363255,0.7357575757575757
2026,SG-01261,SYN-CAND-01261-04,BRANCH_TRANSFER,1,0.8443570659665317,0.8136200716845878
2026,SG-01264,SYN-CAND-01264-01,WHOLESALE,1,0.848609354624067,0.800942285041225
2026,SG-01264,SYN-CAND-01264-02,EXTERNAL_PARTNER,1,0.7248336085927809,0.7966903073286052
2026,SG-01264,SYN-CAND-01264-03,PROMOTIONAL_BONUS,1,0.8097958086661785,0.8256227758007118
2026,SG-01264,SYN-CAND-01264-04,INTERNAL_REPURPOSE,1,0.8342438254920497,0.8252080856123662
2026,SG-01264,SYN-CAND-01264-05,LOCAL_DISCOUNT,1,0.8587250107259417,0.8531468531468531
2026,SG-01264,SYN-CAND-01264-06,INTERNAL_USE,0,0.7864382729554806,0.7357575757575757
2026,SG-01264,SYN-CAND-01264-07,RETURN_TO_SUPPLIER,1,0.8281082320372051,0.8155111633372503
2026,SG-01264,SYN-CAND-01264-08,BRANCH_TRANSFER,1,0.7857174552029471,0.8136200716845878
2026,SG-01275,SYN-CAND-01275-01,WHOLESALE,1,0.784007509013623,0.800942285041225
2026,SG-01275,SYN-CAND-01275-02,EXTERNAL_PARTNER,1,0.8914169228732876,0.7966903073286052
2026,SG-01275,SYN-CAND-01275-03,INTERNAL_USE,1,0.7886610703682971,0.7357575757575757
2026,SG-01275,SYN-CAND-01275-04,BRANCH_TRANSFER,1,0.7780643657023291,0.8136200716845878
2026,SG-01275,SYN-CAND-01275-05,INTERNAL_REPURPOSE,1,0.8615849655820389,0.8252080856123662
2026,SG-01275,SYN-CAND-01275-06,LOCAL_DISCOUNT,1,0.8542751300090634,0.8531468531468531
2026,SG-01275,SYN-CAND-01275-07,DONATION,0,0.6136757207154516,0.6874251497005988
2026,SG-01275,SYN-CAND-01275-08,PROMOTIONAL_BONUS,1,0.8666641707264248,0.8256227758007118
2026,SG-01285,SYN-CAND-01285-01,PROMOTIONAL_BONUS,1,0.8544910993004031,0.8256227758007118
2026,SG-01285,SYN-CAND-01285-02,INTERNAL_REPURPOSE,1,0.790549135792727,0.8252080856123662
2026,SG-01285,SYN-CAND-01285-03,RETURN_TO_SUPPLIER,1,0.8856032706627014,0.8155111633372503
2026,SG-01299,SYN-CAND-01299-01,DONATION,0,0.8406962603021106,0.6874251497005988
2026,SG-01299,SYN-CAND-01299-02,RETURN_TO_SUPPLIER,1,0.8814454362167351,0.8155111633372503
2026,SG-01299,SYN-CAND-01299-03,WHOLESALE,1,0.7243278058798253,0.800942285041225
2026,SG-01315,SYN-CAND-01315-01,DONATION,1,0.7821124207685665,0.6874251497005988
2026,SG-01315,SYN-CAND-01315-02,WHOLESALE,0,0.8674027023886909,0.800942285041225
2026,SG-01315,SYN-CAND-01315-03,EXTERNAL_PARTNER,1,0.8628496339765526,0.7966903073286052
2026,SG-01315,SYN-CAND-01315-04,INTERNAL_REPURPOSE,0,0.8067651887053275,0.8252080856123662
2026,SG-01315,SYN-CAND-01315-05,LOCAL_DISCOUNT,1,0.9093608959267224,0.8531468531468531
2026,SG-01320,SYN-CAND-01320-01,RETURN_TO_SUPPLIER,0,0.762876107276806,0.8155111633372503
2026,SG-01320,SYN-CAND-01320-02,PROMOTIONAL_BONUS,1,0.8799745755434627,0.8256227758007118
2026,SG-01322,SYN-CAND-01322-01,WHOLESALE,0,0.7748613182245475,0.800942285041225
2026,SG-01322,SYN-CAND-01322-02,DONATION,0,0.6376285800699348,0.6874251497005988
2026,SG-01323,SYN-CAND-01323-01,BRANCH_TRANSFER,1,0.774128821896665,0.8136200716845878
2026,SG-01323,SYN-CAND-01323-02,WHOLESALE,0,0.8587444074031267,0.800942285041225
2026,SG-01323,SYN-CAND-01323-03,DONATION,0,0.7211477065429002,0.6874251497005988
2026,SG-01323,SYN-CAND-01323-04,INTERNAL_USE,1,0.8194452315535221,0.7357575757575757
2026,SG-01323,SYN-CAND-01323-05,LOCAL_DISCOUNT,1,0.833107951573412,0.8531468531468531
2026,SG-01324,SYN-CAND-01324-01,LOCAL_DISCOUNT,1,0.8655779729433672,0.8531468531468531
2026,SG-01324,SYN-CAND-01324-02,EXTERNAL_PARTNER,1,0.7950584915104142,0.7966903073286052
2026,SG-01324,SYN-CAND-01324-03,INTERNAL_USE,1,0.782018334487553,0.7357575757575757
2026,SG-01324,SYN-CAND-01324-04,BRANCH_TRANSFER,1,0.8279399023743697,0.8136200716845878
2026,SG-01324,SYN-CAND-01324-05,RETURN_TO_SUPPLIER,1,0.78784556591453,0.8155111633372503
2026,SG-01324,SYN-CAND-01324-06,BUNDLE,1,0.8589207197689894,0.8556701030927835
2026,SG-01326,SYN-CAND-01326-01,BUNDLE,1,0.9132183969206531,0.8556701030927835
2026,SG-01326,SYN-CAND-01326-02,RETURN_TO_SUPPLIER,1,0.8830189873685144,0.8155111633372503
2026,SG-01326,SYN-CAND-01326-03,EXTERNAL_PARTNER,1,0.8132752581506191,0.7966903073286052
2026,SG-01326,SYN-CAND-01326-04,WHOLESALE,1,0.8284374198039077,0.800942285041225
2026,SG-01326,SYN-CAND-01326-05,DONATION,1,0.6047508927519286,0.6874251497005988
2026,SG-01326,SYN-CAND-01326-06,PROMOTIONAL_BONUS,1,0.9096501445548058,0.8256227758007118
2026,SG-01339,SYN-CAND-01339-01,WHOLESALE,1,0.8207240828761497,0.800942285041225
2026,SG-01339,SYN-CAND-01339-02,INTERNAL_USE,1,0.7353722956548572,0.7357575757575757
2026,SG-01343,SYN-CAND-01343-01,RETURN_TO_SUPPLIER,1,0.8300525181384844,0.8155111633372503
2026,SG-01343,SYN-CAND-01343-02,WHOLESALE,0,0.6075037619016425,0.800942285041225
2026,SG-01343,SYN-CAND-01343-03,DONATION,0,0.7718505007900811,0.6874251497005988
2026,SG-01343,SYN-CAND-01343-04,LOCAL_DISCOUNT,1,0.868778200050812,0.8531468531468531
2026,SG-01343,SYN-CAND-01343-05,PROMOTIONAL_BONUS,1,0.8792708406221109,0.8256227758007118
2026,SG-01345,SYN-CAND-01345-01,EXTERNAL_PARTNER,1,0.7715071076361609,0.7966903073286052
2026,SG-01345,SYN-CAND-01345-02,BUNDLE,1,0.8098253505234155,0.8556701030927835
2026,SG-01345,SYN-CAND-01345-03,RETURN_TO_SUPPLIER,0,0.839865557786887,0.8155111633372503
2026,SG-01346,SYN-CAND-01346-01,BUNDLE,1,0.8963760099770295,0.8556701030927835
2026,SG-01346,SYN-CAND-01346-02,LOCAL_DISCOUNT,1,0.8965527131479312,0.8531468531468531
2026,SG-01346,SYN-CAND-01346-03,DONATION,1,0.7705151578049172,0.6874251497005988
2026,SG-01346,SYN-CAND-01346-04,WHOLESALE,0,0.6240940993531567,0.800942285041225
2026,SG-01346,SYN-CAND-01346-05,BRANCH_TRANSFER,0,0.8327914320003191,0.8136200716845878
2026,SG-01346,SYN-CAND-01346-06,INTERNAL_USE,1,0.836482648750941,0.7357575757575757
2026,SG-01346,SYN-CAND-01346-07,EXTERNAL_PARTNER,1,0.7995889887045203,0.7966903073286052
2026,SG-01346,SYN-CAND-01346-08,INTERNAL_REPURPOSE,1,0.8850352118930074,0.8252080856123662
2026,SG-01351,SYN-CAND-01351-01,INTERNAL_USE,1,0.7709142692676283,0.7357575757575757
2026,SG-01351,SYN-CAND-01351-02,RETURN_TO_SUPPLIER,0,0.8712402301222653,0.8155111633372503
2026,SG-01351,SYN-CAND-01351-03,BRANCH_TRANSFER,1,0.8232371205393731,0.8136200716845878
2026,SG-01351,SYN-CAND-01351-04,INTERNAL_REPURPOSE,1,0.886288817937337,0.8252080856123662
2026,SG-01365,SYN-CAND-01365-01,BUNDLE,1,0.9025410294891522,0.8556701030927835
2026,SG-01365,SYN-CAND-01365-02,DONATION,1,0.7549264691031318,0.6874251497005988
2026,SG-01365,SYN-CAND-01365-03,RETURN_TO_SUPPLIER,1,0.8834041884702504,0.8155111633372503
2026,SG-01365,SYN-CAND-01365-04,WHOLESALE,0,0.8017049778577159,0.800942285041225
2026,SG-01365,SYN-CAND-01365-05,LOCAL_DISCOUNT,1,0.8935558104207029,0.8531468531468531
2026,SG-01365,SYN-CAND-01365-06,INTERNAL_USE,1,0.7371880806752323,0.7357575757575757
2026,SG-01385,SYN-CAND-01385-01,INTERNAL_USE,1,0.743197087682853,0.7357575757575757
2026,SG-01385,SYN-CAND-01385-02,WHOLESALE,1,0.8141389916283625,0.800942285041225
2026,SG-01387,SYN-CAND-01387-01,BRANCH_TRANSFER,1,0.8902287637447216,0.8136200716845878
2026,SG-01387,SYN-CAND-01387-02,LOCAL_DISCOUNT,1,0.8498497628894809,0.8531468531468531
2026,SG-01387,SYN-CAND-01387-03,BUNDLE,1,0.7569836312031851,0.8556701030927835
2026,SG-01387,SYN-CAND-01387-04,EXTERNAL_PARTNER,1,0.7830186945002966,0.7966903073286052
2026,SG-01387,SYN-CAND-01387-05,RETURN_TO_SUPPLIER,1,0.9187709557615336,0.8155111633372503
2026,SG-01387,SYN-CAND-01387-06,PROMOTIONAL_BONUS,1,0.8456396434066373,0.8256227758007118
2026,SG-01391,SYN-CAND-01391-01,DONATION,0,0.7107566600089984,0.6874251497005988
2026,SG-01391,SYN-CAND-01391-02,PROMOTIONAL_BONUS,1,0.8482143530881908,0.8256227758007118
2026,SG-01391,SYN-CAND-01391-03,RETURN_TO_SUPPLIER,1,0.6658462338331835,0.8155111633372503
2026,SG-01391,SYN-CAND-01391-04,EXTERNAL_PARTNER,1,0.8746019379829019,0.7966903073286052
2026,SG-01393,SYN-CAND-01393-01,LOCAL_DISCOUNT,1,0.8679729708899531,0.8531468531468531
2026,SG-01393,SYN-CAND-01393-02,WHOLESALE,1,0.8709387965669305,0.800942285041225
2026,SG-01393,SYN-CAND-01393-03,INTERNAL_USE,1,0.6734214732614787,0.7357575757575757
2026,SG-01400,SYN-CAND-01400-01,WHOLESALE,0,0.6980878747053277,0.800942285041225
2026,SG-01400,SYN-CAND-01400-02,RETURN_TO_SUPPLIER,1,0.868068110655139,0.8155111633372503
2026,SG-01400,SYN-CAND-01400-03,DONATION,1,0.6647634227191942,0.6874251497005988
2026,SG-01400,SYN-CAND-01400-04,EXTERNAL_PARTNER,1,0.8131469810415318,0.7966903073286052
2026,SG-01400,SYN-CAND-01400-05,INTERNAL_REPURPOSE,1,0.8157006564225575,0.8252080856123662
2026,SG-01400,SYN-CAND-01400-06,BRANCH_TRANSFER,1,0.840540385362084,0.8136200716845878
2026,SG-01400,SYN-CAND-01400-07,BUNDLE,0,0.8752824158186352,0.8556701030927835
2026,SG-01408,SYN-CAND-01408-01,BUNDLE,0,0.7235627959490789,0.8556701030927835
2026,SG-01408,SYN-CAND-01408-02,BRANCH_TRANSFER,1,0.8649180436118649,0.8136200716845878
2026,SG-01416,SYN-CAND-01416-01,INTERNAL_REPURPOSE,1,0.7471846092359792,0.8252080856123662
2026,SG-01416,SYN-CAND-01416-02,EXTERNAL_PARTNER,1,0.8694092431450291,0.7966903073286052
2026,SG-01416,SYN-CAND-01416-03,WHOLESALE,1,0.8676928907971496,0.800942285041225
2026,SG-01416,SYN-CAND-01416-04,BRANCH_TRANSFER,1,0.7357260132819912,0.8136200716845878
2026,SG-01416,SYN-CAND-01416-05,LOCAL_DISCOUNT,1,0.8442629546737861,0.8531468531468531
2026,SG-01416,SYN-CAND-01416-06,INTERNAL_USE,0,0.6485327908590618,0.7357575757575757
2026,SG-01422,SYN-CAND-01422-01,BUNDLE,1,0.736600070895721,0.8556701030927835
2026,SG-01422,SYN-CAND-01422-02,BRANCH_TRANSFER,1,0.8261652832541908,0.8136200716845878
2026,SG-01422,SYN-CAND-01422-03,INTERNAL_REPURPOSE,1,0.848531921492197,0.8252080856123662
2026,SG-01422,SYN-CAND-01422-04,WHOLESALE,1,0.8810359728985463,0.800942285041225
2026,SG-01423,SYN-CAND-01423-01,PROMOTIONAL_BONUS,1,0.5464446585329056,0.8256227758007118
2026,SG-01423,SYN-CAND-01423-02,BUNDLE,1,0.8156448254835155,0.8556701030927835
2026,SG-01423,SYN-CAND-01423-03,BRANCH_TRANSFER,1,0.8219281102745798,0.8136200716845878
2026,SG-01423,SYN-CAND-01423-04,LOCAL_DISCOUNT,1,0.8443540061205175,0.8531468531468531
2026,SG-01423,SYN-CAND-01423-05,EXTERNAL_PARTNER,1,0.7531234140541208,0.7966903073286052
2026,SG-01423,SYN-CAND-01423-06,RETURN_TO_SUPPLIER,1,0.9167484082378535,0.8155111633372503
2026,SG-01423,SYN-CAND-01423-07,WHOLESALE,1,0.8298997672479189,0.800942285041225
2026,SG-01423,SYN-CAND-01423-08,DONATION,0,0.7718885235564997,0.6874251497005988
2026,SG-01424,SYN-CAND-01424-01,BRANCH_TRANSFER,1,0.8333922877651528,0.8136200716845878
2026,SG-01424,SYN-CAND-01424-02,PROMOTIONAL_BONUS,1,0.7301517206553538,0.8256227758007118
2026,SG-01427,SYN-CAND-01427-01,DONATION,0,0.6077177872797603,0.6874251497005988
2026,SG-01427,SYN-CAND-01427-02,INTERNAL_REPURPOSE,1,0.841553922385809,0.8252080856123662
2026,SG-01427,SYN-CAND-01427-03,WHOLESALE,1,0.8038116015135235,0.800942285041225
2026,SG-01427,SYN-CAND-01427-04,LOCAL_DISCOUNT,1,0.7813220856607229,0.8531468531468531
2026,SG-01427,SYN-CAND-01427-05,INTERNAL_USE,1,0.7280606571332732,0.7357575757575757
2026,SG-01427,SYN-CAND-01427-06,RETURN_TO_SUPPLIER,1,0.8207619319002425,0.8155111633372503
2026,SG-01427,SYN-CAND-01427-07,EXTERNAL_PARTNER,1,0.8238494093112707,0.7966903073286052
2026,SG-01427,SYN-CAND-01427-08,PROMOTIONAL_BONUS,1,0.8137735562934465,0.8256227758007118
2026,SG-01433,SYN-CAND-01433-01,LOCAL_DISCOUNT,1,0.7879895365133196,0.8531468531468531
2026,SG-01433,SYN-CAND-01433-02,BRANCH_TRANSFER,1,0.8656776653816262,0.8136200716845878
2026,SG-01433,SYN-CAND-01433-03,WHOLESALE,1,0.8305694069111665,0.800942285041225
2026,SG-01433,SYN-CAND-01433-04,BUNDLE,1,0.8740426421118346,0.8556701030927835
2026,SG-01433,SYN-CAND-01433-05,RETURN_TO_SUPPLIER,1,0.8055112569594967,0.8155111633372503
2026,SG-01433,SYN-CAND-01433-06,INTERNAL_USE,1,0.699140908406523,0.7357575757575757
2026,SG-01433,SYN-CAND-01433-07,INTERNAL_REPURPOSE,1,0.7366645630252959,0.8252080856123662
2026,SG-01447,SYN-CAND-01447-01,EXTERNAL_PARTNER,1,0.8582610167728493,0.7966903073286052
2026,SG-01447,SYN-CAND-01447-02,PROMOTIONAL_BONUS,1,0.8966270997688911,0.8256227758007118
2026,SG-01447,SYN-CAND-01447-03,INTERNAL_REPURPOSE,1,0.8736256670790005,0.8252080856123662
2026,SG-01447,SYN-CAND-01447-04,RETURN_TO_SUPPLIER,0,0.8605846250865908,0.8155111633372503
2026,SG-01447,SYN-CAND-01447-05,INTERNAL_USE,1,0.7917444353601243,0.7357575757575757
2026,SG-01448,SYN-CAND-01448-01,EXTERNAL_PARTNER,0,0.7945510439725582,0.7966903073286052
2026,SG-01448,SYN-CAND-01448-02,RETURN_TO_SUPPLIER,1,0.884663286328582,0.8155111633372503
2026,SG-01448,SYN-CAND-01448-03,BUNDLE,1,0.8855786141074613,0.8556701030927835
2026,SG-01448,SYN-CAND-01448-04,PROMOTIONAL_BONUS,1,0.8489680962856926,0.8256227758007118
2026,SG-01449,SYN-CAND-01449-01,BRANCH_TRANSFER,0,0.8194304584408844,0.8136200716845878
2026,SG-01449,SYN-CAND-01449-02,LOCAL_DISCOUNT,1,0.8436133496741806,0.8531468531468531
2026,SG-01449,SYN-CAND-01449-03,PROMOTIONAL_BONUS,1,0.7846601293892416,0.8256227758007118
2026,SG-01449,SYN-CAND-01449-04,BUNDLE,1,0.7957713845971102,0.8556701030927835
2026,SG-01449,SYN-CAND-01449-05,INTERNAL_REPURPOSE,0,0.7504413779381539,0.8252080856123662
2026,SG-01449,SYN-CAND-01449-06,RETURN_TO_SUPPLIER,1,0.7336757473331647,0.8155111633372503
2026,SG-01449,SYN-CAND-01449-07,DONATION,1,0.7065839090506318,0.6874251497005988
2026,SG-01449,SYN-CAND-01449-08,WHOLESALE,1,0.8383810242156471,0.800942285041225
2026,SG-01453,SYN-CAND-01453-01,DONATION,1,0.6785526021345762,0.6874251497005988
2026,SG-01453,SYN-CAND-01453-02,WHOLESALE,0,0.7658724728296042,0.800942285041225
2026,SG-01453,SYN-CAND-01453-03,EXTERNAL_PARTNER,1,0.7929452488333171,0.7966903073286052
2026,SG-01453,SYN-CAND-01453-04,RETURN_TO_SUPPLIER,1,0.8421384704155541,0.8155111633372503
2026,SG-01453,SYN-CAND-01453-05,BUNDLE,0,0.8979941575213247,0.8556701030927835
2026,SG-01453,SYN-CAND-01453-06,LOCAL_DISCOUNT,1,0.9009625424370545,0.8531468531468531
2026,SG-01453,SYN-CAND-01453-07,INTERNAL_REPURPOSE,1,0.8901311193304843,0.8252080856123662
2026,SG-01453,SYN-CAND-01453-08,BRANCH_TRANSFER,1,0.6749208875392877,0.8136200716845878
2026,SG-01454,SYN-CAND-01454-01,BUNDLE,1,0.8549280731836609,0.8556701030927835
2026,SG-01454,SYN-CAND-01454-02,EXTERNAL_PARTNER,1,0.9165614040685051,0.7966903073286052
2026,SG-01454,SYN-CAND-01454-03,RETURN_TO_SUPPLIER,1,0.8729886553844856,0.8155111633372503
2026,SG-01454,SYN-CAND-01454-04,INTERNAL_USE,1,0.6845652232197896,0.7357575757575757
2026,SG-01474,SYN-CAND-01474-01,PROMOTIONAL_BONUS,0,0.7935432704298333,0.8256227758007118
2026,SG-01474,SYN-CAND-01474-02,EXTERNAL_PARTNER,0,0.7813851259232549,0.7966903073286052
2026,SG-01474,SYN-CAND-01474-03,LOCAL_DISCOUNT,1,0.9022635416503326,0.8531468531468531
2026,SG-01474,SYN-CAND-01474-04,RETURN_TO_SUPPLIER,1,0.8295325052177155,0.8155111633372503
2026,SG-01474,SYN-CAND-01474-05,WHOLESALE,1,0.8553024069837206,0.800942285041225
2026,SG-01474,SYN-CAND-01474-06,BUNDLE,1,0.8417733684552137,0.8556701030927835
2026,SG-01482,SYN-CAND-01482-01,BUNDLE,1,0.8841363166471163,0.8556701030927835
2026,SG-01482,SYN-CAND-01482-02,DONATION,0,0.7482350043698646,0.6874251497005988
2026,SG-01491,SYN-CAND-01491-01,LOCAL_DISCOUNT,1,0.6620732086264987,0.8531468531468531
2026,SG-01491,SYN-CAND-01491-02,INTERNAL_USE,1,0.7184080542678931,0.7357575757575757
2026,SG-01491,SYN-CAND-01491-03,BRANCH_TRANSFER,1,0.7508479290893422,0.8136200716845878
2026,SG-01491,SYN-CAND-01491-04,DONATION,0,0.661676107309175,0.6874251497005988
2026,SG-01491,SYN-CAND-01491-05,RETURN_TO_SUPPLIER,0,0.579466986982645,0.8155111633372503
2026,SG-01496,SYN-CAND-01496-01,WHOLESALE,1,0.8055337953122279,0.800942285041225
2026,SG-01496,SYN-CAND-01496-02,INTERNAL_USE,1,0.7442159715447775,0.7357575757575757
2026,SG-01496,SYN-CAND-01496-03,INTERNAL_REPURPOSE,1,0.8544307387019437,0.8252080856123662
2026,SG-01496,SYN-CAND-01496-04,PROMOTIONAL_BONUS,1,0.8653497949626452,0.8256227758007118
2026,SG-01496,SYN-CAND-01496-05,DONATION,1,0.7594899548193559,0.6874251497005988
2026,SG-01496,SYN-CAND-01496-06,LOCAL_DISCOUNT,1,0.8586336247937204,0.8531468531468531
2026,SG-01496,SYN-CAND-01496-07,EXTERNAL_PARTNER,1,0.9079193526543454,0.7966903073286052
2026,SG-01496,SYN-CAND-01496-08,BUNDLE,1,0.9190587676749988,0.8556701030927835
2026,SG-01497,SYN-CAND-01497-01,INTERNAL_USE,1,0.6504631783955925,0.7357575757575757
2026,SG-01497,SYN-CAND-01497-02,BRANCH_TRANSFER,1,0.8748587422072495,0.8136200716845878
2026,SG-01497,SYN-CAND-01497-03,INTERNAL_REPURPOSE,1,0.8615726321500794,0.8252080856123662
2026,SG-01497,SYN-CAND-01497-04,DONATION,0,0.7518265937495663,0.6874251497005988
2026,SG-01499,SYN-CAND-01499-01,EXTERNAL_PARTNER,1,0.7250616468145183,0.7966903073286052
2026,SG-01499,SYN-CAND-01499-02,BRANCH_TRANSFER,1,0.7890910200982311,0.8136200716845878
2026,SG-01502,SYN-CAND-01502-01,DONATION,1,0.6344447491746886,0.6874251497005988
2026,SG-01502,SYN-CAND-01502-02,PROMOTIONAL_BONUS,0,0.8950512252145205,0.8256227758007118
2026,SG-01512,SYN-CAND-01512-01,BRANCH_TRANSFER,1,0.8098822329556515,0.8136200716845878
2026,SG-01512,SYN-CAND-01512-02,LOCAL_DISCOUNT,1,0.9070142138815988,0.8531468531468531
2026,SG-01512,SYN-CAND-01512-03,WHOLESALE,1,0.7661162974697274,0.800942285041225
2026,SG-01538,SYN-CAND-01538-01,PROMOTIONAL_BONUS,1,0.8634880248704848,0.8256227758007118
2026,SG-01538,SYN-CAND-01538-02,RETURN_TO_SUPPLIER,1,0.8258689677151884,0.8155111633372503
2026,SG-01538,SYN-CAND-01538-03,DONATION,0,0.8121019067345621,0.6874251497005988
2026,SG-01538,SYN-CAND-01538-04,WHOLESALE,0,0.8030218251989475,0.800942285041225
2026,SG-01538,SYN-CAND-01538-05,INTERNAL_REPURPOSE,0,0.8655034525012201,0.8252080856123662
2026,SG-01544,SYN-CAND-01544-01,EXTERNAL_PARTNER,0,0.8523932747900165,0.7966903073286052
2026,SG-01544,SYN-CAND-01544-02,WHOLESALE,1,0.866823512060867,0.800942285041225
2026,SG-01544,SYN-CAND-01544-03,INTERNAL_USE,1,0.8940965941669563,0.7357575757575757
2026,SG-01544,SYN-CAND-01544-04,BUNDLE,1,0.7932657294690343,0.8556701030927835
2026,SG-01544,SYN-CAND-01544-05,PROMOTIONAL_BONUS,1,0.7954348313140353,0.8256227758007118
2026,SG-01544,SYN-CAND-01544-06,RETURN_TO_SUPPLIER,0,0.5982627992010631,0.8155111633372503
2026,SG-01555,SYN-CAND-01555-01,DONATION,0,0.6812363984242448,0.6874251497005988
2026,SG-01555,SYN-CAND-01555-02,BRANCH_TRANSFER,0,0.8816846983879996,0.8136200716845878
2026,SG-01555,SYN-CAND-01555-03,BUNDLE,0,0.899576513389922,0.8556701030927835
2026,SG-01555,SYN-CAND-01555-04,INTERNAL_REPURPOSE,1,0.9232336108639915,0.8252080856123662
2026,SG-01555,SYN-CAND-01555-05,RETURN_TO_SUPPLIER,1,0.8010091990952304,0.8155111633372503
2026,SG-01555,SYN-CAND-01555-06,EXTERNAL_PARTNER,1,0.892619468415763,0.7966903073286052
2026,SG-01564,SYN-CAND-01564-01,WHOLESALE,1,0.8966231905665814,0.800942285041225
2026,SG-01564,SYN-CAND-01564-02,INTERNAL_REPURPOSE,1,0.756683139052477,0.8252080856123662
2026,SG-01564,SYN-CAND-01564-03,LOCAL_DISCOUNT,1,0.9081303681583105,0.8531468531468531
2026,SG-01564,SYN-CAND-01564-04,BUNDLE,1,0.7317570582406352,0.8556701030927835
2026,SG-01564,SYN-CAND-01564-05,EXTERNAL_PARTNER,1,0.8626931324449066,0.7966903073286052
2026,SG-01564,SYN-CAND-01564-06,RETURN_TO_SUPPLIER,1,0.8527104546106068,0.8155111633372503
2026,SG-01564,SYN-CAND-01564-07,DONATION,0,0.7270719643088176,0.6874251497005988
2026,SG-01567,SYN-CAND-01567-01,DONATION,1,0.6966315588733804,0.6874251497005988
2026,SG-01567,SYN-CAND-01567-02,EXTERNAL_PARTNER,1,0.775261136673505,0.7966903073286052
2026,SG-01568,SYN-CAND-01568-01,BUNDLE,1,0.7482711141176686,0.8556701030927835
2026,SG-01568,SYN-CAND-01568-02,WHOLESALE,1,0.7699932167357944,0.800942285041225
2026,SG-01569,SYN-CAND-01569-01,PROMOTIONAL_BONUS,1,0.7454167365692416,0.8256227758007118
2026,SG-01569,SYN-CAND-01569-02,EXTERNAL_PARTNER,1,0.7698276407968874,0.7966903073286052
2026,SG-01569,SYN-CAND-01569-03,DONATION,1,0.7378333151783231,0.6874251497005988
2026,SG-01569,SYN-CAND-01569-04,INTERNAL_USE,1,0.8325694602839725,0.7357575757575757
2026,SG-01569,SYN-CAND-01569-05,LOCAL_DISCOUNT,0,0.8711304275816992,0.8531468531468531
2026,SG-01569,SYN-CAND-01569-06,RETURN_TO_SUPPLIER,0,0.9104643373430558,0.8155111633372503
2026,SG-01570,SYN-CAND-01570-01,BUNDLE,1,0.9166518663508043,0.8556701030927835
2026,SG-01570,SYN-CAND-01570-02,RETURN_TO_SUPPLIER,1,0.8767360745353999,0.8155111633372503
2026,SG-01570,SYN-CAND-01570-03,DONATION,1,0.7434045290243197,0.6874251497005988
2026,SG-01570,SYN-CAND-01570-04,PROMOTIONAL_BONUS,1,0.7398301401018355,0.8256227758007118
2026,SG-01570,SYN-CAND-01570-05,INTERNAL_USE,1,0.6565188850646285,0.7357575757575757
2026,SG-01570,SYN-CAND-01570-06,INTERNAL_REPURPOSE,1,0.8289421406702849,0.8252080856123662
2026,SG-01570,SYN-CAND-01570-07,BRANCH_TRANSFER,1,0.8090949860541541,0.8136200716845878
2026,SG-01572,SYN-CAND-01572-01,BUNDLE,1,0.7688072873608106,0.8556701030927835
2026,SG-01572,SYN-CAND-01572-02,EXTERNAL_PARTNER,1,0.8405326540236779,0.7966903073286052
2026,SG-01572,SYN-CAND-01572-03,WHOLESALE,1,0.870533581643215,0.800942285041225
2026,SG-01572,SYN-CAND-01572-04,PROMOTIONAL_BONUS,1,0.8122533219054024,0.8256227758007118
2026,SG-01572,SYN-CAND-01572-05,BRANCH_TRANSFER,1,0.8725821760085279,0.8136200716845878
2026,SG-01575,SYN-CAND-01575-01,BRANCH_TRANSFER,1,0.7105418794950721,0.8136200716845878
2026,SG-01575,SYN-CAND-01575-02,EXTERNAL_PARTNER,1,0.845841963892651,0.7966903073286052
2026,SG-01575,SYN-CAND-01575-03,DONATION,1,0.8276325406076497,0.6874251497005988
2026,SG-01575,SYN-CAND-01575-04,LOCAL_DISCOUNT,1,0.8532196907220618,0.8531468531468531
2026,SG-01590,SYN-CAND-01590-01,INTERNAL_USE,1,0.7892084726144015,0.7357575757575757
2026,SG-01590,SYN-CAND-01590-02,DONATION,1,0.6915705621590563,0.6874251497005988
2026,SG-01590,SYN-CAND-01590-03,LOCAL_DISCOUNT,1,0.783806942354374,0.8531468531468531
2026,SG-01590,SYN-CAND-01590-04,EXTERNAL_PARTNER,1,0.8334692306445878,0.7966903073286052
2026,SG-01590,SYN-CAND-01590-05,WHOLESALE,1,0.8620419491200535,0.800942285041225
2026,SG-01604,SYN-CAND-01604-01,RETURN_TO_SUPPLIER,1,0.8708733271026687,0.8155111633372503
2026,SG-01604,SYN-CAND-01604-02,BRANCH_TRANSFER,1,0.8803978897948426,0.8136200716845878
2026,SG-01604,SYN-CAND-01604-03,DONATION,1,0.7926996729605459,0.6874251497005988
2026,SG-01604,SYN-CAND-01604-04,INTERNAL_REPURPOSE,0,0.9149643310454821,0.8252080856123662
2026,SG-01604,SYN-CAND-01604-05,LOCAL_DISCOUNT,1,0.751588440138885,0.8531468531468531
2026,SG-01604,SYN-CAND-01604-06,INTERNAL_USE,1,0.6483840887294066,0.7357575757575757
2026,SG-01604,SYN-CAND-01604-07,BUNDLE,1,0.8787409497582067,0.8556701030927835
2026,SG-01604,SYN-CAND-01604-08,WHOLESALE,1,0.8080814891185875,0.800942285041225
2026,SG-01609,SYN-CAND-01609-01,LOCAL_DISCOUNT,1,0.9030743469426661,0.8531468531468531
2026,SG-01609,SYN-CAND-01609-02,EXTERNAL_PARTNER,1,0.6624451556669981,0.7966903073286052
2026,SG-01609,SYN-CAND-01609-03,RETURN_TO_SUPPLIER,0,0.8559926079746303,0.8155111633372503
2026,SG-01609,SYN-CAND-01609-04,PROMOTIONAL_BONUS,1,0.8596783296231897,0.8256227758007118
2026,SG-01609,SYN-CAND-01609-05,BUNDLE,1,0.787412801911497,0.8556701030927835
2026,SG-01612,SYN-CAND-01612-01,INTERNAL_USE,1,0.6883371984692975,0.7357575757575757
2026,SG-01612,SYN-CAND-01612-02,INTERNAL_REPURPOSE,1,0.8782716320988121,0.8252080856123662
2026,SG-01621,SYN-CAND-01621-01,DONATION,1,0.6048038000768465,0.6874251497005988
2026,SG-01621,SYN-CAND-01621-02,INTERNAL_USE,1,0.7670039218699949,0.7357575757575757
2026,SG-01621,SYN-CAND-01621-03,BUNDLE,1,0.8177235111845059,0.8556701030927835
2026,SG-01621,SYN-CAND-01621-04,PROMOTIONAL_BONUS,1,0.8058774023361649,0.8256227758007118
2026,SG-01621,SYN-CAND-01621-05,INTERNAL_REPURPOSE,0,0.8611442005104667,0.8252080856123662
2026,SG-01621,SYN-CAND-01621-06,RETURN_TO_SUPPLIER,0,0.8551541648308492,0.8155111633372503
2026,SG-01621,SYN-CAND-01621-07,BRANCH_TRANSFER,1,0.8146231453054286,0.8136200716845878
2026,SG-01621,SYN-CAND-01621-08,WHOLESALE,0,0.7743395065315055,0.800942285041225
2026,SG-01625,SYN-CAND-01625-01,BUNDLE,1,0.879904422766894,0.8556701030927835
2026,SG-01625,SYN-CAND-01625-02,EXTERNAL_PARTNER,1,0.8941368877741634,0.7966903073286052
2026,SG-01625,SYN-CAND-01625-03,BRANCH_TRANSFER,1,0.8673425597552118,0.8136200716845878
2026,SG-01625,SYN-CAND-01625-04,PROMOTIONAL_BONUS,1,0.8887351047555565,0.8256227758007118
2026,SG-01625,SYN-CAND-01625-05,LOCAL_DISCOUNT,1,0.9183812112468396,0.8531468531468531
2026,SG-01625,SYN-CAND-01625-06,INTERNAL_USE,1,0.6534944480910369,0.7357575757575757
2026,SG-01625,SYN-CAND-01625-07,DONATION,0,0.7380413885319401,0.6874251497005988
2026,SG-01625,SYN-CAND-01625-08,INTERNAL_REPURPOSE,1,0.8697335259511143,0.8252080856123662
2026,SG-01628,SYN-CAND-01628-01,BUNDLE,0,0.5826251992546472,0.8556701030927835
2026,SG-01628,SYN-CAND-01628-02,PROMOTIONAL_BONUS,1,0.8954997207998832,0.8256227758007118
2026,SG-01628,SYN-CAND-01628-03,BRANCH_TRANSFER,1,0.8477503067965965,0.8136200716845878
2026,SG-01628,SYN-CAND-01628-04,DONATION,1,0.5824618845280016,0.6874251497005988
2026,SG-01628,SYN-CAND-01628-05,INTERNAL_REPURPOSE,1,0.8879886424236515,0.8252080856123662
2026,SG-01628,SYN-CAND-01628-06,WHOLESALE,1,0.8790150331553275,0.800942285041225
2026,SG-01628,SYN-CAND-01628-07,RETURN_TO_SUPPLIER,1,0.7133199148368566,0.8155111633372503
2026,SG-01628,SYN-CAND-01628-08,INTERNAL_USE,1,0.673884963935791,0.7357575757575757
2026,SG-01637,SYN-CAND-01637-01,PROMOTIONAL_BONUS,1,0.9263148323924313,0.8256227758007118
2026,SG-01637,SYN-CAND-01637-02,WHOLESALE,1,0.8931810513735642,0.800942285041225
2026,SG-01646,SYN-CAND-01646-01,EXTERNAL_PARTNER,1,0.8784748154767108,0.7966903073286052
2026,SG-01646,SYN-CAND-01646-02,LOCAL_DISCOUNT,1,0.9143949956615631,0.8531468531468531
2026,SG-01646,SYN-CAND-01646-03,DONATION,1,0.73879768010249,0.6874251497005988
2026,SG-01646,SYN-CAND-01646-04,INTERNAL_USE,1,0.7269926136361144,0.7357575757575757
2026,SG-01646,SYN-CAND-01646-05,BUNDLE,1,0.9209155834216336,0.8556701030927835
2026,SG-01646,SYN-CAND-01646-06,RETURN_TO_SUPPLIER,1,0.8415704505538939,0.8155111633372503
2026,SG-01646,SYN-CAND-01646-07,WHOLESALE,0,0.7355682170942017,0.800942285041225
2026,SG-01646,SYN-CAND-01646-08,INTERNAL_REPURPOSE,1,0.8710198371948239,0.8252080856123662
2026,SG-01648,SYN-CAND-01648-01,INTERNAL_REPURPOSE,1,0.8963979460206167,0.8252080856123662
2026,SG-01648,SYN-CAND-01648-02,PROMOTIONAL_BONUS,1,0.8625556175886433,0.8256227758007118
2026,SG-01648,SYN-CAND-01648-03,BUNDLE,1,0.8160473998027429,0.8556701030927835
2026,SG-01648,SYN-CAND-01648-04,RETURN_TO_SUPPLIER,1,0.7919588870155676,0.8155111633372503
2026,SG-01648,SYN-CAND-01648-05,EXTERNAL_PARTNER,1,0.8946306830004015,0.7966903073286052
2026,SG-01656,SYN-CAND-01656-01,LOCAL_DISCOUNT,1,0.8551397816679879,0.8531468531468531
2026,SG-01656,SYN-CAND-01656-02,INTERNAL_REPURPOSE,1,0.8154184782003421,0.8252080856123662
2026,SG-01663,SYN-CAND-01663-01,LOCAL_DISCOUNT,1,0.8538043394444303,0.8531468531468531
2026,SG-01663,SYN-CAND-01663-02,BRANCH_TRANSFER,0,0.7898764762322505,0.8136200716845878
2026,SG-01663,SYN-CAND-01663-03,INTERNAL_REPURPOSE,1,0.8862406780843516,0.8252080856123662
2026,SG-01663,SYN-CAND-01663-04,RETURN_TO_SUPPLIER,1,0.8817414576497135,0.8155111633372503
2026,SG-01663,SYN-CAND-01663-05,DONATION,0,0.618020469437099,0.6874251497005988
2026,SG-01663,SYN-CAND-01663-06,INTERNAL_USE,1,0.808772127505505,0.7357575757575757
2026,SG-01663,SYN-CAND-01663-07,EXTERNAL_PARTNER,1,0.8190856268010093,0.7966903073286052
2026,SG-01672,SYN-CAND-01672-01,BUNDLE,0,0.7853336225862533,0.8556701030927835
2026,SG-01672,SYN-CAND-01672-02,WHOLESALE,1,0.6545351580635053,0.800942285041225
2026,SG-01672,SYN-CAND-01672-03,BRANCH_TRANSFER,1,0.6998270579071781,0.8136200716845878
2026,SG-01672,SYN-CAND-01672-04,EXTERNAL_PARTNER,0,0.8039833937155436,0.7966903073286052
2026,SG-01672,SYN-CAND-01672-05,LOCAL_DISCOUNT,1,0.8945453026770878,0.8531468531468531
2026,SG-01672,SYN-CAND-01672-06,DONATION,0,0.6029560346936432,0.6874251497005988
2026,SG-01672,SYN-CAND-01672-07,PROMOTIONAL_BONUS,1,0.7742619123299492,0.8256227758007118
2026,SG-01672,SYN-CAND-01672-08,INTERNAL_USE,0,0.5678435026495422,0.7357575757575757
2026,SG-01674,SYN-CAND-01674-01,INTERNAL_REPURPOSE,1,0.8330126194685897,0.8252080856123662
2026,SG-01674,SYN-CAND-01674-02,PROMOTIONAL_BONUS,1,0.887977947731953,0.8256227758007118
2026,SG-01674,SYN-CAND-01674-03,EXTERNAL_PARTNER,1,0.8331114219796361,0.7966903073286052
2026,SG-01674,SYN-CAND-01674-04,LOCAL_DISCOUNT,0,0.8523553282611174,0.8531468531468531
2026,SG-01681,SYN-CAND-01681-01,PROMOTIONAL_BONUS,1,0.8126984218538856,0.8256227758007118
2026,SG-01681,SYN-CAND-01681-02,EXTERNAL_PARTNER,1,0.8424055291777705,0.7966903073286052
2026,SG-01681,SYN-CAND-01681-03,BRANCH_TRANSFER,1,0.7749997792995639,0.8136200716845878
2026,SG-01681,SYN-CAND-01681-04,DONATION,1,0.8125632444584111,0.6874251497005988
2026,SG-01681,SYN-CAND-01681-05,LOCAL_DISCOUNT,0,0.8862085281087119,0.8531468531468531
2026,SG-01681,SYN-CAND-01681-06,BUNDLE,1,0.8458627912235703,0.8556701030927835
2026,SG-01681,SYN-CAND-01681-07,RETURN_TO_SUPPLIER,1,0.8925124444733092,0.8155111633372503
2026,SG-01681,SYN-CAND-01681-08,WHOLESALE,1,0.8437128923185896,0.800942285041225
2026,SG-01693,SYN-CAND-01693-01,INTERNAL_USE,0,0.6075154385400168,0.7357575757575757
2026,SG-01693,SYN-CAND-01693-02,DONATION,1,0.7202801036108228,0.6874251497005988
2026,SG-01699,SYN-CAND-01699-01,LOCAL_DISCOUNT,1,0.848984730458724,0.8531468531468531
2026,SG-01699,SYN-CAND-01699-02,INTERNAL_REPURPOSE,1,0.8383295906599824,0.8252080856123662
2026,SG-01699,SYN-CAND-01699-03,BRANCH_TRANSFER,0,0.7442944308370116,0.8136200716845878
2026,SG-01699,SYN-CAND-01699-04,WHOLESALE,1,0.8726328131982292,0.800942285041225
2026,SG-01699,SYN-CAND-01699-05,INTERNAL_USE,1,0.8200050045999129,0.7357575757575757
2026,SG-01699,SYN-CAND-01699-06,BUNDLE,1,0.8136649064258428,0.8556701030927835
2026,SG-01699,SYN-CAND-01699-07,DONATION,1,0.744133214539831,0.6874251497005988
2026,SG-01705,SYN-CAND-01705-01,INTERNAL_REPURPOSE,1,0.846869845959471,0.8252080856123662
2026,SG-01705,SYN-CAND-01705-02,LOCAL_DISCOUNT,1,0.7964077687134742,0.8531468531468531
2026,SG-01705,SYN-CAND-01705-03,BRANCH_TRANSFER,0,0.8615338361493726,0.8136200716845878
2026,SG-01705,SYN-CAND-01705-04,RETURN_TO_SUPPLIER,1,0.8436443253313364,0.8155111633372503
2026,SG-01705,SYN-CAND-01705-05,DONATION,1,0.7129648183425393,0.6874251497005988
2026,SG-01705,SYN-CAND-01705-06,WHOLESALE,1,0.8628976303015071,0.800942285041225
2026,SG-01705,SYN-CAND-01705-07,PROMOTIONAL_BONUS,0,0.6360328719044637,0.8256227758007118
2026,SG-01707,SYN-CAND-01707-01,BUNDLE,1,0.6527774628135724,0.8556701030927835
2026,SG-01707,SYN-CAND-01707-02,INTERNAL_REPURPOSE,1,0.6484541198058178,0.8252080856123662
2026,SG-01707,SYN-CAND-01707-03,DONATION,1,0.8073439882959641,0.6874251497005988
2026,SG-01707,SYN-CAND-01707-04,INTERNAL_USE,0,0.63568945677225,0.7357575757575757
2026,SG-01707,SYN-CAND-01707-05,BRANCH_TRANSFER,0,0.8157842034750002,0.8136200716845878
2026,SG-01707,SYN-CAND-01707-06,PROMOTIONAL_BONUS,1,0.6805952321046989,0.8256227758007118
2026,SG-01707,SYN-CAND-01707-07,EXTERNAL_PARTNER,1,0.7212567979410405,0.7966903073286052
2026,SG-01707,SYN-CAND-01707-08,RETURN_TO_SUPPLIER,1,0.8148305582707499,0.8155111633372503
2026,SG-01719,SYN-CAND-01719-01,BUNDLE,1,0.8968897182871611,0.8556701030927835
2026,SG-01719,SYN-CAND-01719-02,PROMOTIONAL_BONUS,0,0.8388915388604196,0.8256227758007118
2026,SG-01719,SYN-CAND-01719-03,WHOLESALE,1,0.7961344547649937,0.800942285041225
2026,SG-01719,SYN-CAND-01719-04,EXTERNAL_PARTNER,1,0.8262963214962091,0.7966903073286052
2026,SG-01719,SYN-CAND-01719-05,DONATION,1,0.6924297179127402,0.6874251497005988
2026,SG-01719,SYN-CAND-01719-06,INTERNAL_USE,1,0.8204337091295567,0.7357575757575757
2026,SG-01720,SYN-CAND-01720-01,BRANCH_TRANSFER,1,0.8702688616984597,0.8136200716845878
2026,SG-01720,SYN-CAND-01720-02,LOCAL_DISCOUNT,1,0.8565266246727622,0.8531468531468531
2026,SG-01720,SYN-CAND-01720-03,RETURN_TO_SUPPLIER,0,0.7706907336772721,0.8155111633372503
2026,SG-01720,SYN-CAND-01720-04,PROMOTIONAL_BONUS,1,0.8172070320053496,0.8256227758007118
2026,SG-01720,SYN-CAND-01720-05,INTERNAL_USE,1,0.77970380287848,0.7357575757575757
2026,SG-01728,SYN-CAND-01728-01,RETURN_TO_SUPPLIER,1,0.7879306978837185,0.8155111633372503
2026,SG-01728,SYN-CAND-01728-02,EXTERNAL_PARTNER,1,0.6704466067972334,0.7966903073286052
2026,SG-01728,SYN-CAND-01728-03,LOCAL_DISCOUNT,1,0.8138863548629598,0.8531468531468531
2026,SG-01728,SYN-CAND-01728-04,BUNDLE,1,0.8488394310258458,0.8556701030927835
2026,SG-01728,SYN-CAND-01728-05,WHOLESALE,1,0.8403182652248027,0.800942285041225
2026,SG-01735,SYN-CAND-01735-01,RETURN_TO_SUPPLIER,1,0.851159546727637,0.8155111633372503
2026,SG-01735,SYN-CAND-01735-02,LOCAL_DISCOUNT,0,0.8985977520190944,0.8531468531468531
2026,SG-01735,SYN-CAND-01735-03,INTERNAL_USE,1,0.8373899637888433,0.7357575757575757
2026,SG-01735,SYN-CAND-01735-04,BRANCH_TRANSFER,0,0.8179499520911685,0.8136200716845878
2026,SG-01739,SYN-CAND-01739-01,INTERNAL_USE,0,0.5868032661659867,0.7357575757575757
2026,SG-01739,SYN-CAND-01739-02,BRANCH_TRANSFER,0,0.8447871123308895,0.8136200716845878
2026,SG-01746,SYN-CAND-01746-01,INTERNAL_REPURPOSE,1,0.8656894435881224,0.8252080856123662
2026,SG-01746,SYN-CAND-01746-02,WHOLESALE,0,0.6951532393839047,0.800942285041225
2026,SG-01746,SYN-CAND-01746-03,INTERNAL_USE,1,0.6897545217112886,0.7357575757575757
2026,SG-01746,SYN-CAND-01746-04,BRANCH_TRANSFER,1,0.8561962273336639,0.8136200716845878
2026,SG-01746,SYN-CAND-01746-05,BUNDLE,1,0.9428314226328228,0.8556701030927835
2026,SG-01746,SYN-CAND-01746-06,LOCAL_DISCOUNT,1,0.8140502152379105,0.8531468531468531
2026,SG-01752,SYN-CAND-01752-01,INTERNAL_REPURPOSE,0,0.8699291039731109,0.8252080856123662
2026,SG-01752,SYN-CAND-01752-02,DONATION,1,0.6569883407914898,0.6874251497005988
2026,SG-01762,SYN-CAND-01762-01,INTERNAL_USE,1,0.7428428494837565,0.7357575757575757
2026,SG-01762,SYN-CAND-01762-02,BRANCH_TRANSFER,1,0.8118523163973315,0.8136200716845878
2026,SG-01762,SYN-CAND-01762-03,LOCAL_DISCOUNT,1,0.8519186829536188,0.8531468531468531
2026,SG-01762,SYN-CAND-01762-04,DONATION,0,0.6662299597840698,0.6874251497005988
2026,SG-01762,SYN-CAND-01762-05,RETURN_TO_SUPPLIER,1,0.7968769912529166,0.8155111633372503
2026,SG-01762,SYN-CAND-01762-06,BUNDLE,1,0.7977372154490424,0.8556701030927835
2026,SG-01762,SYN-CAND-01762-07,PROMOTIONAL_BONUS,1,0.8087902987642901,0.8256227758007118
2026,SG-01768,SYN-CAND-01768-01,WHOLESALE,1,0.840824861341277,0.800942285041225
2026,SG-01768,SYN-CAND-01768-02,RETURN_TO_SUPPLIER,1,0.8917567084768242,0.8155111633372503
2026,SG-01768,SYN-CAND-01768-03,BRANCH_TRANSFER,0,0.8717995308128351,0.8136200716845878
2026,SG-01768,SYN-CAND-01768-04,DONATION,0,0.8268523968733642,0.6874251497005988
2026,SG-01768,SYN-CAND-01768-05,LOCAL_DISCOUNT,1,0.916188832478196,0.8531468531468531
2026,SG-01768,SYN-CAND-01768-06,BUNDLE,1,0.8309014625152218,0.8556701030927835
2026,SG-01768,SYN-CAND-01768-07,INTERNAL_REPURPOSE,1,0.819850291639797,0.8252080856123662
2026,SG-01802,SYN-CAND-01802-01,WHOLESALE,1,0.7761259542059212,0.800942285041225
2026,SG-01802,SYN-CAND-01802-02,PROMOTIONAL_BONUS,1,0.8086819969519096,0.8256227758007118
2026,SG-01806,SYN-CAND-01806-01,INTERNAL_USE,1,0.683349330954084,0.7357575757575757
2026,SG-01806,SYN-CAND-01806-02,PROMOTIONAL_BONUS,1,0.837508343000681,0.8256227758007118
2026,SG-01814,SYN-CAND-01814-01,INTERNAL_REPURPOSE,1,0.8246240176464551,0.8252080856123662
2026,SG-01814,SYN-CAND-01814-02,DONATION,1,0.7498984073848739,0.6874251497005988
2026,SG-01817,SYN-CAND-01817-01,RETURN_TO_SUPPLIER,1,0.8070781009890521,0.8155111633372503
2026,SG-01817,SYN-CAND-01817-02,BRANCH_TRANSFER,1,0.8936462461101674,0.8136200716845878
2026,SG-01817,SYN-CAND-01817-03,LOCAL_DISCOUNT,1,0.9210076346265128,0.8531468531468531
2026,SG-01817,SYN-CAND-01817-04,INTERNAL_REPURPOSE,0,0.8112061809160714,0.8252080856123662
2026,SG-01817,SYN-CAND-01817-05,WHOLESALE,0,0.8187744784810268,0.800942285041225
2026,SG-01818,SYN-CAND-01818-01,PROMOTIONAL_BONUS,1,0.8121787743293912,0.8256227758007118
2026,SG-01818,SYN-CAND-01818-02,DONATION,1,0.6604644827536134,0.6874251497005988
2026,SG-01818,SYN-CAND-01818-03,BUNDLE,1,0.889653692495176,0.8556701030927835
2026,SG-01818,SYN-CAND-01818-04,RETURN_TO_SUPPLIER,1,0.8598141295225468,0.8155111633372503
2026,SG-01818,SYN-CAND-01818-05,LOCAL_DISCOUNT,1,0.7773636936069602,0.8531468531468531
2026,SG-01818,SYN-CAND-01818-06,EXTERNAL_PARTNER,1,0.6567005315160365,0.7966903073286052
2026,SG-01818,SYN-CAND-01818-07,WHOLESALE,1,0.7683386044791689,0.800942285041225
2026,SG-01818,SYN-CAND-01818-08,INTERNAL_USE,1,0.6862198502843583,0.7357575757575757
2026,SG-01824,SYN-CAND-01824-01,LOCAL_DISCOUNT,1,0.8386454050632844,0.8531468531468531
2026,SG-01824,SYN-CAND-01824-02,BRANCH_TRANSFER,1,0.8311140266719964,0.8136200716845878
2026,SG-01824,SYN-CAND-01824-03,BUNDLE,1,0.8866887489636776,0.8556701030927835
2026,SG-01824,SYN-CAND-01824-04,INTERNAL_REPURPOSE,1,0.8238093813893416,0.8252080856123662
2026,SG-01824,SYN-CAND-01824-05,PROMOTIONAL_BONUS,1,0.8186018486669403,0.8256227758007118
2026,SG-01824,SYN-CAND-01824-06,EXTERNAL_PARTNER,1,0.9010744513290023,0.7966903073286052
2026,SG-01824,SYN-CAND-01824-07,WHOLESALE,0,0.7729333978795916,0.800942285041225
2026,SG-01831,SYN-CAND-01831-01,BUNDLE,1,0.913781600437732,0.8556701030927835
2026,SG-01831,SYN-CAND-01831-02,EXTERNAL_PARTNER,1,0.8988708170916996,0.7966903073286052
2026,SG-01831,SYN-CAND-01831-03,PROMOTIONAL_BONUS,1,0.8935768169280723,0.8256227758007118
2026,SG-01831,SYN-CAND-01831-04,INTERNAL_REPURPOSE,1,0.9027699802520369,0.8252080856123662
2026,SG-01850,SYN-CAND-01850-01,BRANCH_TRANSFER,1,0.882817225637677,0.8136200716845878
2026,SG-01850,SYN-CAND-01850-02,LOCAL_DISCOUNT,1,0.9196994564051855,0.8531468531468531
2026,SG-01850,SYN-CAND-01850-03,RETURN_TO_SUPPLIER,0,0.897607969130539,0.8155111633372503
2026,SG-01850,SYN-CAND-01850-04,PROMOTIONAL_BONUS,1,0.896064391260049,0.8256227758007118
2026,SG-01850,SYN-CAND-01850-05,INTERNAL_REPURPOSE,1,0.8572440181553564,0.8252080856123662
2026,SG-01850,SYN-CAND-01850-06,BUNDLE,1,0.8817896530553708,0.8556701030927835
2026,SG-01850,SYN-CAND-01850-07,INTERNAL_USE,1,0.7404711529434405,0.7357575757575757
2026,SG-01852,SYN-CAND-01852-01,PROMOTIONAL_BONUS,1,0.8693414504921624,0.8256227758007118
2026,SG-01852,SYN-CAND-01852-02,INTERNAL_USE,0,0.7172331095923483,0.7357575757575757
2026,SG-01852,SYN-CAND-01852-03,LOCAL_DISCOUNT,1,0.922293720008416,0.8531468531468531
2026,SG-01855,SYN-CAND-01855-01,BUNDLE,0,0.7950033435802712,0.8556701030927835
2026,SG-01855,SYN-CAND-01855-02,LOCAL_DISCOUNT,1,0.6617137455029585,0.8531468531468531
2026,SG-01855,SYN-CAND-01855-03,BRANCH_TRANSFER,1,0.9094485389953,0.8136200716845878
2026,SG-01855,SYN-CAND-01855-04,WHOLESALE,1,0.6564744170292725,0.800942285041225
2026,SG-01855,SYN-CAND-01855-05,INTERNAL_REPURPOSE,0,0.6935153253924904,0.8252080856123662
2026,SG-01855,SYN-CAND-01855-06,RETURN_TO_SUPPLIER,1,0.7303377592739957,0.8155111633372503
2026,SG-01855,SYN-CAND-01855-07,DONATION,1,0.7763214210747204,0.6874251497005988
2026,SG-01858,SYN-CAND-01858-01,EXTERNAL_PARTNER,1,0.8574643209809192,0.7966903073286052
2026,SG-01858,SYN-CAND-01858-02,LOCAL_DISCOUNT,1,0.8714991141966235,0.8531468531468531
2026,SG-01858,SYN-CAND-01858-03,BUNDLE,0,0.829125067159105,0.8556701030927835
2026,SG-01858,SYN-CAND-01858-04,INTERNAL_USE,0,0.8010913616985138,0.7357575757575757
2026,SG-01858,SYN-CAND-01858-05,DONATION,1,0.7555176052912547,0.6874251497005988
2026,SG-01859,SYN-CAND-01859-01,LOCAL_DISCOUNT,1,0.8393070358679643,0.8531468531468531
2026,SG-01859,SYN-CAND-01859-02,BRANCH_TRANSFER,1,0.8693425338171032,0.8136200716845878
2026,SG-01859,SYN-CAND-01859-03,EXTERNAL_PARTNER,1,0.8493375140030629,0.7966903073286052
2026,SG-01859,SYN-CAND-01859-04,PROMOTIONAL_BONUS,1,0.8553929074774358,0.8256227758007118
2026,SG-01859,SYN-CAND-01859-05,INTERNAL_USE,1,0.8167203710141067,0.7357575757575757
2026,SG-01859,SYN-CAND-01859-06,DONATION,1,0.7949883034001146,0.6874251497005988
2026,SG-01867,SYN-CAND-01867-01,EXTERNAL_PARTNER,1,0.833299014417892,0.7966903073286052
2026,SG-01867,SYN-CAND-01867-02,INTERNAL_REPURPOSE,1,0.865726461048902,0.8252080856123662
2026,SG-01867,SYN-CAND-01867-03,DONATION,0,0.8215403905721511,0.6874251497005988
2026,SG-01874,SYN-CAND-01874-01,LOCAL_DISCOUNT,1,0.8838279445799695,0.8531468531468531
2026,SG-01874,SYN-CAND-01874-02,BRANCH_TRANSFER,1,0.8720733910619635,0.8136200716845878
2026,SG-01874,SYN-CAND-01874-03,DONATION,0,0.7701142753277613,0.6874251497005988
2026,SG-01874,SYN-CAND-01874-04,INTERNAL_USE,1,0.762723702209555,0.7357575757575757
2026,SG-01874,SYN-CAND-01874-05,INTERNAL_REPURPOSE,1,0.9432350948001758,0.8252080856123662
2026,SG-01874,SYN-CAND-01874-06,PROMOTIONAL_BONUS,1,0.8966168145363187,0.8256227758007118
2026,SG-01882,SYN-CAND-01882-01,INTERNAL_USE,0,0.6369476555496932,0.7357575757575757
2026,SG-01882,SYN-CAND-01882-02,INTERNAL_REPURPOSE,1,0.7586145817960812,0.8252080856123662
2026,SG-01882,SYN-CAND-01882-03,DONATION,0,0.7270899513661255,0.6874251497005988
2026,SG-01882,SYN-CAND-01882-04,BUNDLE,0,0.8172748134034497,0.8556701030927835
2026,SG-01888,SYN-CAND-01888-01,DONATION,1,0.6687069367484594,0.6874251497005988
2026,SG-01888,SYN-CAND-01888-02,INTERNAL_USE,1,0.6687688651018765,0.7357575757575757
2026,SG-01888,SYN-CAND-01888-03,EXTERNAL_PARTNER,1,0.8529281438252961,0.7966903073286052
2026,SG-01888,SYN-CAND-01888-04,BUNDLE,1,0.7777047773112394,0.8556701030927835
2026,SG-01888,SYN-CAND-01888-05,INTERNAL_REPURPOSE,1,0.7928100391150427,0.8252080856123662
2026,SG-01888,SYN-CAND-01888-06,WHOLESALE,1,0.8820648820202176,0.800942285041225
2026,SG-01888,SYN-CAND-01888-07,RETURN_TO_SUPPLIER,0,0.8233774722544289,0.8155111633372503
2026,SG-01890,SYN-CAND-01890-01,EXTERNAL_PARTNER,1,0.7716030217223664,0.7966903073286052
2026,SG-01890,SYN-CAND-01890-02,INTERNAL_USE,0,0.7167826114774236,0.7357575757575757
2026,SG-01890,SYN-CAND-01890-03,INTERNAL_REPURPOSE,0,0.8821658419985487,0.8252080856123662
2026,SG-01890,SYN-CAND-01890-04,RETURN_TO_SUPPLIER,1,0.7646736012793829,0.8155111633372503
2026,SG-01890,SYN-CAND-01890-05,PROMOTIONAL_BONUS,1,0.8425726055185577,0.8256227758007118
2026,SG-01890,SYN-CAND-01890-06,BUNDLE,1,0.860451590445219,0.8556701030927835
2026,SG-01890,SYN-CAND-01890-07,BRANCH_TRANSFER,1,0.8742510592414287,0.8136200716845878
2026,SG-01890,SYN-CAND-01890-08,LOCAL_DISCOUNT,0,0.6823483961728293,0.8531468531468531
2026,SG-01893,SYN-CAND-01893-01,BRANCH_TRANSFER,1,0.8969851999260865,0.8136200716845878
2026,SG-01893,SYN-CAND-01893-02,WHOLESALE,1,0.8662504392671824,0.800942285041225
2026,SG-01893,SYN-CAND-01893-03,INTERNAL_USE,1,0.757555333694718,0.7357575757575757
2026,SG-01894,SYN-CAND-01894-01,LOCAL_DISCOUNT,0,0.7272560894969717,0.8531468531468531
2026,SG-01894,SYN-CAND-01894-02,EXTERNAL_PARTNER,1,0.6822259479386145,0.7966903073286052
2026,SG-01894,SYN-CAND-01894-03,DONATION,1,0.7525581735666744,0.6874251497005988
2026,SG-01894,SYN-CAND-01894-04,INTERNAL_REPURPOSE,1,0.8045494773567677,0.8252080856123662
2026,SG-01915,SYN-CAND-01915-01,INTERNAL_USE,1,0.691146427511998,0.7357575757575757
2026,SG-01915,SYN-CAND-01915-02,DONATION,1,0.6876428903178136,0.6874251497005988
2026,SG-01915,SYN-CAND-01915-03,WHOLESALE,1,0.7861997080123063,0.800942285041225
2026,SG-01928,SYN-CAND-01928-01,RETURN_TO_SUPPLIER,1,0.828391800186592,0.8155111633372503
2026,SG-01928,SYN-CAND-01928-02,DONATION,1,0.7094398330489342,0.6874251497005988
2026,SG-01928,SYN-CAND-01928-03,INTERNAL_USE,1,0.7863323662905716,0.7357575757575757
2026,SG-01934,SYN-CAND-01934-01,INTERNAL_USE,1,0.8368812480357601,0.7357575757575757
2026,SG-01934,SYN-CAND-01934-02,DONATION,1,0.7709403526024358,0.6874251497005988
2026,SG-01934,SYN-CAND-01934-03,EXTERNAL_PARTNER,0,0.6729293445039467,0.7966903073286052
2026,SG-01936,SYN-CAND-01936-01,PROMOTIONAL_BONUS,0,0.7909056860771652,0.8256227758007118
2026,SG-01936,SYN-CAND-01936-02,BUNDLE,1,0.8757727637390539,0.8556701030927835
2026,SG-01936,SYN-CAND-01936-03,DONATION,1,0.6789897189311489,0.6874251497005988
2026,SG-01936,SYN-CAND-01936-04,INTERNAL_REPURPOSE,1,0.870826893187371,0.8252080856123662
2026,SG-01936,SYN-CAND-01936-05,INTERNAL_USE,1,0.7849082490693148,0.7357575757575757
2026,SG-01936,SYN-CAND-01936-06,BRANCH_TRANSFER,0,0.7790179166569652,0.8136200716845878
2026,SG-01936,SYN-CAND-01936-07,RETURN_TO_SUPPLIER,0,0.7491680169623769,0.8155111633372503
2026,SG-01936,SYN-CAND-01936-08,WHOLESALE,1,0.794435085865802,0.800942285041225
2026,SG-01939,SYN-CAND-01939-01,WHOLESALE,1,0.8676302724895848,0.800942285041225
2026,SG-01939,SYN-CAND-01939-02,BRANCH_TRANSFER,1,0.7704372893734764,0.8136200716845878
2026,SG-01939,SYN-CAND-01939-03,LOCAL_DISCOUNT,0,0.8839719359790718,0.8531468531468531
2026,SG-01939,SYN-CAND-01939-04,BUNDLE,1,0.8717532394693499,0.8556701030927835
2026,SG-01939,SYN-CAND-01939-05,INTERNAL_REPURPOSE,1,0.8943044953455311,0.8252080856123662
2026,SG-01939,SYN-CAND-01939-06,PROMOTIONAL_BONUS,1,0.7562350186923261,0.8256227758007118
2026,SG-01939,SYN-CAND-01939-07,DONATION,1,0.8303548244888972,0.6874251497005988
2026,SG-01945,SYN-CAND-01945-01,RETURN_TO_SUPPLIER,1,0.8771404595978545,0.8155111633372503
2026,SG-01945,SYN-CAND-01945-02,INTERNAL_REPURPOSE,1,0.8128923643322755,0.8252080856123662
2026,SG-01945,SYN-CAND-01945-03,BRANCH_TRANSFER,1,0.6459482472299177,0.8136200716845878
2026,SG-01945,SYN-CAND-01945-04,BUNDLE,0,0.8162306725611259,0.8556701030927835
2026,SG-01945,SYN-CAND-01945-05,LOCAL_DISCOUNT,1,0.8478198581060591,0.8531468531468531
2026,SG-01947,SYN-CAND-01947-01,EXTERNAL_PARTNER,1,0.7465760704620624,0.7966903073286052
2026,SG-01947,SYN-CAND-01947-02,DONATION,1,0.6516397810988891,0.6874251497005988
2026,SG-01947,SYN-CAND-01947-03,INTERNAL_USE,0,0.6675376802155454,0.7357575757575757
2026,SG-01947,SYN-CAND-01947-04,PROMOTIONAL_BONUS,1,0.766475393508266,0.8256227758007118
2026,SG-01960,SYN-CAND-01960-01,LOCAL_DISCOUNT,1,0.7494944609446085,0.8531468531468531
2026,SG-01960,SYN-CAND-01960-02,PROMOTIONAL_BONUS,0,0.8423422973719318,0.8256227758007118
2026,SG-01960,SYN-CAND-01960-03,RETURN_TO_SUPPLIER,1,0.8701932491503237,0.8155111633372503
2026,SG-01960,SYN-CAND-01960-04,WHOLESALE,1,0.803004024827376,0.800942285041225
2026,SG-01960,SYN-CAND-01960-05,BRANCH_TRANSFER,0,0.8570946154104397,0.8136200716845878
2026,SG-01966,SYN-CAND-01966-01,BUNDLE,1,0.668226023894769,0.8556701030927835
2026,SG-01966,SYN-CAND-01966-02,INTERNAL_USE,1,0.7103289758513617,0.7357575757575757
2026,SG-01967,SYN-CAND-01967-01,RETURN_TO_SUPPLIER,1,0.8151636178122437,0.8155111633372503
2026,SG-01967,SYN-CAND-01967-02,LOCAL_DISCOUNT,1,0.7334914649054517,0.8531468531468531
2026,SG-01967,SYN-CAND-01967-03,BRANCH_TRANSFER,1,0.8468836368665731,0.8136200716845878
2026,SG-01967,SYN-CAND-01967-04,PROMOTIONAL_BONUS,0,0.7638301020019556,0.8256227758007118
2026,SG-01973,SYN-CAND-01973-01,BRANCH_TRANSFER,1,0.8966159588062872,0.8136200716845878
2026,SG-01973,SYN-CAND-01973-02,DONATION,1,0.7047453613897418,0.6874251497005988
2026,SG-01976,SYN-CAND-01976-01,PROMOTIONAL_BONUS,1,0.8136953704745621,0.8256227758007118
2026,SG-01976,SYN-CAND-01976-02,EXTERNAL_PARTNER,1,0.8228650601717848,0.7966903073286052
2026,SG-01976,SYN-CAND-01976-03,INTERNAL_REPURPOSE,0,0.7960241920697572,0.8252080856123662
2026,SG-01976,SYN-CAND-01976-04,BRANCH_TRANSFER,0,0.7945389190011757,0.8136200716845878
2026,SG-01996,SYN-CAND-01996-01,LOCAL_DISCOUNT,1,0.8861277004790176,0.8531468531468531
2026,SG-01996,SYN-CAND-01996-02,BUNDLE,1,0.8301067944263252,0.8556701030927835
2026,SG-01996,SYN-CAND-01996-03,DONATION,1,0.6336202037755339,0.6874251497005988
2026,SG-01996,SYN-CAND-01996-04,INTERNAL_REPURPOSE,1,0.871372443564248,0.8252080856123662
2026,SG-01996,SYN-CAND-01996-05,PROMOTIONAL_BONUS,1,0.8234437532309778,0.8256227758007118
2026,SG-02007,SYN-CAND-02007-01,EXTERNAL_PARTNER,1,0.8851359003884579,0.7966903073286052
2026,SG-02007,SYN-CAND-02007-02,PROMOTIONAL_BONUS,1,0.8116978152850183,0.8256227758007118
2026,SG-02008,SYN-CAND-02008-01,INTERNAL_REPURPOSE,1,0.7055958897370304,0.8252080856123662
2026,SG-02008,SYN-CAND-02008-02,BUNDLE,0,0.8401595753281754,0.8556701030927835
2026,SG-02008,SYN-CAND-02008-03,DONATION,0,0.5843516535444663,0.6874251497005988
2026,SG-02008,SYN-CAND-02008-04,PROMOTIONAL_BONUS,1,0.792868013232186,0.8256227758007118
2026,SG-02008,SYN-CAND-02008-05,INTERNAL_USE,1,0.7570447477932878,0.7357575757575757
2026,SG-02008,SYN-CAND-02008-06,BRANCH_TRANSFER,1,0.8087353246894621,0.8136200716845878
2026,SG-02013,SYN-CAND-02013-01,RETURN_TO_SUPPLIER,1,0.8560131498733257,0.8155111633372503
2026,SG-02013,SYN-CAND-02013-02,INTERNAL_REPURPOSE,0,0.8858695349284554,0.8252080856123662
2026,SG-02013,SYN-CAND-02013-03,INTERNAL_USE,0,0.810510125133012,0.7357575757575757
2026,SG-02013,SYN-CAND-02013-04,EXTERNAL_PARTNER,1,0.8255688177696067,0.7966903073286052
2026,SG-02013,SYN-CAND-02013-05,LOCAL_DISCOUNT,1,0.9022422683012775,0.8531468531468531
2026,SG-02019,SYN-CAND-02019-01,PROMOTIONAL_BONUS,1,0.8316443408395472,0.8256227758007118
2026,SG-02019,SYN-CAND-02019-02,INTERNAL_REPURPOSE,1,0.7510401862818068,0.8252080856123662
2026,SG-02019,SYN-CAND-02019-03,BRANCH_TRANSFER,1,0.799829261386376,0.8136200716845878
2026,SG-02019,SYN-CAND-02019-04,EXTERNAL_PARTNER,1,0.8403771108639384,0.7966903073286052
2026,SG-02019,SYN-CAND-02019-05,WHOLESALE,1,0.875934665798338,0.800942285041225
2026,SG-02025,SYN-CAND-02025-01,DONATION,0,0.578072491691668,0.6874251497005988
2026,SG-02025,SYN-CAND-02025-02,BRANCH_TRANSFER,1,0.7710642965089829,0.8136200716845878
2026,SG-02025,SYN-CAND-02025-03,INTERNAL_REPURPOSE,1,0.8223083941563889,0.8252080856123662
2026,SG-02025,SYN-CAND-02025-04,WHOLESALE,1,0.8408658248243727,0.800942285041225
2026,SG-02025,SYN-CAND-02025-05,INTERNAL_USE,1,0.6208821011519565,0.7357575757575757
2026,SG-02032,SYN-CAND-02032-01,LOCAL_DISCOUNT,1,0.8896938799685059,0.8531468531468531
2026,SG-02032,SYN-CAND-02032-02,BRANCH_TRANSFER,1,0.7565130555870611,0.8136200716845878
2026,SG-02032,SYN-CAND-02032-03,INTERNAL_REPURPOSE,1,0.8789092896840676,0.8252080856123662
2026,SG-02032,SYN-CAND-02032-04,PROMOTIONAL_BONUS,1,0.8972441236509558,0.8256227758007118
2026,SG-02037,SYN-CAND-02037-01,EXTERNAL_PARTNER,0,0.7522324037717593,0.7966903073286052
2026,SG-02037,SYN-CAND-02037-02,DONATION,1,0.6744385939174611,0.6874251497005988
2026,SG-02037,SYN-CAND-02037-03,BRANCH_TRANSFER,0,0.7656398211055606,0.8136200716845878
2026,SG-02037,SYN-CAND-02037-04,PROMOTIONAL_BONUS,1,0.898198732892215,0.8256227758007118
2026,SG-02037,SYN-CAND-02037-05,BUNDLE,1,0.8397381280191888,0.8556701030927835
2026,SG-02037,SYN-CAND-02037-06,LOCAL_DISCOUNT,1,0.866917650134109,0.8531468531468531
2026,SG-02037,SYN-CAND-02037-07,RETURN_TO_SUPPLIER,1,0.8416345175268214,0.8155111633372503
2026,SG-02037,SYN-CAND-02037-08,INTERNAL_REPURPOSE,0,0.8029816119397035,0.8252080856123662
2026,SG-02038,SYN-CAND-02038-01,EXTERNAL_PARTNER,0,0.820351289786269,0.7966903073286052
2026,SG-02038,SYN-CAND-02038-02,WHOLESALE,1,0.8682882536042348,0.800942285041225
2026,SG-02038,SYN-CAND-02038-03,INTERNAL_REPURPOSE,1,0.8562498470125206,0.8252080856123662
2026,SG-02046,SYN-CAND-02046-01,BUNDLE,1,0.8387716518646816,0.8556701030927835
2026,SG-02046,SYN-CAND-02046-02,INTERNAL_REPURPOSE,1,0.6649657586244377,0.8252080856123662
2026,SG-02046,SYN-CAND-02046-03,DONATION,1,0.7375549367598456,0.6874251497005988
2026,SG-02046,SYN-CAND-02046-04,WHOLESALE,0,0.6844340325843876,0.800942285041225
2026,SG-02050,SYN-CAND-02050-01,LOCAL_DISCOUNT,1,0.8708787182512965,0.8531468531468531
2026,SG-02050,SYN-CAND-02050-02,BRANCH_TRANSFER,1,0.8450095189175748,0.8136200716845878
2026,SG-02050,SYN-CAND-02050-03,WHOLESALE,0,0.7625988481251474,0.800942285041225
2026,SG-02050,SYN-CAND-02050-04,INTERNAL_REPURPOSE,1,0.6663300141240591,0.8252080856123662
2026,SG-02056,SYN-CAND-02056-01,RETURN_TO_SUPPLIER,1,0.8465230830554232,0.8155111633372503
2026,SG-02056,SYN-CAND-02056-02,EXTERNAL_PARTNER,1,0.8639563541781861,0.7966903073286052
2026,SG-02056,SYN-CAND-02056-03,INTERNAL_REPURPOSE,1,0.9055438934562441,0.8252080856123662
2026,SG-02056,SYN-CAND-02056-04,DONATION,1,0.8341880083604615,0.6874251497005988
2026,SG-02056,SYN-CAND-02056-05,BUNDLE,1,0.8885388005753875,0.8556701030927835
2026,SG-02056,SYN-CAND-02056-06,INTERNAL_USE,1,0.7319023762454845,0.7357575757575757
2026,SG-02056,SYN-CAND-02056-07,PROMOTIONAL_BONUS,1,0.8564911609549886,0.8256227758007118
2026,SG-02056,SYN-CAND-02056-08,BRANCH_TRANSFER,1,0.8264865669512854,0.8136200716845878
2026,SG-02066,SYN-CAND-02066-01,INTERNAL_REPURPOSE,1,0.884898446024467,0.8252080856123662
2026,SG-02066,SYN-CAND-02066-02,LOCAL_DISCOUNT,1,0.8542020457517566,0.8531468531468531
2026,SG-02066,SYN-CAND-02066-03,RETURN_TO_SUPPLIER,1,0.7865003906120213,0.8155111633372503
2026,SG-02066,SYN-CAND-02066-04,BUNDLE,1,0.7892029189748058,0.8556701030927835
2026,SG-02066,SYN-CAND-02066-05,INTERNAL_USE,1,0.789418872989704,0.7357575757575757
2026,SG-02069,SYN-CAND-02069-01,DONATION,1,0.8036041945068455,0.6874251497005988
2026,SG-02069,SYN-CAND-02069-02,LOCAL_DISCOUNT,1,0.9198540036002589,0.8531468531468531
2026,SG-02069,SYN-CAND-02069-03,EXTERNAL_PARTNER,0,0.5976311587339568,0.7966903073286052
2026,SG-02069,SYN-CAND-02069-04,BUNDLE,1,0.8475769605506936,0.8556701030927835
2026,SG-02069,SYN-CAND-02069-05,INTERNAL_REPURPOSE,1,0.8609485052334078,0.8252080856123662
2026,SG-02069,SYN-CAND-02069-06,WHOLESALE,0,0.8668199292653506,0.800942285041225
2026,SG-02074,SYN-CAND-02074-01,LOCAL_DISCOUNT,1,0.8249228391574751,0.8531468531468531
2026,SG-02074,SYN-CAND-02074-02,PROMOTIONAL_BONUS,1,0.8645961660734016,0.8256227758007118
2026,SG-02075,SYN-CAND-02075-01,RETURN_TO_SUPPLIER,1,0.8627303843203328,0.8155111633372503
2026,SG-02075,SYN-CAND-02075-02,INTERNAL_USE,0,0.6113553071762243,0.7357575757575757
2026,SG-02075,SYN-CAND-02075-03,PROMOTIONAL_BONUS,1,0.901837134665411,0.8256227758007118
2026,SG-02075,SYN-CAND-02075-04,DONATION,1,0.7773280426123417,0.6874251497005988
2026,SG-02075,SYN-CAND-02075-05,BUNDLE,1,0.9236563078521084,0.8556701030927835
2026,SG-02094,SYN-CAND-02094-01,INTERNAL_USE,1,0.7964561135713906,0.7357575757575757
2026,SG-02094,SYN-CAND-02094-02,EXTERNAL_PARTNER,0,0.7880688824815953,0.7966903073286052
2026,SG-02094,SYN-CAND-02094-03,INTERNAL_REPURPOSE,1,0.5847767251931419,0.8252080856123662
2026,SG-02094,SYN-CAND-02094-04,RETURN_TO_SUPPLIER,1,0.8891468727081828,0.8155111633372503
2026,SG-02095,SYN-CAND-02095-01,PROMOTIONAL_BONUS,1,0.8993783510329612,0.8256227758007118
2026,SG-02095,SYN-CAND-02095-02,DONATION,1,0.8363150503689546,0.6874251497005988
2026,SG-02095,SYN-CAND-02095-03,EXTERNAL_PARTNER,1,0.8605168802330603,0.7966903073286052
2026,SG-02095,SYN-CAND-02095-04,INTERNAL_REPURPOSE,1,0.7913929747478101,0.8252080856123662
2026,SG-02095,SYN-CAND-02095-05,INTERNAL_USE,1,0.7967806031840806,0.7357575757575757
2026,SG-02113,SYN-CAND-02113-01,PROMOTIONAL_BONUS,1,0.7826775582369531,0.8256227758007118
2026,SG-02113,SYN-CAND-02113-02,LOCAL_DISCOUNT,1,0.9229819348222954,0.8531468531468531
2026,SG-02113,SYN-CAND-02113-03,EXTERNAL_PARTNER,1,0.8512019193677416,0.7966903073286052
2026,SG-02113,SYN-CAND-02113-04,INTERNAL_USE,1,0.7432226965665347,0.7357575757575757
2026,SG-02113,SYN-CAND-02113-05,RETURN_TO_SUPPLIER,0,0.7831990175855662,0.8155111633372503
2026,SG-02113,SYN-CAND-02113-06,WHOLESALE,1,0.8409640927199064,0.800942285041225
2026,SG-02113,SYN-CAND-02113-07,INTERNAL_REPURPOSE,1,0.8529362920071221,0.8252080856123662
2026,SG-02117,SYN-CAND-02117-01,INTERNAL_USE,1,0.8211925870082898,0.7357575757575757
2026,SG-02117,SYN-CAND-02117-02,DONATION,1,0.82367430283568,0.6874251497005988
2026,SG-02117,SYN-CAND-02117-03,WHOLESALE,1,0.8551633364603634,0.800942285041225
2026,SG-02117,SYN-CAND-02117-04,PROMOTIONAL_BONUS,1,0.7766351837256177,0.8256227758007118
2026,SG-02117,SYN-CAND-02117-05,LOCAL_DISCOUNT,1,0.7355239563536047,0.8531468531468531
2026,SG-02129,SYN-CAND-02129-01,LOCAL_DISCOUNT,1,0.9417084752836129,0.8531468531468531
2026,SG-02129,SYN-CAND-02129-02,INTERNAL_USE,1,0.7525348574296891,0.7357575757575757
2026,SG-02132,SYN-CAND-02132-01,BRANCH_TRANSFER,1,0.8080408362273562,0.8136200716845878
2026,SG-02132,SYN-CAND-02132-02,WHOLESALE,0,0.844391478681784,0.800942285041225
2026,SG-02132,SYN-CAND-02132-03,BUNDLE,1,0.828193283047754,0.8556701030927835
2026,SG-02132,SYN-CAND-02132-04,PROMOTIONAL_BONUS,1,0.809170350086167,0.8256227758007118
2026,SG-02132,SYN-CAND-02132-05,INTERNAL_USE,0,0.748943218740706,0.7357575757575757
2026,SG-02132,SYN-CAND-02132-06,LOCAL_DISCOUNT,0,0.8630898425579815,0.8531468531468531
2026,SG-02133,SYN-CAND-02133-01,EXTERNAL_PARTNER,0,0.8266737741212435,0.7966903073286052
2026,SG-02133,SYN-CAND-02133-02,DONATION,0,0.6472182348634418,0.6874251497005988
2026,SG-02133,SYN-CAND-02133-03,BUNDLE,1,0.9064925984294903,0.8556701030927835
2026,SG-02133,SYN-CAND-02133-04,LOCAL_DISCOUNT,1,0.8608068290300949,0.8531468531468531
2026,SG-02133,SYN-CAND-02133-05,INTERNAL_REPURPOSE,1,0.8823974801307788,0.8252080856123662
2026,SG-02133,SYN-CAND-02133-06,PROMOTIONAL_BONUS,1,0.8345528958935903,0.8256227758007118
2026,SG-02134,SYN-CAND-02134-01,BRANCH_TRANSFER,1,0.8791348338252646,0.8136200716845878
2026,SG-02134,SYN-CAND-02134-02,DONATION,0,0.8115484019657109,0.6874251497005988
2026,SG-02134,SYN-CAND-02134-03,PROMOTIONAL_BONUS,1,0.8514969911739706,0.8256227758007118
2026,SG-02134,SYN-CAND-02134-04,BUNDLE,1,0.9044477980019364,0.8556701030927835
2026,SG-02137,SYN-CAND-02137-01,INTERNAL_REPURPOSE,0,0.6571823518243284,0.8252080856123662
2026,SG-02137,SYN-CAND-02137-02,PROMOTIONAL_BONUS,1,0.7710944997517499,0.8256227758007118
2026,SG-02137,SYN-CAND-02137-03,INTERNAL_USE,0,0.658402798897141,0.7357575757575757
2026,SG-02140,SYN-CAND-02140-01,INTERNAL_USE,1,0.669525862105367,0.7357575757575757
2026,SG-02140,SYN-CAND-02140-02,DONATION,1,0.6475852399724897,0.6874251497005988
2026,SG-02146,SYN-CAND-02146-01,RETURN_TO_SUPPLIER,0,0.8609843382479535,0.8155111633372503
2026,SG-02146,SYN-CAND-02146-02,PROMOTIONAL_BONUS,1,0.874931203219676,0.8256227758007118
2026,SG-02148,SYN-CAND-02148-01,BRANCH_TRANSFER,1,0.7686770510191393,0.8136200716845878
2026,SG-02148,SYN-CAND-02148-02,PROMOTIONAL_BONUS,1,0.8327657841638376,0.8256227758007118
2026,SG-02148,SYN-CAND-02148-03,BUNDLE,1,0.9071628644149763,0.8556701030927835
2026,SG-02148,SYN-CAND-02148-04,RETURN_TO_SUPPLIER,1,0.8650408458037717,0.8155111633372503
2026,SG-02148,SYN-CAND-02148-05,DONATION,1,0.8280481579168029,0.6874251497005988
2026,SG-02148,SYN-CAND-02148-06,WHOLESALE,1,0.8233490742766459,0.800942285041225
2026,SG-02152,SYN-CAND-02152-01,INTERNAL_USE,0,0.7294109098321839,0.7357575757575757
2026,SG-02152,SYN-CAND-02152-02,BUNDLE,1,0.8762157024281152,0.8556701030927835
2026,SG-02152,SYN-CAND-02152-03,RETURN_TO_SUPPLIER,1,0.8253516573418247,0.8155111633372503
2026,SG-02162,SYN-CAND-02162-01,PROMOTIONAL_BONUS,1,0.821714032051357,0.8256227758007118
2026,SG-02162,SYN-CAND-02162-02,BRANCH_TRANSFER,1,0.7518042115581214,0.8136200716845878
2026,SG-02162,SYN-CAND-02162-03,RETURN_TO_SUPPLIER,0,0.8416180128295462,0.8155111633372503
2026,SG-02162,SYN-CAND-02162-04,INTERNAL_USE,0,0.7164656716900133,0.7357575757575757
2026,SG-02162,SYN-CAND-02162-05,EXTERNAL_PARTNER,1,0.8105738254812804,0.7966903073286052
2026,SG-02175,SYN-CAND-02175-01,WHOLESALE,1,0.7831609055920081,0.800942285041225
2026,SG-02175,SYN-CAND-02175-02,BRANCH_TRANSFER,1,0.8659997981192258,0.8136200716845878
2026,SG-02175,SYN-CAND-02175-03,DONATION,1,0.700463675871009,0.6874251497005988
2026,SG-02192,SYN-CAND-02192-01,EXTERNAL_PARTNER,0,0.8334440714269257,0.7966903073286052
2026,SG-02192,SYN-CAND-02192-02,BRANCH_TRANSFER,0,0.7438565955116018,0.8136200716845878
2026,SG-02197,SYN-CAND-02197-01,BUNDLE,1,0.92954401809113,0.8556701030927835
2026,SG-02197,SYN-CAND-02197-02,PROMOTIONAL_BONUS,1,0.8431894529328067,0.8256227758007118
2026,SG-02197,SYN-CAND-02197-03,EXTERNAL_PARTNER,0,0.5086024994907992,0.7966903073286052
2026,SG-02197,SYN-CAND-02197-04,INTERNAL_REPURPOSE,1,0.873057231053008,0.8252080856123662
2026,SG-02197,SYN-CAND-02197-05,DONATION,1,0.7247004762261773,0.6874251497005988
2026,SG-02197,SYN-CAND-02197-06,WHOLESALE,1,0.8695311112228978,0.800942285041225
2026,SG-02197,SYN-CAND-02197-07,LOCAL_DISCOUNT,1,0.8614218176480517,0.8531468531468531
2026,SG-02197,SYN-CAND-02197-08,INTERNAL_USE,0,0.7405941803056787,0.7357575757575757
2026,SG-02202,SYN-CAND-02202-01,WHOLESALE,1,0.7961999854883117,0.800942285041225
2026,SG-02202,SYN-CAND-02202-02,BRANCH_TRANSFER,0,0.8138225420867915,0.8136200716845878
2026,SG-02202,SYN-CAND-02202-03,RETURN_TO_SUPPLIER,1,0.6564140355689301,0.8155111633372503
2026,SG-02202,SYN-CAND-02202-04,EXTERNAL_PARTNER,1,0.8313129772573531,0.7966903073286052
2026,SG-02202,SYN-CAND-02202-05,PROMOTIONAL_BONUS,1,0.8647122423681356,0.8256227758007118
2026,SG-02202,SYN-CAND-02202-06,INTERNAL_REPURPOSE,1,0.6763487158224077,0.8252080856123662
2026,SG-02202,SYN-CAND-02202-07,INTERNAL_USE,1,0.7313406797116346,0.7357575757575757
2026,SG-02202,SYN-CAND-02202-08,BUNDLE,1,0.9181157621144521,0.8556701030927835
2026,SG-02204,SYN-CAND-02204-01,INTERNAL_REPURPOSE,0,0.8400853407387323,0.8252080856123662
2026,SG-02204,SYN-CAND-02204-02,PROMOTIONAL_BONUS,1,0.8745099249531569,0.8256227758007118
2026,SG-02204,SYN-CAND-02204-03,EXTERNAL_PARTNER,1,0.8373376768847933,0.7966903073286052
2026,SG-02204,SYN-CAND-02204-04,DONATION,1,0.849036177136923,0.6874251497005988
2026,SG-02204,SYN-CAND-02204-05,BRANCH_TRANSFER,1,0.8243072749784572,0.8136200716845878
2026,SG-02204,SYN-CAND-02204-06,RETURN_TO_SUPPLIER,1,0.8162948764153188,0.8155111633372503
2026,SG-02204,SYN-CAND-02204-07,WHOLESALE,1,0.8517756847630872,0.800942285041225
2026,SG-02212,SYN-CAND-02212-01,DONATION,1,0.8225236953367727,0.6874251497005988
2026,SG-02212,SYN-CAND-02212-02,PROMOTIONAL_BONUS,1,0.8601486020748752,0.8256227758007118
2026,SG-02212,SYN-CAND-02212-03,EXTERNAL_PARTNER,1,0.8600092868925303,0.7966903073286052
2026,SG-02212,SYN-CAND-02212-04,INTERNAL_USE,1,0.880679214427494,0.7357575757575757
2026,SG-02212,SYN-CAND-02212-05,RETURN_TO_SUPPLIER,1,0.8512918706609236,0.8155111633372503
2026,SG-02212,SYN-CAND-02212-06,INTERNAL_REPURPOSE,1,0.9334641985033646,0.8252080856123662
2026,SG-02229,SYN-CAND-02229-01,PROMOTIONAL_BONUS,1,0.7878332979186098,0.8256227758007118
2026,SG-02229,SYN-CAND-02229-02,BUNDLE,1,0.6955988037337295,0.8556701030927835
2026,SG-02229,SYN-CAND-02229-03,DONATION,1,0.6209621634488243,0.6874251497005988
2026,SG-02229,SYN-CAND-02229-04,EXTERNAL_PARTNER,1,0.7891471124541287,0.7966903073286052
2026,SG-02229,SYN-CAND-02229-05,LOCAL_DISCOUNT,1,0.6913298278881377,0.8531468531468531
2026,SG-02234,SYN-CAND-02234-01,PROMOTIONAL_BONUS,0,0.841116677658261,0.8256227758007118
2026,SG-02234,SYN-CAND-02234-02,LOCAL_DISCOUNT,1,0.6478930137140733,0.8531468531468531
2026,SG-02234,SYN-CAND-02234-03,WHOLESALE,1,0.9366269895443421,0.800942285041225
2026,SG-02234,SYN-CAND-02234-04,DONATION,1,0.7104915841638937,0.6874251497005988
2026,SG-02234,SYN-CAND-02234-05,BRANCH_TRANSFER,0,0.8605497116878733,0.8136200716845878
2026,SG-02234,SYN-CAND-02234-06,EXTERNAL_PARTNER,0,0.727822334971959,0.7966903073286052
2026,SG-02234,SYN-CAND-02234-07,INTERNAL_USE,1,0.7873178358768572,0.7357575757575757
2026,SG-02240,SYN-CAND-02240-01,EXTERNAL_PARTNER,1,0.8425485431674066,0.7966903073286052
2026,SG-02240,SYN-CAND-02240-02,LOCAL_DISCOUNT,1,0.8611793676907458,0.8531468531468531
2026,SG-02240,SYN-CAND-02240-03,DONATION,1,0.7836764479539108,0.6874251497005988
2026,SG-02240,SYN-CAND-02240-04,INTERNAL_USE,1,0.741465126356398,0.7357575757575757
2026,SG-02243,SYN-CAND-02243-01,DONATION,1,0.734812084952434,0.6874251497005988
2026,SG-02243,SYN-CAND-02243-02,EXTERNAL_PARTNER,0,0.7495588462887732,0.7966903073286052
2026,SG-02243,SYN-CAND-02243-03,RETURN_TO_SUPPLIER,1,0.8387209133417316,0.8155111633372503
2026,SG-02243,SYN-CAND-02243-04,LOCAL_DISCOUNT,1,0.8376066896546552,0.8531468531468531
2026,SG-02243,SYN-CAND-02243-05,WHOLESALE,1,0.8346269320427441,0.800942285041225
2026,SG-02244,SYN-CAND-02244-01,LOCAL_DISCOUNT,0,0.8902753782784331,0.8531468531468531
2026,SG-02244,SYN-CAND-02244-02,PROMOTIONAL_BONUS,1,0.873696572709453,0.8256227758007118
2026,SG-02256,SYN-CAND-02256-01,BUNDLE,1,0.6748108821831188,0.8556701030927835
2026,SG-02256,SYN-CAND-02256-02,INTERNAL_USE,1,0.6644216232345668,0.7357575757575757
2026,SG-02256,SYN-CAND-02256-03,PROMOTIONAL_BONUS,1,0.8192788857382043,0.8256227758007118
2026,SG-02256,SYN-CAND-02256-04,RETURN_TO_SUPPLIER,1,0.7584392282790409,0.8155111633372503
2026,SG-02256,SYN-CAND-02256-05,INTERNAL_REPURPOSE,1,0.8606329299273352,0.8252080856123662
2026,SG-02256,SYN-CAND-02256-06,BRANCH_TRANSFER,1,0.7691546775318717,0.8136200716845878
2026,SG-02256,SYN-CAND-02256-07,LOCAL_DISCOUNT,0,0.8363014233393669,0.8531468531468531
2026,SG-02256,SYN-CAND-02256-08,EXTERNAL_PARTNER,1,0.7938739006463131,0.7966903073286052
2026,SG-02271,SYN-CAND-02271-01,WHOLESALE,1,0.8356861227291962,0.800942285041225
2026,SG-02271,SYN-CAND-02271-02,LOCAL_DISCOUNT,1,0.8689465763412366,0.8531468531468531
2026,SG-02271,SYN-CAND-02271-03,RETURN_TO_SUPPLIER,1,0.7031406753016445,0.8155111633372503
2026,SG-02271,SYN-CAND-02271-04,INTERNAL_REPURPOSE,0,0.8464078913406358,0.8252080856123662
2026,SG-02271,SYN-CAND-02271-05,EXTERNAL_PARTNER,1,0.6490075436507058,0.7966903073286052
2026,SG-02271,SYN-CAND-02271-06,BRANCH_TRANSFER,1,0.7192813759600449,0.8136200716845878
2026,SG-02271,SYN-CAND-02271-07,PROMOTIONAL_BONUS,1,0.8560855600491686,0.8256227758007118
2026,SG-02276,SYN-CAND-02276-01,INTERNAL_REPURPOSE,1,0.859287378890892,0.8252080856123662
2026,SG-02276,SYN-CAND-02276-02,PROMOTIONAL_BONUS,1,0.8060622929004432,0.8256227758007118
2026,SG-02276,SYN-CAND-02276-03,WHOLESALE,1,0.8470981779538449,0.800942285041225
2026,SG-02276,SYN-CAND-02276-04,INTERNAL_USE,1,0.7317589335632141,0.7357575757575757
2026,SG-02276,SYN-CAND-02276-05,LOCAL_DISCOUNT,1,0.8270545394151652,0.8531468531468531
2026,SG-02276,SYN-CAND-02276-06,EXTERNAL_PARTNER,1,0.7223828829886614,0.7966903073286052
2026,SG-02276,SYN-CAND-02276-07,BUNDLE,1,0.8570397836472979,0.8556701030927835
2026,SG-02281,SYN-CAND-02281-01,EXTERNAL_PARTNER,1,0.8825370180294129,0.7966903073286052
2026,SG-02281,SYN-CAND-02281-02,BUNDLE,1,0.8497582191134131,0.8556701030927835
2026,SG-02281,SYN-CAND-02281-03,WHOLESALE,1,0.8215954716820495,0.800942285041225
2026,SG-02281,SYN-CAND-02281-04,BRANCH_TRANSFER,1,0.7093125607582905,0.8136200716845878
2026,SG-02281,SYN-CAND-02281-05,RETURN_TO_SUPPLIER,0,0.8387521021257393,0.8155111633372503
2026,SG-02281,SYN-CAND-02281-06,PROMOTIONAL_BONUS,1,0.8602150497874267,0.8256227758007118
2026,SG-02281,SYN-CAND-02281-07,DONATION,0,0.7695387084730231,0.6874251497005988
2026,SG-02281,SYN-CAND-02281-08,LOCAL_DISCOUNT,1,0.879739311909562,0.8531468531468531
2026,SG-02295,SYN-CAND-02295-01,LOCAL_DISCOUNT,1,0.7861174924687743,0.8531468531468531
2026,SG-02295,SYN-CAND-02295-02,WHOLESALE,1,0.7625387563986364,0.800942285041225
2026,SG-02295,SYN-CAND-02295-03,BUNDLE,1,0.8696475352906635,0.8556701030927835
2026,SG-02295,SYN-CAND-02295-04,INTERNAL_USE,1,0.6709157223381074,0.7357575757575757
2026,SG-02299,SYN-CAND-02299-01,WHOLESALE,1,0.709061647409054,0.800942285041225
2026,SG-02299,SYN-CAND-02299-02,BUNDLE,0,0.8480934425718347,0.8556701030927835
2026,SG-02299,SYN-CAND-02299-03,RETURN_TO_SUPPLIER,1,0.7497999903632269,0.8155111633372503
2026,SG-02299,SYN-CAND-02299-04,INTERNAL_REPURPOSE,1,0.7229736416893642,0.8252080856123662
2026,SG-02301,SYN-CAND-02301-01,INTERNAL_REPURPOSE,1,0.8604891384380252,0.8252080856123662
2026,SG-02301,SYN-CAND-02301-02,BRANCH_TRANSFER,1,0.8554664229691676,0.8136200716845878
2026,SG-02304,SYN-CAND-02304-01,BUNDLE,1,0.8990412104991199,0.8556701030927835
2026,SG-02304,SYN-CAND-02304-02,INTERNAL_REPURPOSE,1,0.7525387889930475,0.8252080856123662
2026,SG-02304,SYN-CAND-02304-03,BRANCH_TRANSFER,1,0.8468671698736419,0.8136200716845878
2026,SG-02304,SYN-CAND-02304-04,EXTERNAL_PARTNER,0,0.6797079726503982,0.7966903073286052
2026,SG-02316,SYN-CAND-02316-01,LOCAL_DISCOUNT,1,0.8476100774721161,0.8531468531468531
2026,SG-02316,SYN-CAND-02316-02,DONATION,1,0.7587908921397608,0.6874251497005988
2026,SG-02316,SYN-CAND-02316-03,RETURN_TO_SUPPLIER,1,0.9220350706230422,0.8155111633372503
2026,SG-02316,SYN-CAND-02316-04,WHOLESALE,0,0.8021959166420487,0.800942285041225
2026,SG-02316,SYN-CAND-02316-05,PROMOTIONAL_BONUS,1,0.700013107922272,0.8256227758007118
2026,SG-02316,SYN-CAND-02316-06,INTERNAL_USE,0,0.7653715954177923,0.7357575757575757
2026,SG-02316,SYN-CAND-02316-07,INTERNAL_REPURPOSE,1,0.8981628853684355,0.8252080856123662
2026,SG-02316,SYN-CAND-02316-08,BUNDLE,1,0.9027924112360602,0.8556701030927835
2026,SG-02322,SYN-CAND-02322-01,LOCAL_DISCOUNT,1,0.8166291664751196,0.8531468531468531
2026,SG-02322,SYN-CAND-02322-02,WHOLESALE,1,0.8150409623456242,0.800942285041225
2026,SG-02322,SYN-CAND-02322-03,INTERNAL_REPURPOSE,1,0.8876235362588928,0.8252080856123662
2026,SG-02322,SYN-CAND-02322-04,BUNDLE,1,0.7785727676656575,0.8556701030927835
2026,SG-02322,SYN-CAND-02322-05,EXTERNAL_PARTNER,1,0.740532584344523,0.7966903073286052
2026,SG-02322,SYN-CAND-02322-06,DONATION,1,0.7705697526443694,0.6874251497005988
2026,SG-02322,SYN-CAND-02322-07,BRANCH_TRANSFER,1,0.7401072413717263,0.8136200716845878
2026,SG-02322,SYN-CAND-02322-08,RETURN_TO_SUPPLIER,1,0.8351974449279249,0.8155111633372503
2026,SG-02329,SYN-CAND-02329-01,WHOLESALE,0,0.8113902549198628,0.800942285041225
2026,SG-02329,SYN-CAND-02329-02,BUNDLE,1,0.5831489326790472,0.8556701030927835
2026,SG-02329,SYN-CAND-02329-03,INTERNAL_REPURPOSE,1,0.8270135129593765,0.8252080856123662
2026,SG-02329,SYN-CAND-02329-04,EXTERNAL_PARTNER,1,0.8779348915623306,0.7966903073286052
2026,SG-02329,SYN-CAND-02329-05,BRANCH_TRANSFER,1,0.5795220367857568,0.8136200716845878
2026,SG-02329,SYN-CAND-02329-06,INTERNAL_USE,0,0.6150384809508213,0.7357575757575757
2026,SG-02329,SYN-CAND-02329-07,PROMOTIONAL_BONUS,0,0.7878132966741029,0.8256227758007118
2026,SG-02329,SYN-CAND-02329-08,LOCAL_DISCOUNT,1,0.8238967786384033,0.8531468531468531
2026,SG-02342,SYN-CAND-02342-01,BRANCH_TRANSFER,0,0.8942568309692515,0.8136200716845878
2026,SG-02342,SYN-CAND-02342-02,INTERNAL_USE,1,0.8195868861811278,0.7357575757575757
2026,SG-02343,SYN-CAND-02343-01,PROMOTIONAL_BONUS,0,0.6852316433412612,0.8256227758007118
2026,SG-02343,SYN-CAND-02343-02,BRANCH_TRANSFER,1,0.7399747978739146,0.8136200716845878
2026,SG-02343,SYN-CAND-02343-03,BUNDLE,1,0.8213435904117857,0.8556701030927835
2026,SG-02343,SYN-CAND-02343-04,LOCAL_DISCOUNT,1,0.8631946392395958,0.8531468531468531
2026,SG-02343,SYN-CAND-02343-05,WHOLESALE,1,0.8114903086867389,0.800942285041225
2026,SG-02347,SYN-CAND-02347-01,BUNDLE,1,0.8553786997048062,0.8556701030927835
2026,SG-02347,SYN-CAND-02347-02,EXTERNAL_PARTNER,1,0.8826640272764885,0.7966903073286052
2026,SG-02347,SYN-CAND-02347-03,LOCAL_DISCOUNT,0,0.897312512519006,0.8531468531468531
2026,SG-02347,SYN-CAND-02347-04,PROMOTIONAL_BONUS,1,0.8691500269931961,0.8256227758007118
2026,SG-02357,SYN-CAND-02357-01,INTERNAL_REPURPOSE,1,0.83772795586314,0.8252080856123662
2026,SG-02357,SYN-CAND-02357-02,WHOLESALE,1,0.8317224554364632,0.800942285041225
2026,SG-02357,SYN-CAND-02357-03,DONATION,1,0.7264937435918407,0.6874251497005988
2026,SG-02357,SYN-CAND-02357-04,RETURN_TO_SUPPLIER,1,0.8328772099829532,0.8155111633372503
2026,SG-02357,SYN-CAND-02357-05,BUNDLE,1,0.898482128100066,0.8556701030927835
2026,SG-02360,SYN-CAND-02360-01,DONATION,1,0.7665624885633557,0.6874251497005988
2026,SG-02360,SYN-CAND-02360-02,LOCAL_DISCOUNT,1,0.7484282267713451,0.8531468531468531
2026,SG-02360,SYN-CAND-02360-03,BUNDLE,1,0.8952809180887256,0.8556701030927835
2026,SG-02374,SYN-CAND-02374-01,LOCAL_DISCOUNT,1,0.7260935152710095,0.8531468531468531
2026,SG-02374,SYN-CAND-02374-02,WHOLESALE,0,0.7876298781862999,0.800942285041225
2026,SG-02374,SYN-CAND-02374-03,EXTERNAL_PARTNER,0,0.7256973818658939,0.7966903073286052
2026,SG-02374,SYN-CAND-02374-04,RETURN_TO_SUPPLIER,1,0.8647413201652175,0.8155111633372503
2026,SG-02374,SYN-CAND-02374-05,DONATION,0,0.7775827944410554,0.6874251497005988
2026,SG-02378,SYN-CAND-02378-01,PROMOTIONAL_BONUS,0,0.8257066568597133,0.8256227758007118
2026,SG-02378,SYN-CAND-02378-02,BUNDLE,1,0.7642556105049132,0.8556701030927835
2026,SG-02378,SYN-CAND-02378-03,WHOLESALE,1,0.8334113293757749,0.800942285041225
2026,SG-02378,SYN-CAND-02378-04,LOCAL_DISCOUNT,0,0.7830987580563961,0.8531468531468531
2026,SG-02382,SYN-CAND-02382-01,INTERNAL_REPURPOSE,1,0.8300272304406543,0.8252080856123662
2026,SG-02382,SYN-CAND-02382-02,PROMOTIONAL_BONUS,1,0.8202545619926118,0.8256227758007118
2026,SG-02391,SYN-CAND-02391-01,WHOLESALE,1,0.68531530847419,0.800942285041225
2026,SG-02391,SYN-CAND-02391-02,DONATION,1,0.6161357151977879,0.6874251497005988
2026,SG-02391,SYN-CAND-02391-03,BRANCH_TRANSFER,0,0.8291937728933756,0.8136200716845878
2026,SG-02391,SYN-CAND-02391-04,LOCAL_DISCOUNT,1,0.8690072338254636,0.8531468531468531
2026,SG-02391,SYN-CAND-02391-05,RETURN_TO_SUPPLIER,1,0.7975454040582468,0.8155111633372503
2026,SG-02394,SYN-CAND-02394-01,INTERNAL_REPURPOSE,1,0.7559317664303596,0.8252080856123662
2026,SG-02394,SYN-CAND-02394-02,PROMOTIONAL_BONUS,1,0.8263074907000398,0.8256227758007118
2026,SG-02394,SYN-CAND-02394-03,WHOLESALE,1,0.7276406016173277,0.800942285041225
2026,SG-02394,SYN-CAND-02394-04,BRANCH_TRANSFER,1,0.7767334678511278,0.8136200716845878
2026,SG-02394,SYN-CAND-02394-05,DONATION,0,0.6446278439784139,0.6874251497005988
2026,SG-02394,SYN-CAND-02394-06,RETURN_TO_SUPPLIER,1,0.8130005676632339,0.8155111633372503
2026,SG-02394,SYN-CAND-02394-07,BUNDLE,1,0.8204513511928069,0.8556701030927835
2026,SG-02394,SYN-CAND-02394-08,EXTERNAL_PARTNER,1,0.862580707534298,0.7966903073286052
